"model","year","warming"
"ACCESS-CM2",1940,0.173590686721351
"ACCESS-CM2",1941,0.166078560170126
"ACCESS-CM2",1942,0.158470338936923
"ACCESS-CM2",1943,0.150624361666176
"ACCESS-CM2",1944,0.142362862433377
"ACCESS-CM2",1945,0.133493061954283
"ACCESS-CM2",1946,0.123825748440683
"ACCESS-CM2",1947,0.11319153994477
"ACCESS-CM2",1948,0.101454950029486
"ACCESS-CM2",1949,0.0885262823462453
"ACCESS-CM2",1950,0.074371271554355
"ACCESS-CM2",1951,0.0590182848970329
"ACCESS-CM2",1952,0.0425628182507512
"ACCESS-CM2",1953,0.0251689787972552
"ACCESS-CM2",1954,0.00706765645612171
"ACCESS-CM2",1955,-0.0114488444177313
"ACCESS-CM2",1956,-0.0300358114422776
"ACCESS-CM2",1957,-0.0483086817889062
"ACCESS-CM2",1958,-0.0658588359639964
"ACCESS-CM2",1959,-0.0822720605455231
"ACCESS-CM2",1960,-0.0971488591778178
"ACCESS-CM2",1961,-0.110125562097216
"ACCESS-CM2",1962,-0.120895005582946
"ACCESS-CM2",1963,-0.129225447324427
"ACCESS-CM2",1964,-0.134976370229908
"ACCESS-CM2",1965,-0.138109917151937
"ACCESS-CM2",1966,-0.138696895297272
"ACCESS-CM2",1967,-0.136916585239032
"ACCESS-CM2",1968,-0.133049969538147
"ACCESS-CM2",1969,-0.127466435497479
"ACCESS-CM2",1970,-0.120604474077511
"ACCESS-CM2",1971,-0.112947356509279
"ACCESS-CM2",1972,-0.104995184011035
"ACCESS-CM2",1973,-0.0972350381497579
"ACCESS-CM2",1974,-0.0901111784231932
"ACCESS-CM2",1975,-0.0839973158770366
"ACCESS-CM2",1976,-0.079172923382787
"ACCESS-CM2",1977,-0.07580532264593
"ACCESS-CM2",1978,-0.0739389255401326
"ACCESS-CM2",1979,-0.0734925254740182
"ACCESS-CM2",1980,-0.0742649663784424
"ACCESS-CM2",1981,-0.0759489040973486
"ACCESS-CM2",1982,-0.0781517642615346
"ACCESS-CM2",1983,-0.0804224404885827
"ACCESS-CM2",1984,-0.0822818130081075
"ACCESS-CM2",1985,-0.0832548403837102
"ACCESS-CM2",1986,-0.0829018160486275
"ACCESS-CM2",1987,-0.0808464046048848
"ACCESS-CM2",1988,-0.0767982836947901
"ACCESS-CM2",1989,-0.0705686041911053
"ACCESS-CM2",1990,-0.0620770184354243
"ACCESS-CM2",1991,-0.0513496744664621
"ACCESS-CM2",1992,-0.0385082848146988
"ACCESS-CM2",1993,-0.0237510963842663
"ACCESS-CM2",1994,-0.00732725606767457
"ACCESS-CM2",1995,0.010493369539885
"ACCESS-CM2",1996,0.0294524502175495
"ACCESS-CM2",1997,0.0493348306790093
"ACCESS-CM2",1998,0.0699968460067986
"ACCESS-CM2",1999,0.0913888129685697
"ACCESS-CM2",2000,0.113569606592688
"ACCESS-CM2",2001,0.136711819665998
"ACCESS-CM2",2002,0.161096726376277
"ACCESS-CM2",2003,0.187099075800456
"ACCESS-CM2",2004,0.215162564358218
"ACCESS-CM2",2005,0.245767613883842
"ACCESS-CM2",2006,0.279393751036099
"ACCESS-CM2",2007,0.31647938903243
"ACCESS-CM2",2008,0.357382110580521
"ACCESS-CM2",2009,0.402342613214075
"ACCESS-CM2",2010,0.451455294733089
"ACCESS-CM2",2011,0.504648035804911
"ACCESS-CM2",2012,0.561673106305295
"ACCESS-CM2",2013,0.622110325709185
"ACCESS-CM2",2014,0.685382703340591
"ACCESS-CM2",2015,0.750783838311894
"ACCESS-CM2",2016,0.817515442354267
"ACCESS-CM2",2017,0.884732530861785
"ACCESS-CM2",2018,0.951593170840471
"ACCESS-CM2",2019,1.01730922965658
"ACCESS-CM2",2020,1.08119437003767
"ACCESS-CM2",2021,1.14270560017547
"ACCESS-CM2",2022,1.20147500788763
"ACCESS-CM2",2023,1.25732885885446
"ACCESS-CM2",2024,1.31029197604658
"ACCESS-CM2",2025,1.36057617942276
"ACCESS-CM2",2026,1.40855247837701
"ACCESS-CM2",2027,1.45470759337958
"ACCESS-CM2",2028,1.49958615464215
"ACCESS-CM2",2029,1.54372050406043
"ACCESS-CM2",2030,1.58755033897624
"ACCESS-ESM1-5",1940,-0.00932269802260607
"ACCESS-ESM1-5",1941,0.00931808730119732
"ACCESS-ESM1-5",1942,0.0276530582873483
"ACCESS-ESM1-5",1943,0.0452264540558728
"ACCESS-ESM1-5",1944,0.0614594187045656
"ACCESS-ESM1-5",1945,0.0757157111009732
"ACCESS-ESM1-5",1946,0.0873604423385663
"ACCESS-ESM1-5",1947,0.0958114814222523
"ACCESS-ESM1-5",1948,0.100583090269146
"ACCESS-ESM1-5",1949,0.101321293365054
"ACCESS-ESM1-5",1950,0.0978304669456785
"ACCESS-ESM1-5",1951,0.0900906620769274
"ACCESS-ESM1-5",1952,0.078265270419717
"ACCESS-ESM1-5",1953,0.0626988128111493
"ACCESS-ESM1-5",1954,0.043904885272658
"ACCESS-ESM1-5",1955,0.0225446326539608
"ACCESS-ESM1-5",1956,-0.000603474891277195
"ACCESS-ESM1-5",1957,-0.0246813349006451
"ACCESS-ESM1-5",1958,-0.0487946785937964
"ACCESS-ESM1-5",1959,-0.0720601669701744
"ACCESS-ESM1-5",1960,-0.0936535930989054
"ACCESS-ESM1-5",1961,-0.112856394637259
"ACCESS-ESM1-5",1962,-0.129097557417235
"ACCESS-ESM1-5",1963,-0.141988048429498
"ACCESS-ESM1-5",1964,-0.151345174556037
"ACCESS-ESM1-5",1965,-0.157204726666357
"ACCESS-ESM1-5",1966,-0.159819424781965
"ACCESS-ESM1-5",1967,-0.159642998839831
"ACCESS-ESM1-5",1968,-0.15730017440321
"ACCESS-ESM1-5",1969,-0.153543822698345
"ACCESS-ESM1-5",1970,-0.149201508850893
"ACCESS-ESM1-5",1971,-0.145114555682048
"ACCESS-ESM1-5",1972,-0.142073458718278
"ACCESS-ESM1-5",1973,-0.140753974584883
"ACCESS-ESM1-5",1974,-0.141658406760587
"ACCESS-ESM1-5",1975,-0.145066495758472
"ACCESS-ESM1-5",1976,-0.150999874060561
"ACCESS-ESM1-5",1977,-0.159203283654286
"ACCESS-ESM1-5",1978,-0.169144715389988
"ACCESS-ESM1-5",1979,-0.180035377922744
"ACCESS-ESM1-5",1980,-0.190869022954578
"ACCESS-ESM1-5",1981,-0.20047874037217
"ACCESS-ESM1-5",1982,-0.207607996426201
"ACCESS-ESM1-5",1983,-0.210991524340043
"ACCESS-ESM1-5",1984,-0.20944078472424
"ACCESS-ESM1-5",1985,-0.201928171151161
"ACCESS-ESM1-5",1986,-0.187663998824191
"ACCESS-ESM1-5",1987,-0.166160607255707
"ACCESS-ESM1-5",1988,-0.137278625153088
"ACCESS-ESM1-5",1989,-0.101251548657582
"ACCESS-ESM1-5",1990,-0.0586862033953532
"ACCESS-ESM1-5",1991,-0.0105383009233897
"ACCESS-ESM1-5",1992,0.0419359541588851
"ACCESS-ESM1-5",1993,0.0972495255131389
"ACCESS-ESM1-5",1994,0.153771218773358
"ACCESS-ESM1-5",1995,0.209823806716815
"ACCESS-ESM1-5",1996,0.263787113333279
"ACCESS-ESM1-5",1997,0.314199083368238
"ACCESS-ESM1-5",1998,0.359847878942811
"ACCESS-ESM1-5",1999,0.399848564463351
"ACCESS-ESM1-5",2000,0.433698936065488
"ACCESS-ESM1-5",2001,0.461310456774754
"ACCESS-ESM1-5",2002,0.483011975891386
"ACCESS-ESM1-5",2003,0.499525818210574
"ACCESS-ESM1-5",2004,0.511917786839625
"ACCESS-ESM1-5",2005,0.52152448807339
"ACCESS-ESM1-5",2006,0.529863018733399
"ACCESS-ESM1-5",2007,0.538529332153265
"ACCESS-ESM1-5",2008,0.549092420698678
"ACCESS-ESM1-5",2009,0.562991755696369
"ACCESS-ESM1-5",2010,0.581445183789342
"ACCESS-ESM1-5",2011,0.605373706769387
"ACCESS-ESM1-5",2012,0.635348324656125
"ACCESS-ESM1-5",2013,0.67156249012739
"ACCESS-ESM1-5",2014,0.713831826690953
"ACCESS-ESM1-5",2015,0.761620743862654
"ACCESS-ESM1-5",2016,0.814093590306327
"ACCESS-ESM1-5",2017,0.870186168646897
"ACCESS-ESM1-5",2018,0.928691928271252
"ACCESS-ESM1-5",2019,0.988356065648832
"ACCESS-ESM1-5",2020,1.04797017350762
"ACCESS-ESM1-5",2021,1.10646002942624
"ACCESS-ESM1-5",2022,1.1629595973286
"ACCESS-ESM1-5",2023,1.21686528546543
"ACCESS-ESM1-5",2024,1.26786587531461
"ACCESS-ESM1-5",2025,1.31594518690283
"ACCESS-ESM1-5",2026,1.36135633089601
"ACCESS-ESM1-5",2027,1.40456815387034
"ACCESS-ESM1-5",2028,1.44618604240389
"ACCESS-ESM1-5",2029,1.48685045084711
"ACCESS-ESM1-5",2030,1.52711720772096
"BCC-CSM2-MR",1940,0.186909863987351
"BCC-CSM2-MR",1941,0.185204097562441
"BCC-CSM2-MR",1942,0.18347228937317
"BCC-CSM2-MR",1943,0.181676006601256
"BCC-CSM2-MR",1944,0.179767059199622
"BCC-CSM2-MR",1945,0.177693450445276
"BCC-CSM2-MR",1946,0.17540483855298
"BCC-CSM2-MR",1947,0.1728575683078
"BCC-CSM2-MR",1948,0.170019284956613
"BCC-CSM2-MR",1949,0.166873082453022
"BCC-CSM2-MR",1950,0.163421073310834
"BCC-CSM2-MR",1951,0.159687207626385
"BCC-CSM2-MR",1952,0.155719124199453
"BCC-CSM2-MR",1953,0.151588796017093
"BCC-CSM2-MR",1954,0.147391742484415
"BCC-CSM2-MR",1955,0.14324462553351
"BCC-CSM2-MR",1956,0.13928112634764
"BCC-CSM2-MR",1957,0.135646110230142
"BCC-CSM2-MR",1958,0.132488221646611
"BCC-CSM2-MR",1959,0.129951198872005
"BCC-CSM2-MR",1960,0.128164344704044
"BCC-CSM2-MR",1961,0.12723272174925
"BCC-CSM2-MR",1962,0.127227743239111
"BCC-CSM2-MR",1963,0.128178889998854
"BCC-CSM2-MR",1964,0.130067290654795
"BCC-CSM2-MR",1965,0.132821848967075
"BCC-CSM2-MR",1966,0.136318487684113
"BCC-CSM2-MR",1967,0.140382906218834
"BCC-CSM2-MR",1968,0.144797028774221
"BCC-CSM2-MR",1969,0.149309064219806
"BCC-CSM2-MR",1970,0.153646826951052
"BCC-CSM2-MR",1971,0.157533699742821
"BCC-CSM2-MR",1972,0.160706376909848
"BCC-CSM2-MR",1973,0.162933329892956
"BCC-CSM2-MR",1974,0.164032806192862
"BCC-CSM2-MR",1975,0.163889120711614
"BCC-CSM2-MR",1976,0.16246603482735
"BCC-CSM2-MR",1977,0.159816145183667
"BCC-CSM2-MR",1978,0.15608541647017
"BCC-CSM2-MR",1979,0.151512278721271
"BCC-CSM2-MR",1980,0.146421051896105
"BCC-CSM2-MR",1981,0.141209835655628
"BCC-CSM2-MR",1982,0.136333383796506
"BCC-CSM2-MR",1983,0.132281842724075
"BCC-CSM2-MR",1984,0.129556544305499
"BCC-CSM2-MR",1985,0.128644280928379
"BCC-CSM2-MR",1986,0.129991634917148
"BCC-CSM2-MR",1987,0.133980972440261
"BCC-CSM2-MR",1988,0.140909638169001
"BCC-CSM2-MR",1989,0.150973704009463
"BCC-CSM2-MR",1990,0.164257344268224
"BCC-CSM2-MR",1991,0.180728549250008
"BCC-CSM2-MR",1992,0.200241474426172
"BCC-CSM2-MR",1993,0.22254528233372
"BCC-CSM2-MR",1994,0.247298900930309
"BCC-CSM2-MR",1995,0.274090726792957
"BCC-CSM2-MR",1996,0.302461973324355
"BCC-CSM2-MR",1997,0.331932127251346
"BCC-CSM2-MR",1998,0.362024848706945
"BCC-CSM2-MR",1999,0.392292640535622
"BCC-CSM2-MR",2000,0.422338721743656
"BCC-CSM2-MR",2001,0.451834759872105
"BCC-CSM2-MR",2002,0.480533430796862
"BCC-CSM2-MR",2003,0.508275158279696
"BCC-CSM2-MR",2004,0.534988810476262
"BCC-CSM2-MR",2005,0.560686564512864
"BCC-CSM2-MR",2006,0.585453560607132
"BCC-CSM2-MR",2007,0.609433323462463
"BCC-CSM2-MR",2008,0.632810204614158
"BCC-CSM2-MR",2009,0.655790275241059
"BCC-CSM2-MR",2010,0.678582162782173
"BCC-CSM2-MR",2011,0.701379273410146
"BCC-CSM2-MR",2012,0.7243446818903
"BCC-CSM2-MR",2013,0.747599714927505
"BCC-CSM2-MR",2014,0.771216925359293
"BCC-CSM2-MR",2015,0.795217779558282
"BCC-CSM2-MR",2016,0.819574989498996
"BCC-CSM2-MR",2017,0.844219045275169
"BCC-CSM2-MR",2018,0.869048172870038
"BCC-CSM2-MR",2019,0.893940681053223
"BCC-CSM2-MR",2020,0.918768489657584
"BCC-CSM2-MR",2021,0.943410560772802
"BCC-CSM2-MR",2022,0.96776498758599
"BCC-CSM2-MR",2023,0.991758626873804
"BCC-CSM2-MR",2024,1.01535337628358
"BCC-CSM2-MR",2025,1.03854847500587
"BCC-CSM2-MR",2026,1.0613785190316
"BCC-CSM2-MR",2027,1.08390719903122
"BCC-CSM2-MR",2028,1.10621705766211
"BCC-CSM2-MR",2029,1.12839579221569
"BCC-CSM2-MR",2030,1.15051976906737
"CAMS-CSM1-0",1940,0.38286892476899
"CAMS-CSM1-0",1941,0.362742333831516
"CAMS-CSM1-0",1942,0.342801169284749
"CAMS-CSM1-0",1943,0.323320828868183
"CAMS-CSM1-0",1944,0.30464810397196
"CAMS-CSM1-0",1945,0.287158291955208
"CAMS-CSM1-0",1946,0.271216895519368
"CAMS-CSM1-0",1947,0.257147177295203
"CAMS-CSM1-0",1948,0.24520467882419
"CAMS-CSM1-0",1949,0.235559509520003
"CAMS-CSM1-0",1950,0.228286802262187
"CAMS-CSM1-0",1951,0.223365261591876
"CAMS-CSM1-0",1952,0.220683243392386
"CAMS-CSM1-0",1953,0.220051345640863
"CAMS-CSM1-0",1954,0.221220098389735
"CAMS-CSM1-0",1955,0.223901050793712
"CAMS-CSM1-0",1956,0.22778938780887
"CAMS-CSM1-0",1957,0.232586182470583
"CAMS-CSM1-0",1958,0.238018503174166
"CAMS-CSM1-0",1959,0.243855839449647
"CAMS-CSM1-0",1960,0.249921664177539
"CAMS-CSM1-0",1961,0.256099386183359
"CAMS-CSM1-0",1962,0.262332429579341
"CAMS-CSM1-0",1963,0.26861866666696
"CAMS-CSM1-0",1964,0.274999891059471
"CAMS-CSM1-0",1965,0.281547411241084
"CAMS-CSM1-0",1966,0.288345142127602
"CAMS-CSM1-0",1967,0.295471751515765
"CAMS-CSM1-0",1968,0.302983467546828
"CAMS-CSM1-0",1969,0.310899071005133
"CAMS-CSM1-0",1970,0.319188391534561
"CAMS-CSM1-0",1971,0.327765318476012
"CAMS-CSM1-0",1972,0.336485951815097
"CAMS-CSM1-0",1973,0.345152089211135
"CAMS-CSM1-0",1974,0.353519806778844
"CAMS-CSM1-0",1975,0.361312479793954
"CAMS-CSM1-0",1976,0.368237237535185
"CAMS-CSM1-0",1977,0.374003581341014
"CAMS-CSM1-0",1978,0.378342736341651
"CAMS-CSM1-0",1979,0.381026265849635
"CAMS-CSM1-0",1980,0.381882553910855
"CAMS-CSM1-0",1981,0.380809947228787
"CAMS-CSM1-0",1982,0.37778562502932
"CAMS-CSM1-0",1983,0.372869609757054
"CAMS-CSM1-0",1984,0.366203713170674
"CAMS-CSM1-0",1985,0.358005599437308
"CAMS-CSM1-0",1986,0.348558507546401
"CAMS-CSM1-0",1987,0.338197481073164
"CAMS-CSM1-0",1988,0.327293180628608
"CAMS-CSM1-0",1989,0.316234487006592
"CAMS-CSM1-0",1990,0.305411133220247
"CAMS-CSM1-0",1991,0.295197532308707
"CAMS-CSM1-0",1992,0.285938804564509
"CAMS-CSM1-0",1993,0.277939769826871
"CAMS-CSM1-0",1994,0.271457380785551
"CAMS-CSM1-0",1995,0.266696758739762
"CAMS-CSM1-0",1996,0.263810682259939
"CAMS-CSM1-0",1997,0.262902098924362
"CAMS-CSM1-0",1998,0.264029004523324
"CAMS-CSM1-0",1999,0.267210881151963
"CAMS-CSM1-0",2000,0.272435816782747
"CAMS-CSM1-0",2001,0.27966744769493
"CAMS-CSM1-0",2002,0.288850966978131
"CAMS-CSM1-0",2003,0.299917615152095
"CAMS-CSM1-0",2004,0.312787294368901
"CAMS-CSM1-0",2005,0.327369202720548
"CAMS-CSM1-0",2006,0.34356064444098
"CAMS-CSM1-0",2007,0.36124440971508
"CAMS-CSM1-0",2008,0.380285311025416
"CAMS-CSM1-0",2009,0.40052659241982
"CAMS-CSM1-0",2010,0.421786980723181
"CAMS-CSM1-0",2011,0.44385911768744
"CAMS-CSM1-0",2012,0.466510001227122
"CAMS-CSM1-0",2013,0.489483881623908
"CAMS-CSM1-0",2014,0.512507821006193
"CAMS-CSM1-0",2015,0.535299852887492
"CAMS-CSM1-0",2016,0.557579397798454
"CAMS-CSM1-0",2017,0.579079326917368
"CAMS-CSM1-0",2018,0.599558842736936
"CAMS-CSM1-0",2019,0.61881618539822
"CAMS-CSM1-0",2020,0.636700091176301
"CAMS-CSM1-0",2021,0.653118934616863
"CAMS-CSM1-0",2022,0.668046579088902
"CAMS-CSM1-0",2023,0.681524135060065
"CAMS-CSM1-0",2024,0.693657066602669
"CAMS-CSM1-0",2025,0.704607373308846
"CAMS-CSM1-0",2026,0.71458088075868
"CAMS-CSM1-0",2027,0.723809968769292
"CAMS-CSM1-0",2028,0.732532322846023
"CAMS-CSM1-0",2029,0.740966481863725
"CAMS-CSM1-0",2030,0.749285048546734
"CanESM5-CanOE",1940,0.211484107418107
"CanESM5-CanOE",1941,0.198653939039606
"CanESM5-CanOE",1942,0.185893443145942
"CanESM5-CanOE",1943,0.173292863715435
"CanESM5-CanOE",1944,0.160939311522048
"CanESM5-CanOE",1945,0.148883472743789
"CanESM5-CanOE",1946,0.137111245345101
"CanESM5-CanOE",1947,0.12552399021597
"CanESM5-CanOE",1948,0.113930416045537
"CanESM5-CanOE",1949,0.102051996949167
"CanESM5-CanOE",1950,0.0895423991549137
"CanESM5-CanOE",1951,0.0760198357023882
"CanESM5-CanOE",1952,0.0611097504485238
"CanESM5-CanOE",1953,0.0444939211348813
"CanESM5-CanOE",1954,0.0259611102761335
"CanESM5-CanOE",1955,0.0054538920150187
"CanESM5-CanOE",1956,-0.0168936917248473
"CanESM5-CanOE",1957,-0.0407324265358804
"CanESM5-CanOE",1958,-0.0654918835802844
"CanESM5-CanOE",1959,-0.090394265146593
"CanESM5-CanOE",1960,-0.114488586941934
"CanESM5-CanOE",1961,-0.13670374058009
"CanESM5-CanOE",1962,-0.155917118760064
"CanESM5-CanOE",1963,-0.171033845117571
"CanESM5-CanOE",1964,-0.181070390812853
"CanESM5-CanOE",1965,-0.185235610304601
"CanESM5-CanOE",1966,-0.183002076302133
"CanESM5-CanOE",1967,-0.174161073787732
"CanESM5-CanOE",1968,-0.158855704473486
"CanESM5-CanOE",1969,-0.137588179921674
"CanESM5-CanOE",1970,-0.111199417754417
"CanESM5-CanOE",1971,-0.0808213350064042
"CanESM5-CanOE",1972,-0.0478045637409756
"CanESM5-CanOE",1973,-0.0136264947756671
"CanESM5-CanOE",1974,0.0202136083383977
"CanESM5-CanOE",1975,0.0523043603241102
"CanESM5-CanOE",1976,0.0814281256001858
"CanESM5-CanOE",1977,0.106654305405672
"CanESM5-CanOE",1978,0.127412112272399
"CanESM5-CanOE",1979,0.143536370344265
"CanESM5-CanOE",1980,0.15528193117759
"CanESM5-CanOE",1981,0.163304771469851
"CanESM5-CanOE",1982,0.168610543129222
"CanESM5-CanOE",1983,0.172474054881738
"CanESM5-CanOE",1984,0.176335650511692
"CanESM5-CanOE",1985,0.181682497990498
"CanESM5-CanOE",1986,0.189924234550957
"CanESM5-CanOE",1987,0.202273091792375
"CanESM5-CanOE",1988,0.219638479103338
"CanESM5-CanOE",1989,0.24254502763967
"CanESM5-CanOE",1990,0.271081354681512
"CanESM5-CanOE",1991,0.304884428493255
"CanESM5-CanOE",1992,0.343161581427911
"CanESM5-CanOE",1993,0.384749159614461
"CanESM5-CanOE",1994,0.428203759734671
"CanESM5-CanOE",1995,0.471919238337793
"CanESM5-CanOE",1996,0.514260419841979
"CanESM5-CanOE",1997,0.553702870976404
"CanESM5-CanOE",1998,0.58896739249336
"CanESM5-CanOE",1999,0.619138077062671
"CanESM5-CanOE",2000,0.64375389480483
"CanESM5-CanOE",2001,0.662865719280052
"CanESM5-CanOE",2002,0.677053351359208
"CanESM5-CanOE",2003,0.68740023178201
"CanESM5-CanOE",2004,0.695426907970041
"CanESM5-CanOE",2005,0.70298766622674
"CanESM5-CanOE",2006,0.712137784897225
"CanESM5-CanOE",2007,0.724981356299244
"CanESM5-CanOE",2008,0.74351135576143
"CanESM5-CanOE",2009,0.769454454490623
"CanESM5-CanOE",2010,0.804132900756118
"CanESM5-CanOE",2011,0.848354631579767
"CanESM5-CanOE",2012,0.902340705047069
"CanESM5-CanOE",2013,0.965696315720508
"CanESM5-CanOE",2014,1.03742828869285
"CanESM5-CanOE",2015,1.11600830279197
"CanESM5-CanOE",2016,1.19947745567929
"CanESM5-CanOE",2017,1.28558443950868
"CanESM5-CanOE",2018,1.37194680966203
"CanESM5-CanOE",2019,1.45622282114598
"CanESM5-CanOE",2020,1.53628023549759
"CanESM5-CanOE",2021,1.61034844758151
"CanESM5-CanOE",2022,1.67714124497832
"CanESM5-CanOE",2023,1.73593940651714
"CanESM5-CanOE",2024,1.78662500524871
"CanESM5-CanOE",2025,1.8296624711237
"CanESM5-CanOE",2026,1.86602490452132
"CanESM5-CanOE",2027,1.89706749649565
"CanESM5-CanOE",2028,1.92435287790991
"CanESM5-CanOE",2029,1.9494354712702
"CanESM5-CanOE",2030,1.97361316957552
"CanESM5",1940,0.226066593023798
"CanESM5",1941,0.198845008788508
"CanESM5",1942,0.172163609194934
"CanESM5",1943,0.146793865686872
"CanESM5",1944,0.123655413443379
"CanESM5",1945,0.103668214790821
"CanESM5",1946,0.0876259284945801
"CanESM5",1947,0.0760949558871808
"CanESM5",1948,0.069342890957235
"CanESM5",1949,0.0672987986273497
"CanESM5",1950,0.0695460461564609
"CanESM5",1951,0.0753464948002299
"CanESM5",1952,0.0836929056834375
"CanESM5",1953,0.0933846023894476
"CanESM5",1954,0.103119922630263
"CanESM5",1955,0.111597913916476
"CanESM5",1956,0.117621177743854
"CanESM5",1957,0.120191794470214
"CanESM5",1958,0.118592871331447
"CanESM5",1959,0.112449407327343
"CanESM5",1960,0.101763776949876
"CanESM5",1961,0.0869230803486661
"CanESM5",1962,0.0686777449598403
"CanESM5",1963,0.0480929327557743
"CanESM5",1964,0.026476345928528
"CanESM5",1965,0.00528778027669597
"CanESM5",1966,-0.0139628798211123
"CanESM5",1967,-0.0298216959543435
"CanESM5",1968,-0.0409929440557503
"CanESM5",1969,-0.0464301375737148
"CanESM5",1970,-0.0454091976544608
"CanESM5",1971,-0.0375785179386645
"CanESM5",1972,-0.0229824049191389
"CanESM5",1973,-0.00205635259910793
"CanESM5",1974,0.0244053179035275
"CanESM5",1975,0.0553069126847769
"CanESM5",1976,0.0893295720187593
"CanESM5",1977,0.125024429776507
"CanESM5",1978,0.160913910971266
"CanESM5",1979,0.195593852181723
"CanESM5",1980,0.227829170833723
"CanESM5",1981,0.256636380558939
"CanESM5",1982,0.281347299561809
"CanESM5",1983,0.301649740847557
"CanESM5",1984,0.317602693518065
"CanESM5",1985,0.32962537102696
"CanESM5",1986,0.338461375254696
"CanESM5",1987,0.345120967286997
"CanESM5",1988,0.350805922720125
"CanESM5",1989,0.356822579160041
"CanESM5",1990,0.36448938353192
"CanESM5",1991,0.375045477953261
"CanESM5",1992,0.389566622143783
"CanESM5",1993,0.40889406948959
"CanESM5",1994,0.433580956210225
"CanESM5",1995,0.463859417459583
"CanESM5",1996,0.499630117498078
"CanESM5",1997,0.540474289477983
"CanESM5",1998,0.585686840254772
"CanESM5",1999,0.63432769476885
"CanESM5",2000,0.685287424394564
"CanESM5",2001,0.737362393187497
"CanESM5",2002,0.789334207477921
"CanESM5",2003,0.840048181509878
"CanESM5",2004,0.888485820432403
"CanESM5",2005,0.933826932004322
"CanESM5",2006,0.975497848910121
"CanESM5",2007,1.01320329846803
"CanESM5",2008,1.04694061119939
"CanESM5",2009,1.07699612830675
"CanESM5",2010,1.10392477000192
"CanESM5",2011,1.12851469246144
"CanESM5",2012,1.15173973734672
"CanESM5",2013,1.17470292940284
"CanESM5",2014,1.19857458963836
"CanESM5",2015,1.22452870832755
"CanESM5",2016,1.25368108509942
"CanESM5",2017,1.28703242796987
"CanESM5",2018,1.32541915402893
"CanESM5",2019,1.36947410093827
"CanESM5",2020,1.41959878964145
"CanESM5",2021,1.47594831958205
"CanESM5",2022,1.53842946535117
"CanESM5",2023,1.60671210512564
"CanESM5",2024,1.68025376263142
"CanESM5",2025,1.7583367912042
"CanESM5",2026,1.84011756730985
"CanESM5",2027,1.92468698159863
"CanESM5",2028,2.01114150478257
"CanESM5",2029,2.09866414990695
"CanESM5",2030,2.18661474165526
"CESM2-WACCM",1940,-0.00934427128235284
"CESM2-WACCM",1941,-0.00895837933577741
"CESM2-WACCM",1942,-0.00864373555968545
"CESM2-WACCM",1943,-0.00850903230788584
"CESM2-WACCM",1944,-0.00869629128262483
"CESM2-WACCM",1945,-0.00936698433255977
"CESM2-WACCM",1946,-0.0106890047601606
"CESM2-WACCM",1947,-0.0128245944280061
"CESM2-WACCM",1948,-0.0159193690000654
"CESM2-WACCM",1949,-0.0200926185899429
"CESM2-WACCM",1950,-0.0254290891984001
"CESM2-WACCM",1951,-0.0319724663840512
"CESM2-WACCM",1952,-0.0397207815591215
"CESM2-WACCM",1953,-0.0486239389343949
"CESM2-WACCM",1954,-0.0585835147796788
"CESM2-WACCM",1955,-0.0694549097162809
"CESM2-WACCM",1956,-0.0810518410442252
"CESM2-WACCM",1957,-0.0931530500127415
"CESM2-WACCM",1958,-0.105510975268052
"CESM2-WACCM",1959,-0.117862017277584
"CESM2-WACCM",1960,-0.129937899537433
"CESM2-WACCM",1961,-0.141477531583932
"CESM2-WACCM",1962,-0.152238706632092
"CESM2-WACCM",1963,-0.162008932074217
"CESM2-WACCM",1964,-0.170614700826904
"CESM2-WACCM",1965,-0.177928569281319
"CESM2-WACCM",1966,-0.183873513428291
"CESM2-WACCM",1967,-0.188424184729009
"CESM2-WACCM",1968,-0.191604873756222
"CESM2-WACCM",1969,-0.193484201335022
"CESM2-WACCM",1970,-0.194166779885187
"CESM2-WACCM",1971,-0.193782306125161
"CESM2-WACCM",1972,-0.192472743831983
"CESM2-WACCM",1973,-0.190378416215544
"CESM2-WACCM",1974,-0.187623937869898
"CESM2-WACCM",1975,-0.184304965571646
"CESM2-WACCM",1976,-0.180476728908432
"CESM2-WACCM",1977,-0.176145214179641
"CESM2-WACCM",1978,-0.171261721726886
"CESM2-WACCM",1979,-0.16572130643744
"CESM2-WACCM",1980,-0.159365356860041
"CESM2-WACCM",1981,-0.151988287186283
"CESM2-WACCM",1982,-0.1433480278718
"CESM2-WACCM",1983,-0.133179725647321
"CESM2-WACCM",1984,-0.121211822452299
"CESM2-WACCM",1985,-0.107183493803972
"CESM2-WACCM",1986,-0.0908623052717521
"CESM2-WACCM",1987,-0.0720609014100176
"CESM2-WACCM",1988,-0.0506515795457344
"CESM2-WACCM",1989,-0.026577720064316
"CESM2-WACCM",1990,0.000138761880155887
"CESM2-WACCM",1991,0.0293945237218749
"CESM2-WACCM",1992,0.0610067439420691
"CESM2-WACCM",1993,0.0947198721948169
"CESM2-WACCM",1994,0.130216819949848
"CESM2-WACCM",1995,0.167133931518165
"CESM2-WACCM",1996,0.205078820534144
"CESM2-WACCM",1997,0.243649964688808
"CESM2-WACCM",1998,0.282456835532323
"CESM2-WACCM",1999,0.321139308695199
"CESM2-WACCM",2000,0.359385154912999
"CESM2-WACCM",2001,0.396944549414698
"CESM2-WACCM",2002,0.433640746164718
"CESM2-WACCM",2003,0.469376328528856
"CESM2-WACCM",2004,0.504134749544531
"CESM2-WACCM",2005,0.537977190989988
"CESM2-WACCM",2006,0.571035077930123
"CESM2-WACCM",2007,0.603498862376493
"CESM2-WACCM",2008,0.635603916752436
"CESM2-WACCM",2009,0.667614539679155
"CESM2-WACCM",2010,0.699807163055868
"CESM2-WACCM",2011,0.732453856246927
"CESM2-WACCM",2012,0.765807152287363
"CESM2-WACCM",2013,0.800087080128987
"CESM2-WACCM",2014,0.835471088993215
"CESM2-WACCM",2015,0.872087312850844
"CESM2-WACCM",2016,0.91001136452602
"CESM2-WACCM",2017,0.949266590558476
"CESM2-WACCM",2018,0.989827479741693
"CESM2-WACCM",2019,1.03162571792485
"CESM2-WACCM",2020,1.07455823331771
"CESM2-WACCM",2021,1.1184964895363
"CESM2-WACCM",2022,1.16329626191983
"CESM2-WACCM",2023,1.20880717451971
"CESM2-WACCM",2024,1.25488137343764
"CESM2-WACCM",2025,1.30138085488292
"CESM2-WACCM",2026,1.34818313762276
"CESM2-WACCM",2027,1.39518515105132
"CESM2-WACCM",2028,1.44230538239617
"CESM2-WACCM",2029,1.48948447036886
"CESM2-WACCM",2030,1.53668453014456
"CESM2",1940,0.0478189842607393
"CESM2",1941,0.0333906631968129
"CESM2",1942,0.0190669141835073
"CESM2",1943,0.00499724407524935
"CESM2",1944,-0.00864045929343155
"CESM2",1945,-0.0216695672144916
"CESM2",1946,-0.0339405030749687
"CESM2",1947,-0.0453515053253681
"CESM2",1948,-0.0558633520032611
"CESM2",1949,-0.0655073532566341
"CESM2",1950,-0.0743863331571435
"CESM2",1951,-0.0826687918378125
"CESM2",1952,-0.0905769168642265
"CESM2",1953,-0.0983695534668035
"CESM2",1954,-0.106321606257446
"CESM2",1955,-0.114701597443528
"CESM2",1956,-0.123749225551357
"CESM2",1957,-0.13365474323419
"CESM2",1958,-0.144541804272935
"CESM2",1959,-0.156455131952516
"CESM2",1960,-0.169353958082724
"CESM2",1961,-0.183111707246562
"CESM2",1962,-0.197521893511677
"CESM2",1963,-0.21230969851264
"CESM2",1964,-0.22714825124026
"CESM2",1965,-0.241678267438174
"CESM2",1966,-0.255529459198705
"CESM2",1967,-0.268342012382481
"CESM2",1968,-0.2797864587336
"CESM2",1969,-0.289580436961994
"CESM2",1970,-0.297501127027575
"CESM2",1971,-0.303392528647773
"CESM2",1972,-0.307167204999752
"CESM2",1973,-0.308802587001026
"CESM2",1974,-0.308332391985988
"CESM2",1975,-0.305834114295717
"CESM2",1976,-0.301413860466362
"CESM2",1977,-0.295190002332279
"CESM2",1978,-0.287277191405854
"CESM2",1979,-0.277772212575638
"CESM2",1980,-0.266742961313015
"CESM2",1981,-0.254221524006162
"CESM2",1982,-0.24020195296546
"CESM2",1983,-0.224642890323631
"CESM2",1984,-0.207474746826542
"CESM2",1985,-0.188610721503129
"CESM2",1986,-0.167960592973848
"CESM2",1987,-0.145445953570594
"CESM2",1988,-0.121015416033517
"CESM2",1989,-0.0946583116128714
"CESM2",1990,-0.0664155189446999
"CESM2",1991,-0.036386304738529
"CESM2",1992,-0.00473039930490704
"CESM2",1993,0.0283350572172487
"CESM2",1994,0.0625436140160703
"CESM2",1995,0.0975921256481861
"CESM2",1996,0.133156953842546
"CESM2",1997,0.168912498216955
"CESM2",1998,0.204550578660465
"CESM2",1999,0.239799096533886
"CESM2",2000,0.274438439866912
"CESM2",2001,0.308314266808366
"CESM2",2002,0.341345587936004
"CESM2",2003,0.373527447826882
"CESM2",2004,0.404927947667768
"CESM2",2005,0.435679816452264
"CESM2",2006,0.465967189093993
"CESM2",2007,0.496008647375984
"CESM2",2008,0.526037890262374
"CESM2",2009,0.556283597216796
"CESM2",2010,0.586950114849534
"CESM2",2011,0.61820052749877
"CESM2",2012,0.650143471802462
"CESM2",2013,0.682824740553007
"CESM2",2014,0.716224318415814
"CESM2",2015,0.750259035132099
"CESM2",2016,0.784790548880999
"CESM2",2017,0.81963792312541
"CESM2",2018,0.854593672029434
"CESM2",2019,0.889441854660002
"CESM2",2020,0.923976620870562
"CESM2",2021,0.958019566046453
"CESM2",2022,0.991434340370578
"CESM2",2023,1.02413717177556
"CESM2",2024,1.05610227997376
"CESM2",2025,1.08736155197099
"CESM2",2026,1.11799827999725
"CESM2",2027,1.14813518901755
"CESM2",2028,1.17791735964876
"CESM2",2029,1.20749094172263
"CESM2",2030,1.23697871651588
"CIESM",1940,0.240572306452166
"CIESM",1941,0.254248695214772
"CIESM",1942,0.26783818316739
"CIESM",1943,0.281202173037842
"CIESM",1944,0.294152253194828
"CIESM",1945,0.306467322392735
"CIESM",1946,0.317912026561715
"CIESM",1947,0.328255168449852
"CIESM",1948,0.337286800721545
"CIESM",1949,0.344832881383354
"CIESM",1950,0.350766631156234
"CIESM",1951,0.355016053942148
"CIESM",1952,0.357567429061326
"CIESM",1953,0.35846492261369
"CIESM",1954,0.357806763271209
"CIESM",1955,0.35573865892189
"CIESM",1956,0.352445276730828
"CIESM",1957,0.348140661657946
"CIESM",1958,0.343058428548838
"CIESM",1959,0.337442441398705
"CIESM",1960,0.331538509264433
"CIESM",1961,0.325587406580433
"CIESM",1962,0.319819294628785
"CIESM",1963,0.314449409183359
"CIESM",1964,0.309674712634579
"CIESM",1965,0.305671107354182
"CIESM",1966,0.302590783016432
"CIESM",1967,0.300559327153497
"CIESM",1968,0.299672358767257
"CIESM",1969,0.299991633524332
"CIESM",1970,0.301540792397197
"CIESM",1971,0.304301154684433
"CIESM",1972,0.308208159857637
"CIESM",1973,0.313149210283649
"CIESM",1974,0.318963732502393
"CIESM",1975,0.325446239711311
"CIESM",1976,0.332353033555789
"CIESM",1977,0.339412931802279
"CIESM",1978,0.346342064464091
"CIESM",1979,0.352862370245302
"CIESM",1980,0.358722983059162
"CIESM",1981,0.363723266844018
"CIESM",1982,0.367735880970213
"CIESM",1983,0.370727982132773
"CIESM",1984,0.372778530281225
"CIESM",1985,0.374089694912874
"CIESM",1986,0.374990570114243
"CIESM",1987,0.375931802879546
"CIESM",1988,0.377470303682055
"CIESM",1989,0.380243908846109
"CIESM",1990,0.384936654056449
"CIESM",1991,0.392236138769267
"CIESM",1992,0.402785246370532
"CIESM",1993,0.417131166425685
"CIESM",1994,0.435675178436245
"CIESM",1995,0.458626945394568
"CIESM",1996,0.485967088641428
"CIESM",1997,0.517421550244283
"CIESM",1998,0.552450694122579
"CIESM",1999,0.590255274265526
"CIESM",2000,0.629800352026835
"CIESM",2001,0.669857039362999
"CIESM",2002,0.709060662017313
"CIESM",2003,0.74598266782034
"CIESM",2004,0.779212446399529
"CIESM",2005,0.807444270483884
"CIESM",2006,0.829563898056694
"CIESM",2007,0.844729054046318
"CIESM",2008,0.852438082308405
"CIESM",2009,0.852581538499284
"CIESM",2010,0.845472367884451
"CIESM",2011,0.831851535591226
"CIESM",2012,0.812867479510406
"CIESM",2013,0.790029444315669
"CIESM",2014,0.765136518569532
"CIESM",2015,0.740185916285562
"CIESM",2016,0.717265599851492
"CIESM",2017,0.698437621551158
"CIESM",2018,0.685619471629805
"CIESM",2019,0.680471191901151
"CIESM",2020,0.684296005546064
"CIESM",2021,0.697961720390383
"CIESM",2022,0.721849214596294
"CIESM",2023,0.755832975056381
"CIESM",2024,0.799297025841615
"CIESM",2025,0.851187778623791
"CIESM",2026,0.910103499457214
"CIESM",2027,0.97441836732376
"CIESM",2028,1.04243765162705
"CIESM",2029,1.11257950375076
"CIESM",2030,1.18357837322358
"CMCC-CM2-SR5",1940,0.166965221175163
"CMCC-CM2-SR5",1941,0.161771923543427
"CMCC-CM2-SR5",1942,0.157028506593097
"CMCC-CM2-SR5",1943,0.153370679712328
"CMCC-CM2-SR5",1944,0.15154401626333
"CMCC-CM2-SR5",1945,0.152275287393343
"CMCC-CM2-SR5",1946,0.156163385475688
"CMCC-CM2-SR5",1947,0.163594052823797
"CMCC-CM2-SR5",1948,0.17468185528414
"CMCC-CM2-SR5",1949,0.189241523067128
"CMCC-CM2-SR5",1950,0.206789088413595
"CMCC-CM2-SR5",1951,0.226571362596567
"CMCC-CM2-SR5",1952,0.247620399240965
"CMCC-CM2-SR5",1953,0.268827865620912
"CMCC-CM2-SR5",1954,0.289032847557077
"CMCC-CM2-SR5",1955,0.307115675171094
"CMCC-CM2-SR5",1956,0.322089964592651
"CMCC-CM2-SR5",1957,0.333185267166912
"CMCC-CM2-SR5",1958,0.339913496268608
"CMCC-CM2-SR5",1959,0.342113608006834
"CMCC-CM2-SR5",1960,0.339970748095339
"CMCC-CM2-SR5",1961,0.334008109870279
"CMCC-CM2-SR5",1962,0.32505192024987
"CMCC-CM2-SR5",1963,0.314172111906042
"CMCC-CM2-SR5",1964,0.302603183365194
"CMCC-CM2-SR5",1965,0.291651341625054
"CMCC-CM2-SR5",1966,0.282595138930078
"CMCC-CM2-SR5",1967,0.276587368602652
"CMCC-CM2-SR5",1968,0.274565930514558
"CMCC-CM2-SR5",1969,0.277180718773755
"CMCC-CM2-SR5",1970,0.284742373639832
"CMCC-CM2-SR5",1971,0.297197070865378
"CMCC-CM2-SR5",1972,0.314129524523684
"CMCC-CM2-SR5",1973,0.334794209184764
"CMCC-CM2-SR5",1974,0.358172632366476
"CMCC-CM2-SR5",1975,0.383052476675934
"CMCC-CM2-SR5",1976,0.408122737823292
"CMCC-CM2-SR5",1977,0.432077739275879
"CMCC-CM2-SR5",1978,0.45372220101301
"CMCC-CM2-SR5",1979,0.472069430586364
"CMCC-CM2-SR5",1980,0.486425195376945
"CMCC-CM2-SR5",1981,0.496450885335875
"CMCC-CM2-SR5",1982,0.502201102790198
"CMCC-CM2-SR5",1983,0.504132701532823
"CMCC-CM2-SR5",1984,0.503084396649563
"CMCC-CM2-SR5",1985,0.50022821990503
"CMCC-CM2-SR5",1986,0.496996141310015
"CMCC-CM2-SR5",1987,0.49498696425456
"CMCC-CM2-SR5",1988,0.495859999557507
"CMCC-CM2-SR5",1989,0.501222934523187
"CMCC-CM2-SR5",1990,0.512521676505726
"CMCC-CM2-SR5",1991,0.530939748677799
"CMCC-CM2-SR5",1992,0.557314073552674
"CMCC-CM2-SR5",1993,0.592072762131578
"CMCC-CM2-SR5",1994,0.635198932250692
"CMCC-CM2-SR5",1995,0.686222733413934
"CMCC-CM2-SR5",1996,0.744241797300678
"CMCC-CM2-SR5",1997,0.807968407846061
"CMCC-CM2-SR5",1998,0.875799930189545
"CMCC-CM2-SR5",1999,0.94590757471229
"CMCC-CM2-SR5",2000,1.01633749595221
"CMCC-CM2-SR5",2001,1.08511759941242
"CMCC-CM2-SR5",2002,1.150363279423
"CMCC-CM2-SR5",2003,1.21037562907344
"CMCC-CM2-SR5",2004,1.26372640532657
"CMCC-CM2-SR5",2005,1.30932512582334
"CMCC-CM2-SR5",2006,1.34646502317591
"CMCC-CM2-SR5",2007,1.37484607828807
"CMCC-CM2-SR5",2008,1.39457488220158
"CMCC-CM2-SR5",2009,1.40614252629842
"CMCC-CM2-SR5",2010,1.41038299632257
"CMCC-CM2-SR5",2011,1.4084155692761
"CMCC-CM2-SR5",2012,1.40157543112405
"CMCC-CM2-SR5",2013,1.39133712208476
"CMCC-CM2-SR5",2014,1.37923547732305
"CMCC-CM2-SR5",2015,1.36678849179937
"CMCC-CM2-SR5",2016,1.35542604786194
"CMCC-CM2-SR5",2017,1.3464277674791
"CMCC-CM2-SR5",2018,1.34087246121923
"CMCC-CM2-SR5",2019,1.33960081838487
"CMCC-CM2-SR5",2020,1.3431921872932
"CMCC-CM2-SR5",2021,1.35195559091523
"CMCC-CM2-SR5",2022,1.36593455502467
"CMCC-CM2-SR5",2023,1.38492491981674
"CMCC-CM2-SR5",2024,1.40850456914
"CMCC-CM2-SR5",2025,1.43607393410249
"CMCC-CM2-SR5",2026,1.46690618538854
"CMCC-CM2-SR5",2027,1.50020618640433
"CMCC-CM2-SR5",2028,1.53517749741311
"CMCC-CM2-SR5",2029,1.57109695932772
"CMCC-CM2-SR5",2030,1.60739661011128
"CMCC-ESM2",1940,0.244600899282089
"CMCC-ESM2",1941,0.245165318825602
"CMCC-ESM2",1942,0.246150268927655
"CMCC-ESM2",1943,0.24812513575269
"CMCC-ESM2",1944,0.251713051848961
"CMCC-ESM2",1945,0.25745129928752
"CMCC-ESM2",1946,0.265677162819425
"CMCC-ESM2",1947,0.276444693806615
"CMCC-ESM2",1948,0.289476658786295
"CMCC-ESM2",1949,0.304154019851802
"CMCC-ESM2",1950,0.319542868893853
"CMCC-ESM2",1951,0.334456077488952
"CMCC-ESM2",1952,0.347544298006583
"CMCC-ESM2",1953,0.357408616238359
"CMCC-ESM2",1954,0.362725337941897
"CMCC-ESM2",1955,0.362372270480505
"CMCC-ESM2",1956,0.355545555100753
"CMCC-ESM2",1957,0.341856664760858
"CMCC-ESM2",1958,0.321400583161779
"CMCC-ESM2",1959,0.29478832804083
"CMCC-ESM2",1960,0.26313971777319
"CMCC-ESM2",1961,0.228035396113067
"CMCC-ESM2",1962,0.191430382819267
"CMCC-ESM2",1963,0.155534550923047
"CMCC-ESM2",1964,0.122668193876245
"CMCC-ESM2",1965,0.0951030137965347
"CMCC-ESM2",1966,0.074900256412914
"CMCC-ESM2",1967,0.0637582195194674
"CMCC-ESM2",1968,0.0628809196150725
"CMCC-ESM2",1969,0.0728783395977048
"CMCC-ESM2",1970,0.0937064948779483
"CMCC-ESM2",1971,0.124652707128473
"CMCC-ESM2",1972,0.164368177785039
"CMCC-ESM2",1973,0.210946457068147
"CMCC-ESM2",1974,0.262042974965047
"CMCC-ESM2",1975,0.315027700342203
"CMCC-ESM2",1976,0.367160460562227
"CMCC-ESM2",1977,0.415776680999139
"CMCC-ESM2",1978,0.458470427937484
"CMCC-ESM2",1979,0.49326172726338
"CMCC-ESM2",1980,0.518736179349184
"CMCC-ESM2",1981,0.534146819071297
"CMCC-ESM2",1982,0.539470834093211
"CMCC-ESM2",1983,0.535416954673196
"CMCC-ESM2",1984,0.523382825453624
"CMCC-ESM2",1985,0.505365204539353
"CMCC-ESM2",1986,0.483829147689323
"CMCC-ESM2",1987,0.461545184883278
"CMCC-ESM2",1988,0.441405679450955
"CMCC-ESM2",1989,0.426232925187353
"CMCC-ESM2",1990,0.41859199619294
"CMCC-ESM2",1991,0.420620897940613
"CMCC-ESM2",1992,0.433889225520998
"CMCC-ESM2",1993,0.459294429213585
"CMCC-ESM2",1994,0.497002085478788
"CMCC-ESM2",1995,0.54643348029952
"CMCC-ESM2",1996,0.606300562174475
"CMCC-ESM2",1997,0.674685150140514
"CMCC-ESM2",1998,0.749156411665583
"CMCC-ESM2",1999,0.826918250801163
"CMCC-ESM2",2000,0.904976520514097
"CMCC-ESM2",2001,0.980314993686364
"CMCC-ESM2",2002,1.05006883545559
"CMCC-ESM2",2003,1.11168489659971
"CMCC-ESM2",2004,1.16305941921566
"CMCC-ESM2",2005,1.20264559011444
"CMCC-ESM2",2006,1.22952563613041
"CMCC-ESM2",2007,1.24344464857168
"CMCC-ESM2",2008,1.24480586362082
"CMCC-ESM2",2009,1.23462953147716
"CMCC-ESM2",2010,1.21447962037849
"CMCC-ESM2",2011,1.18636429565985
"CMCC-ESM2",2012,1.15261730235199
"CMCC-ESM2",2013,1.11576802078678
"CMCC-ESM2",2014,1.0784080615537
"CMCC-ESM2",2015,1.04306186383808
"CMCC-ESM2",2016,1.01206793946918
"CMCC-ESM2",2017,0.987476269370135
"CMCC-ESM2",2018,0.970966029765505
"CMCC-ESM2",2019,0.963786426037961
"CMCC-ESM2",2020,0.966722058482216
"CMCC-ESM2",2021,0.980083035193893
"CMCC-ESM2",2022,1.00371905739999
"CMCC-ESM2",2023,1.03705597733368
"CMCC-ESM2",2024,1.07915288382158
"CMCC-ESM2",2025,1.12877759329456
"CMCC-ESM2",2026,1.18449847734145
"CMCC-ESM2",2027,1.24479078846238
"CMCC-ESM2",2028,1.30815599054064
"CMCC-ESM2",2029,1.37325299634484
"CMCC-ESM2",2030,1.43904060505384
"CNRM-CM6-1",1940,0.0144323749509114
"CNRM-CM6-1",1941,0.0104530022303542
"CNRM-CM6-1",1942,0.00643848270670363
"CNRM-CM6-1",1943,0.00234312515867654
"CNRM-CM6-1",1944,-0.00187925218301925
"CNRM-CM6-1",1945,-0.00626162436318491
"CNRM-CM6-1",1946,-0.0108124957281775
"CNRM-CM6-1",1947,-0.0155077046484624
"CNRM-CM6-1",1948,-0.0202858059846936
"CNRM-CM6-1",1949,-0.0250473316101849
"CNRM-CM6-1",1950,-0.029657964500339
"CNRM-CM6-1",1951,-0.0339553698258573
"CNRM-CM6-1",1952,-0.0377591366519743
"CNRM-CM6-1",1953,-0.040883024500754
"CNRM-CM6-1",1954,-0.0431485051700114
"CNRM-CM6-1",1955,-0.04439846173433
"CNRM-CM6-1",1956,-0.0445098669368569
"CNRM-CM6-1",1957,-0.0434043180142653
"CNRM-CM6-1",1958,-0.0410554522015909
"CNRM-CM6-1",1959,-0.0374924967746978
"CNRM-CM6-1",1960,-0.0327995025678625
"CNRM-CM6-1",1961,-0.0271101479022076
"CNRM-CM6-1",1962,-0.020598354425487
"CNRM-CM6-1",1963,-0.0134652994584202
"CNRM-CM6-1",1964,-0.0059237136012046
"CNRM-CM6-1",1965,0.00181940710845264
"CNRM-CM6-1",1966,0.0095803881837659
"CNRM-CM6-1",1967,0.0172154165522133
"CNRM-CM6-1",1968,0.0246347301051737
"CNRM-CM6-1",1969,0.0318132978767909
"CNRM-CM6-1",1970,0.0387970670780187
"CNRM-CM6-1",1971,0.0457041626042101
"CNRM-CM6-1",1972,0.0527207852621187
"CNRM-CM6-1",1973,0.0600919398905056
"CNRM-CM6-1",1974,0.0681075048731073
"CNRM-CM6-1",1975,0.0770845016284665
"CNRM-CM6-1",1976,0.0873467103562811
"CNRM-CM6-1",1977,0.0992029849659948
"CNRM-CM6-1",1978,0.112925730197673
"CNRM-CM6-1",1979,0.128731009263762
"CNRM-CM6-1",1980,0.14676165058673
"CNRM-CM6-1",1981,0.16707452494335
"CNRM-CM6-1",1982,0.189632884342531
"CNRM-CM6-1",1983,0.214304312088461
"CNRM-CM6-1",1984,0.240864454934072
"CNRM-CM6-1",1985,0.269006320657735
"CNRM-CM6-1",1986,0.298354555744788
"CNRM-CM6-1",1987,0.328483794253377
"CNRM-CM6-1",1988,0.358939912757308
"CNRM-CM6-1",1989,0.389262854470722
"CNRM-CM6-1",1990,0.419009608696241
"CNRM-CM6-1",1991,0.447775952822575
"CNRM-CM6-1",1992,0.475215679173314
"CNRM-CM6-1",1993,0.501056227229464
"CNRM-CM6-1",1994,0.525109906480182
"CNRM-CM6-1",1995,0.547280205401523
"CNRM-CM6-1",1996,0.567563014185641
"CNRM-CM6-1",1997,0.586042918448085
"CNRM-CM6-1",1998,0.602885024957787
"CNRM-CM6-1",1999,0.618323038050944
"CNRM-CM6-1",2000,0.632644500706185
"CNRM-CM6-1",2001,0.6461742365487
"CNRM-CM6-1",2002,0.659257073565589
"CNRM-CM6-1",2003,0.672240898382718
"CNRM-CM6-1",2004,0.685460988598362
"CNRM-CM6-1",2005,0.699226411784916
"CNRM-CM6-1",2006,0.713809078939382
"CNRM-CM6-1",2007,0.729435815228831
"CNRM-CM6-1",2008,0.746283580394289
"CNRM-CM6-1",2009,0.764477752879308
"CNRM-CM6-1",2010,0.78409320115896
"CNRM-CM6-1",2011,0.805157715028885
"CNRM-CM6-1",2012,0.827657266788881
"CNRM-CM6-1",2013,0.851542520779141
"CNRM-CM6-1",2014,0.876736008506214
"CNRM-CM6-1",2015,0.903139430384498
"CNRM-CM6-1",2016,0.930640625262218
"CNRM-CM6-1",2017,0.959119854336882
"CNRM-CM6-1",2018,0.988455164489644
"CNRM-CM6-1",2019,1.01852671514765
"CNRM-CM6-1",2020,1.04922006130227
"CNRM-CM6-1",2021,1.08042847415508
"CNRM-CM6-1",2022,1.1120544437456
"CNRM-CM6-1",2023,1.14401054179994
"CNRM-CM6-1",2024,1.17621982821861
"CNRM-CM6-1",2025,1.20861596446991
"CNRM-CM6-1",2026,1.24114315757688
"CNRM-CM6-1",2027,1.27375600704979
"CNRM-CM6-1",2028,1.30641927253567
"CNRM-CM6-1",2029,1.33910753054592
"CNRM-CM6-1",2030,1.37180465181486
"EC-Earth3-CC",1940,0.512310876717504
"EC-Earth3-CC",1941,0.527990906420221
"EC-Earth3-CC",1942,0.54350026332813
"EC-Earth3-CC",1943,0.558580522916548
"EC-Earth3-CC",1944,0.572897257262371
"EC-Earth3-CC",1945,0.586074623688431
"EC-Earth3-CC",1946,0.597726946409745
"EC-Earth3-CC",1947,0.607486722620941
"EC-Earth3-CC",1948,0.615028518204453
"EC-Earth3-CC",1949,0.620088310553521
"EC-Earth3-CC",1950,0.622477974401638
"EC-Earth3-CC",1951,0.622094777069942
"EC-Earth3-CC",1952,0.618925937439206
"EC-Earth3-CC",1953,0.613048493490241
"EC-Earth3-CC",1954,0.604624902551876
"EC-Earth3-CC",1955,0.593894954211611
"EC-Earth3-CC",1956,0.581164698282074
"EC-Earth3-CC",1957,0.566793172245527
"EC-Earth3-CC",1958,0.551177750379449
"EC-Earth3-CC",1959,0.534738929747124
"EC-Earth3-CC",1960,0.51790531901714
"EC-Earth3-CC",1961,0.501099510046775
"EC-Earth3-CC",1962,0.48472539696906
"EC-Earth3-CC",1963,0.469157372368444
"EC-Earth3-CC",1964,0.45473168501695
"EC-Earth3-CC",1965,0.441740098574255
"EC-Earth3-CC",1966,0.430425854882275
"EC-Earth3-CC",1967,0.420981826850551
"EC-Earth3-CC",1968,0.413550650357472
"EC-Earth3-CC",1969,0.408226555760008
"EC-Earth3-CC",1970,0.40505857880879
"EC-Earth3-CC",1971,0.404054816998042
"EC-Earth3-CC",1972,0.405187407587668
"EC-Earth3-CC",1973,0.408397933037689
"EC-Earth3-CC",1974,0.413603002620863
"EC-Earth3-CC",1975,0.420699809262379
"EC-Earth3-CC",1976,0.429571512047329
"EC-Earth3-CC",1977,0.440092341871186
"EC-Earth3-CC",1978,0.452132366074609
"EC-Earth3-CC",1979,0.465561874787293
"EC-Earth3-CC",1980,0.480255365970282
"EC-Earth3-CC",1981,0.496095108347365
"EC-Earth3-CC",1982,0.51297425364539
"EC-Earth3-CC",1983,0.530799455146318
"EC-Earth3-CC",1984,0.549492932632931
"EC-Earth3-CC",1985,0.568993908851916
"EC-Earth3-CC",1986,0.589259333896628
"EC-Earth3-CC",1987,0.610263815014848
"EC-Earth3-CC",1988,0.631998682754838
"EC-Earth3-CC",1989,0.654470151139054
"EC-Earth3-CC",1990,0.677696569178021
"EC-Earth3-CC",1991,0.701704811392006
"EC-Earth3-CC",1992,0.726525912538018
"EC-Earth3-CC",1993,0.752190111744087
"EC-Earth3-CC",1994,0.778721528307961
"EC-Earth3-CC",1995,0.806132739880147
"EC-Earth3-CC",1996,0.834419568299135
"EC-Earth3-CC",1997,0.863556394506349
"EC-Earth3-CC",1998,0.89349231858225
"EC-Earth3-CC",1999,0.924148452531911
"EC-Earth3-CC",2000,0.955416582423192
"EC-Earth3-CC",2001,0.987159365209347
"EC-Earth3-CC",2002,1.01921213825023
"EC-Earth3-CC",2003,1.0513863219304
"EC-Earth3-CC",2004,1.08347429472611
"EC-Earth3-CC",2005,1.11525552304187
"EC-Earth3-CC",2006,1.14650364253942
"EC-Earth3-CC",2007,1.17699412028486
"EC-Earth3-CC",2008,1.20651208337966
"EC-Earth3-CC",2009,1.23485988362901
"EC-Earth3-CC",2010,1.26186398096311
"EC-Earth3-CC",2011,1.28738077021176
"EC-Earth3-CC",2012,1.31130104361025
"EC-Earth3-CC",2013,1.3335528701512
"EC-Earth3-CC",2014,1.35410277593167
"EC-Earth3-CC",2015,1.37295521908845
"EC-Earth3-CC",2016,1.39015046028622
"EC-Earth3-CC",2017,1.4057610266267
"EC-Earth3-CC",2018,1.41988704566009
"EC-Earth3-CC",2019,1.43265078069397
"EC-Earth3-CC",2020,1.44419072453723
"EC-Earth3-CC",2021,1.4546556042382
"EC-Earth3-CC",2022,1.46419861484555
"EC-Earth3-CC",2023,1.47297213882158
"EC-Earth3-CC",2024,1.48112312487711
"EC-Earth3-CC",2025,1.48878920301207
"EC-Earth3-CC",2026,1.49609551018734
"EC-Earth3-CC",2027,1.50315210284249
"EC-Earth3-CC",2028,1.51005174803761
"EC-Earth3-CC",2029,1.51686782340539
"EC-Earth3-CC",2030,1.52365202529863
"GISS-E2-1-G",1940,0.112612230139229
"GISS-E2-1-G",1941,0.0944960584881947
"GISS-E2-1-G",1942,0.0770034592045853
"GISS-E2-1-G",1943,0.0610184709357958
"GISS-E2-1-G",1944,0.0475787292924131
"GISS-E2-1-G",1945,0.0376912537744834
"GISS-E2-1-G",1946,0.0321730534485827
"GISS-E2-1-G",1947,0.0315245344625883
"GISS-E2-1-G",1948,0.0358424361413088
"GISS-E2-1-G",1949,0.0447768039623974
"GISS-E2-1-G",1950,0.0575336128867969
"GISS-E2-1-G",1951,0.0729214009637566
"GISS-E2-1-G",1952,0.0894369900347741
"GISS-E2-1-G",1953,0.10538237550794
"GISS-E2-1-G",1954,0.119002443750118
"GISS-E2-1-G",1955,0.128631551069671
"GISS-E2-1-G",1956,0.132836327047049
"GISS-E2-1-G",1957,0.130542417205692
"GISS-E2-1-G",1958,0.121134236593245
"GISS-E2-1-G",1959,0.104519060902047
"GISS-E2-1-G",1960,0.081149752214058
"GISS-E2-1-G",1961,0.052003857861787
"GISS-E2-1-G",1962,0.0185204483466563
"GISS-E2-1-G",1963,-0.0175004274235885
"GISS-E2-1-G",1964,-0.0540276860714774
"GISS-E2-1-G",1965,-0.0889481292658214
"GISS-E2-1-G",1966,-0.120222342762323
"GISS-E2-1-G",1967,-0.146035003930252
"GISS-E2-1-G",1968,-0.164927495561456
"GISS-E2-1-G",1969,-0.175902195423918
"GISS-E2-1-G",1970,-0.178490160727014
"GISS-E2-1-G",1971,-0.172776956392433
"GISS-E2-1-G",1972,-0.159384831257872
"GISS-E2-1-G",1973,-0.139413037525327
"GISS-E2-1-G",1974,-0.11434151568573
"GISS-E2-1-G",1975,-0.0859061441599864
"GISS-E2-1-G",1976,-0.0559560328889809
"GISS-E2-1-G",1977,-0.0263047351951026
"GISS-E2-1-G",1978,0.00141235058403877
"GISS-E2-1-G",1979,0.0258627477371906
"GISS-E2-1-G",1980,0.0461137928302664
"GISS-E2-1-G",1981,0.0616940380159198
"GISS-E2-1-G",1982,0.0726146004908431
"GISS-E2-1-G",1983,0.0793493084089649
"GISS-E2-1-G",1984,0.0827759778475633
"GISS-E2-1-G",1985,0.0840844186294704
"GISS-E2-1-G",1986,0.084659533228021
"GISS-E2-1-G",1987,0.0859499109394682
"GISS-E2-1-G",1988,0.0893334598083652
"GISS-E2-1-G",1989,0.0959917688873995
"GISS-E2-1-G",1990,0.106804045031768
"GISS-E2-1-G",1991,0.122269698057848
"GISS-E2-1-G",1992,0.142466110290486
"GISS-E2-1-G",1993,0.167045040603089
"GISS-E2-1-G",1994,0.195267744346868
"GISS-E2-1-G",1995,0.226075527770717
"GISS-E2-1-G",1996,0.258189386153474
"GISS-E2-1-G",1997,0.290229860772294
"GISS-E2-1-G",1998,0.320846505025933
"GISS-E2-1-G",1999,0.348845522547365
"GISS-E2-1-G",2000,0.373304299515682
"GISS-E2-1-G",2001,0.393662684849052
"GISS-E2-1-G",2002,0.409782877802667
"GISS-E2-1-G",2003,0.421972490420287
"GISS-E2-1-G",2004,0.430968530165989
"GISS-E2-1-G",2005,0.437883423720421
"GISS-E2-1-G",2006,0.444117487333318
"GISS-E2-1-G",2007,0.451245160997621
"GISS-E2-1-G",2008,0.460884613449957
"GISS-E2-1-G",2009,0.474561795915391
"GISS-E2-1-G",2010,0.493580547544695
"GISS-E2-1-G",2011,0.518909888012627
"GISS-E2-1-G",2012,0.551098210512191
"GISS-E2-1-G",2013,0.590221830305206
"GISS-E2-1-G",2014,0.635872440006328
"GISS-E2-1-G",2015,0.687184717648398
"GISS-E2-1-G",2016,0.742901906020518
"GISS-E2-1-G",2017,0.801473920660214
"GISS-E2-1-G",2018,0.861179723540791
"GISS-E2-1-G",2019,0.920263556136632
"GISS-E2-1-G",2020,0.977073336888506
"GISS-E2-1-G",2021,1.03018919776374
"GISS-E2-1-G",2022,1.07853078276395
"GISS-E2-1-G",2023,1.12143349196837
"GISS-E2-1-G",2024,1.15868618053844
"GISS-E2-1-G",2025,1.19052569504175
"GISS-E2-1-G",2026,1.21758677747484
"GISS-E2-1-G",2027,1.24080898496664
"GISS-E2-1-G",2028,1.26130504377684
"GISS-E2-1-G",2029,1.28019717454842
"GISS-E2-1-G",2030,1.29842911751616
"HadGEM3-GC31-LL",1940,0.054810988205746
"HadGEM3-GC31-LL",1941,0.0595876562012192
"HadGEM3-GC31-LL",1942,0.0641732005264825
"HadGEM3-GC31-LL",1943,0.0682852769381175
"HadGEM3-GC31-LL",1944,0.0715706187760768
"HadGEM3-GC31-LL",1945,0.0736500195251809
"HadGEM3-GC31-LL",1946,0.0741584821794312
"HadGEM3-GC31-LL",1947,0.0727795189676496
"HadGEM3-GC31-LL",1948,0.0692726784485357
"HadGEM3-GC31-LL",1949,0.0634935818075391
"HadGEM3-GC31-LL",1950,0.055406040729447
"HadGEM3-GC31-LL",1951,0.0450861771785153
"HadGEM3-GC31-LL",1952,0.0327188411168068
"HadGEM3-GC31-LL",1953,0.0185869960699209
"HadGEM3-GC31-LL",1954,0.00305508663458266
"HadGEM3-GC31-LL",1955,-0.0134523081429565
"HadGEM3-GC31-LL",1956,-0.0304750161873585
"HadGEM3-GC31-LL",1957,-0.0475433627380294
"HadGEM3-GC31-LL",1958,-0.0642041340841864
"HadGEM3-GC31-LL",1959,-0.0800448077125551
"HadGEM3-GC31-LL",1960,-0.0947146033725755
"HadGEM3-GC31-LL",1961,-0.107941152628279
"HadGEM3-GC31-LL",1962,-0.119541892606682
"HadGEM3-GC31-LL",1963,-0.129429642440215
"HadGEM3-GC31-LL",1964,-0.137612195439568
"HadGEM3-GC31-LL",1965,-0.144186132544595
"HadGEM3-GC31-LL",1966,-0.149325410022159
"HadGEM3-GC31-LL",1967,-0.153265575872694
"HadGEM3-GC31-LL",1968,-0.156284707670878
"HadGEM3-GC31-LL",1969,-0.158682326874926
"HadGEM3-GC31-LL",1970,-0.160757623541787
"HadGEM3-GC31-LL",1971,-0.162788319024734
"HadGEM3-GC31-LL",1972,-0.16501140627603
"HadGEM3-GC31-LL",1973,-0.167606846593381
"HadGEM3-GC31-LL",1974,-0.170685081124664
"HadGEM3-GC31-LL",1975,-0.1742789515719
"HadGEM3-GC31-LL",1976,-0.178340335792005
"HadGEM3-GC31-LL",1977,-0.182741509644446
"HadGEM3-GC31-LL",1978,-0.187280965232524
"HadGEM3-GC31-LL",1979,-0.191693164644209
"HadGEM3-GC31-LL",1980,-0.195661501667266
"HadGEM3-GC31-LL",1981,-0.198833592400848
"HadGEM3-GC31-LL",1982,-0.200837925776788
"HadGEM3-GC31-LL",1983,-0.201300878977691
"HadGEM3-GC31-LL",1984,-0.199863138591138
"HadGEM3-GC31-LL",1985,-0.196194660188786
"HadGEM3-GC31-LL",1986,-0.190007437717514
"HadGEM3-GC31-LL",1987,-0.181065528020035
"HadGEM3-GC31-LL",1988,-0.169191971798444
"HadGEM3-GC31-LL",1989,-0.154272456651992
"HadGEM3-GC31-LL",1990,-0.13625576708803
"HadGEM3-GC31-LL",1991,-0.115151248487591
"HadGEM3-GC31-LL",1992,-0.0910236667296118
"HadGEM3-GC31-LL",1993,-0.063985964865892
"HadGEM3-GC31-LL",1994,-0.0341904980495238
"HadGEM3-GC31-LL",1995,-0.00181936595422189
"HadGEM3-GC31-LL",1996,0.0329255408710904
"HadGEM3-GC31-LL",1997,0.0698322043798906
"HadGEM3-GC31-LL",1998,0.108687347605973
"HadGEM3-GC31-LL",1999,0.149284100198387
"HadGEM3-GC31-LL",2000,0.191428165287154
"HadGEM3-GC31-LL",2001,0.234942312505928
"HadGEM3-GC31-LL",2002,0.279669142051477
"HadGEM3-GC31-LL",2003,0.325472176859141
"HadGEM3-GC31-LL",2004,0.372235438057336
"HadGEM3-GC31-LL",2005,0.419861738059419
"HadGEM3-GC31-LL",2006,0.468269982832125
"HadGEM3-GC31-LL",2007,0.517391808599444
"HadGEM3-GC31-LL",2008,0.567167888641564
"HadGEM3-GC31-LL",2009,0.617544234478134
"HadGEM3-GC31-LL",2010,0.668468785274534
"HadGEM3-GC31-LL",2011,0.719888533312303
"HadGEM3-GC31-LL",2012,0.771747375872708
"HadGEM3-GC31-LL",2013,0.823984819157908
"HadGEM3-GC31-LL",2014,0.876535592108466
"HadGEM3-GC31-LL",2015,0.929330161056699
"HadGEM3-GC31-LL",2016,0.982296073488959
"HadGEM3-GC31-LL",2017,1.03536000358564
"HadGEM3-GC31-LL",2018,1.08845032581353
"HadGEM3-GC31-LL",2019,1.14150000713715
"HadGEM3-GC31-LL",2020,1.19444958421792
"HadGEM3-GC31-LL",2021,1.24724997950594
"HadGEM3-GC31-LL",2022,1.29986490907521
"HadGEM3-GC31-LL",2023,1.35227264460255
"HadGEM3-GC31-LL",2024,1.40446691080031
"HadGEM3-GC31-LL",2025,1.45645672624282
"HadGEM3-GC31-LL",2026,1.50826502786376
"HadGEM3-GC31-LL",2027,1.55992595506946
"HadGEM3-GC31-LL",2028,1.61148070567918
"HadGEM3-GC31-LL",2029,1.66297190967988
"HadGEM3-GC31-LL",2030,1.71443649463577
"HadGEM3-GC31-MM",1940,0.0689598666894607
"HadGEM3-GC31-MM",1941,0.0690414817466243
"HadGEM3-GC31-MM",1942,0.0690065703258993
"HadGEM3-GC31-MM",1943,0.0686787059002681
"HadGEM3-GC31-MM",1944,0.0678288960191515
"HadGEM3-GC31-MM",1945,0.0661982180717893
"HadGEM3-GC31-MM",1946,0.0635188592850113
"HadGEM3-GC31-MM",1947,0.0595338765750175
"HadGEM3-GC31-MM",1948,0.0540158401960435
"HadGEM3-GC31-MM",1949,0.0467843189743488
"HadGEM3-GC31-MM",1950,0.0377219321860093
"HadGEM3-GC31-MM",1951,0.026788465155505
"HadGEM3-GC31-MM",1952,0.014032354304906
"HadGEM3-GC31-MM",1953,-0.000401277998082302
"HadGEM3-GC31-MM",1954,-0.0162668941303389
"HadGEM3-GC31-MM",1955,-0.0332199032775359
"HadGEM3-GC31-MM",1956,-0.0508237207169345
"HadGEM3-GC31-MM",1957,-0.0685628456112332
"HadGEM3-GC31-MM",1958,-0.0858619066505522
"HadGEM3-GC31-MM",1959,-0.102110192838089
"HadGEM3-GC31-MM",1960,-0.116690729977805
"HadGEM3-GC31-MM",1961,-0.129012522528807
"HadGEM3-GC31-MM",1962,-0.138544197597371
"HadGEM3-GC31-MM",1963,-0.144847002892912
"HadGEM3-GC31-MM",1964,-0.147604957438045
"HadGEM3-GC31-MM",1965,-0.146649957272082
"HadGEM3-GC31-MM",1966,-0.141979810824673
"HadGEM3-GC31-MM",1967,-0.13376751877374
"HadGEM3-GC31-MM",1968,-0.122360605385882
"HadGEM3-GC31-MM",1969,-0.108269923218732
"HadGEM3-GC31-MM",1970,-0.0921480494792674
"HadGEM3-GC31-MM",1971,-0.0747581202712407
"HadGEM3-GC31-MM",1972,-0.0569346534091406
"HadGEM3-GC31-MM",1973,-0.0395385357861779
"HadGEM3-GC31-MM",1974,-0.0234088457877317
"HadGEM3-GC31-MM",1975,-0.00931450163529262
"HadGEM3-GC31-MM",1976,0.00209115827473197
"HadGEM3-GC31-MM",1977,0.0103098629820594
"HadGEM3-GC31-MM",1978,0.0150292907532392
"HadGEM3-GC31-MM",1979,0.016143199633697
"HadGEM3-GC31-MM",1980,0.0137593572558171
"HadGEM3-GC31-MM",1981,0.00819463542920515
"HadGEM3-GC31-MM",1982,-4.24896429462087e-05
"HadGEM3-GC31-MM",1983,-0.0102809198246668
"HadGEM3-GC31-MM",1984,-0.0217254877347513
"HadGEM3-GC31-MM",1985,-0.0335024978705692
"HadGEM3-GC31-MM",1986,-0.0447091885050526
"HadGEM3-GC31-MM",1987,-0.0544637828083703
"HadGEM3-GC31-MM",1988,-0.0619527774900605
"HadGEM3-GC31-MM",1989,-0.0664723438587617
"HadGEM3-GC31-MM",1990,-0.0674611734148079
"HadGEM3-GC31-MM",1991,-0.0645227537011456
"HadGEM3-GC31-MM",1992,-0.0574358603821549
"HadGEM3-GC31-MM",1993,-0.0461529369327108
"HadGEM3-GC31-MM",1994,-0.0307869355303666
"HadGEM3-GC31-MM",1995,-0.0115880418728228
"HadGEM3-GC31-MM",1996,0.0110875631392901
"HadGEM3-GC31-MM",1997,0.0368141971196706
"HadGEM3-GC31-MM",1998,0.0651353808535508
"HadGEM3-GC31-MM",1999,0.0956016161032569
"HadGEM3-GC31-MM",2000,0.127804254763294
"HadGEM3-GC31-MM",2001,0.161402868904492
"HadGEM3-GC31-MM",2002,0.196144125133481
"HadGEM3-GC31-MM",2003,0.231870914131179
"HadGEM3-GC31-MM",2004,0.268521325959905
"HadGEM3-GC31-MM",2005,0.306117925154928
"HadGEM3-GC31-MM",2006,0.344748596371885
"HadGEM3-GC31-MM",2007,0.384540934989719
"HadGEM3-GC31-MM",2008,0.425632690411825
"HadGEM3-GC31-MM",2009,0.468141089644857
"HadGEM3-GC31-MM",2010,0.512133949281548
"HadGEM3-GC31-MM",2011,0.557605319014329
"HadGEM3-GC31-MM",2012,0.604458003018128
"HadGEM3-GC31-MM",2013,0.652494709597432
"HadGEM3-GC31-MM",2014,0.701418833213089
"HadGEM3-GC31-MM",2015,0.750845037379303
"HadGEM3-GC31-MM",2016,0.800318950095416
"HadGEM3-GC31-MM",2017,0.849344475139801
"HadGEM3-GC31-MM",2018,0.897416528190138
"HadGEM3-GC31-MM",2019,0.944056482207423
"HadGEM3-GC31-MM",2020,0.988847293419104
"HadGEM3-GC31-MM",2021,1.03146520136151
"HadGEM3-GC31-MM",2022,1.07170505771921
"HadGEM3-GC31-MM",2023,1.10949672265967
"HadGEM3-GC31-MM",2024,1.1449105382291
"HadGEM3-GC31-MM",2025,1.17815059363174
"HadGEM3-GC31-MM",2026,1.20953527142329
"HadGEM3-GC31-MM",2027,1.23946533314964
"HadGEM3-GC31-MM",2028,1.26838049103316
"HadGEM3-GC31-MM",2029,1.29670594426706
"HadGEM3-GC31-MM",2030,1.32479066622865
"INM-CM4-8",1940,0.242974494280255
"INM-CM4-8",1941,0.244681787195679
"INM-CM4-8",1942,0.246501774974876
"INM-CM4-8",1943,0.248594884512888
"INM-CM4-8",1944,0.25115096681144
"INM-CM4-8",1945,0.254356969158128
"INM-CM4-8",1946,0.258368504272355
"INM-CM4-8",1947,0.263286266068574
"INM-CM4-8",1948,0.269138139989268
"INM-CM4-8",1949,0.275867647390809
"INM-CM4-8",1950,0.283329074716712
"INM-CM4-8",1951,0.291289298667555
"INM-CM4-8",1952,0.299435959178282
"INM-CM4-8",1953,0.307391283193951
"INM-CM4-8",1954,0.314730552086838
"INM-CM4-8",1955,0.321003958022597
"INM-CM4-8",1956,0.325760427934887
"INM-CM4-8",1957,0.328571919505918
"INM-CM4-8",1958,0.329056715789365
"INM-CM4-8",1959,0.326900360526671
"INM-CM4-8",1960,0.321873074526365
"INM-CM4-8",1961,0.313842758489084
"INM-CM4-8",1962,0.302782998655299
"INM-CM4-8",1963,0.28877582515263
"INM-CM4-8",1964,0.272009304597546
"INM-CM4-8",1965,0.252770355103044
"INM-CM4-8",1966,0.231433432950169
"INM-CM4-8",1967,0.20844593973842
"INM-CM4-8",1968,0.184311326236663
"INM-CM4-8",1969,0.159570919899964
"INM-CM4-8",1970,0.134785478793385
"INM-CM4-8",1971,0.110517382978082
"INM-CM4-8",1972,0.0873142277264587
"INM-CM4-8",1973,0.0656943974085757
"INM-CM4-8",1974,0.0461349928922509
"INM-CM4-8",1975,0.0290622777313417
"INM-CM4-8",1976,0.0148446170910326
"INM-CM4-8",1977,0.00378772349527415
"INM-CM4-8",1978,-0.00386809351426343
"INM-CM4-8",1979,-0.00794904410686268
"INM-CM4-8",1980,-0.0083477277020786
"INM-CM4-8",1981,-0.00502210997923127
"INM-CM4-8",1982,0.00200610972021038
"INM-CM4-8",1983,0.0126535578291474
"INM-CM4-8",1984,0.0267776046437753
"INM-CM4-8",1985,0.0441791868678222
"INM-CM4-8",1986,0.0646061792395909
"INM-CM4-8",1987,0.0877575308175096
"INM-CM4-8",1988,0.113288414945246
"INM-CM4-8",1989,0.140816632245429
"INM-CM4-8",1990,0.169930452146215
"INM-CM4-8",1991,0.200197984051642
"INM-CM4-8",1992,0.231178042313484
"INM-CM4-8",1993,0.262432321279016
"INM-CM4-8",1994,0.293538542083479
"INM-CM4-8",1995,0.324104087003502
"INM-CM4-8",1996,0.353779515392271
"INM-CM4-8",1997,0.382271271173473
"INM-CM4-8",1998,0.409352856353611
"INM-CM4-8",1999,0.434873764813618
"INM-CM4-8",2000,0.458765547850949
"INM-CM4-8",2001,0.481044514641149
"INM-CM4-8",2002,0.501810749171759
"INM-CM4-8",2003,0.521243338154415
"INM-CM4-8",2004,0.539591936464005
"INM-CM4-8",2005,0.557165030206707
"INM-CM4-8",2006,0.574315474363575
"INM-CM4-8",2007,0.5914240647762
"INM-CM4-8",2008,0.608882038104401
"INM-CM4-8",2009,0.627073467043572
"INM-CM4-8",2010,0.646358524977631
"INM-CM4-8",2011,0.667058533094291
"INM-CM4-8",2012,0.689443578005725
"INM-CM4-8",2013,0.71372330847858
"INM-CM4-8",2014,0.740041299812316
"INM-CM4-8",2015,0.768473130877438
"INM-CM4-8",2016,0.799028070933954
"INM-CM4-8",2017,0.831654040549909
"INM-CM4-8",2018,0.866245311423837
"INM-CM4-8",2019,0.902652259090936
"INM-CM4-8",2020,0.940692391678604
"INM-CM4-8",2021,0.980161853329853
"INM-CM4-8",2022,1.02084664326932
"INM-CM4-8",2023,1.0625328956619
"INM-CM4-8",2024,1.10501572096553
"INM-CM4-8",2025,1.14810630140245
"INM-CM4-8",2026,1.19163714304738
"INM-CM4-8",2027,1.23546559442636
"INM-CM4-8",2028,1.27947592551326
"INM-CM4-8",2029,1.32358040168283
"INM-CM4-8",2030,1.36771986692385
"INM-CM5-0",1940,0.204718238194137
"INM-CM5-0",1941,0.19216496873436
"INM-CM5-0",1942,0.180039566364405
"INM-CM5-0",1943,0.168955269228773
"INM-CM5-0",1944,0.159645855080894
"INM-CM5-0",1945,0.15284817692802
"INM-CM5-0",1946,0.149200444253745
"INM-CM5-0",1947,0.149160195135935
"INM-CM5-0",1948,0.152945280737766
"INM-CM5-0",1949,0.160500077454932
"INM-CM5-0",1950,0.171487695178807
"INM-CM5-0",1951,0.185307319445104
"INM-CM5-0",1952,0.201134172737568
"INM-CM5-0",1953,0.21797806230735
"INM-CM5-0",1954,0.234755238206281
"INM-CM5-0",1955,0.250367428593963
"INM-CM5-0",1956,0.263781527427047
"INM-CM5-0",1957,0.27410351935075
"INM-CM5-0",1958,0.280640831901921
"INM-CM5-0",1959,0.282948357900798
"INM-CM5-0",1960,0.280854805470205
"INM-CM5-0",1961,0.27446769365896
"INM-CM5-0",1962,0.264157082087311
"INM-CM5-0",1963,0.25051985853193
"INM-CM5-0",1964,0.234327967462846
"INM-CM5-0",1965,0.216465218953871
"INM-CM5-0",1966,0.197858170506376
"INM-CM5-0",1967,0.179406957520225
"INM-CM5-0",1968,0.161921834191536
"INM-CM5-0",1969,0.146070589818949
"INM-CM5-0",1970,0.132340980335993
"INM-CM5-0",1971,0.12102095129653
"INM-CM5-0",1972,0.112197844266094
"INM-CM5-0",1973,0.105776109198986
"INM-CM5-0",1974,0.101511432915071
"INM-CM5-0",1975,0.099057774737613
"INM-CM5-0",1976,0.098022694295548
"INM-CM5-0",1977,0.0980256561183904
"INM-CM5-0",1978,0.0987537590659916
"INM-CM5-0",1979,0.100009584598417
"INM-CM5-0",1980,0.101746564360095
"INM-CM5-0",1981,0.104088373650839
"INM-CM5-0",1982,0.107330268589822
"INM-CM5-0",1983,0.111921881055605
"INM-CM5-0",1984,0.118432631255899
"INM-CM5-0",1985,0.127502473445663
"INM-CM5-0",1986,0.139782023935615
"INM-CM5-0",1987,0.155867118883599
"INM-CM5-0",1988,0.176233427351977
"INM-CM5-0",1989,0.201176852864861
"INM-CM5-0",1990,0.230765083628701
"INM-CM5-0",1991,0.264804827204464
"INM-CM5-0",1992,0.302828056796508
"INM-CM5-0",1993,0.344099102368476
"INM-CM5-0",1994,0.387642762966233
"INM-CM5-0",1995,0.432291932667566
"INM-CM5-0",1996,0.476751659206315
"INM-CM5-0",1997,0.519675219798137
"INM-CM5-0",1998,0.559746811247718
"INM-CM5-0",1999,0.595764890363115
"INM-CM5-0",2000,0.62672011005728
"INM-CM5-0",2001,0.651862181568426
"INM-CM5-0",2002,0.670750820366982
"INM-CM5-0",2003,0.683287133095838
"INM-CM5-0",2004,0.689723276077485
"INM-CM5-0",2005,0.690649841965215
"INM-CM5-0",2006,0.686962078335267
"INM-CM5-0",2007,0.679807578633311
"INM-CM5-0",2008,0.67051939096201
"INM-CM5-0",2009,0.66053946354992
"INM-CM5-0",2010,0.65133791604981
"INM-CM5-0",2011,0.644333756171361
"INM-CM5-0",2012,0.64082235169262
"INM-CM5-0",2013,0.641914255240637
"INM-CM5-0",2014,0.648488932874039
"INM-CM5-0",2015,0.661165663408946
"INM-CM5-0",2016,0.680292467493261
"INM-CM5-0",2017,0.70595251545269
"INM-CM5-0",2018,0.737986170038854
"INM-CM5-0",2019,0.776025750629305
"INM-CM5-0",2020,0.819539343434389
"INM-CM5-0",2021,0.86787958309787
"INM-CM5-0",2022,0.920333316418665
"INM-CM5-0",2023,0.976168415255454
"INM-CM5-0",2024,1.03467468565693
"INM-CM5-0",2025,1.0951967469053
"INM-CM5-0",2026,1.15715782742517
"INM-CM5-0",2027,1.22007452963552
"INM-CM5-0",2028,1.28356363258976
"INM-CM5-0",2029,1.34734281324052
"INM-CM5-0",2030,1.41122767005844
"MIROC-ES2L",1940,0.115913769861939
"MIROC-ES2L",1941,0.110913087918686
"MIROC-ES2L",1942,0.10607278921142
"MIROC-ES2L",1943,0.10162295135782
"MIROC-ES2L",1944,0.09783915527862
"MIROC-ES2L",1945,0.0949983606294831
"MIROC-ES2L",1946,0.0933403952083917
"MIROC-ES2L",1947,0.0930364772353171
"MIROC-ES2L",1948,0.0941659916585978
"MIROC-ES2L",1949,0.0967023763746446
"MIROC-ES2L",1950,0.100508488073196
"MIROC-ES2L",1951,0.105341261868072
"MIROC-ES2L",1952,0.110864907364314
"MIROC-ES2L",1953,0.116671348245156
"MIROC-ES2L",1954,0.122306159728488
"MIROC-ES2L",1955,0.127297927011834
"MIROC-ES2L",1956,0.131188765883546
"MIROC-ES2L",1957,0.133563729067752
"MIROC-ES2L",1958,0.134076969991231
"MIROC-ES2L",1959,0.132472837421522
"MIROC-ES2L",1960,0.128600505438782
"MIROC-ES2L",1961,0.122421268926102
"MIROC-ES2L",1962,0.114008213413883
"MIROC-ES2L",1963,0.103538554135007
"MIROC-ES2L",1964,0.0912794869229746
"MIROC-ES2L",1965,0.0775688611186202
"MIROC-ES2L",1966,0.0627923369129681
"MIROC-ES2L",1967,0.0473589012201994
"MIROC-ES2L",1968,0.0316766735516339
"MIROC-ES2L",1969,0.0161308353400788
"MIROC-ES2L",1970,0.00106527414154735
"MIROC-ES2L",1971,-0.0132308290741582
"MIROC-ES2L",1972,-0.0265306935372703
"MIROC-ES2L",1973,-0.0386716395398886
"MIROC-ES2L",1974,-0.0495510331680695
"MIROC-ES2L",1975,-0.0591171876422405
"MIROC-ES2L",1976,-0.0673563374394319
"MIROC-ES2L",1977,-0.0742771002882016
"MIROC-ES2L",1978,-0.0798940138875456
"MIROC-ES2L",1979,-0.0842117670896849
"MIROC-ES2L",1980,-0.0872116393146861
"MIROC-ES2L",1981,-0.0888414286902216
"MIROC-ES2L",1982,-0.0890098108042824
"MIROC-ES2L",1983,-0.0875856564258165
"MIROC-ES2L",1984,-0.0844023842679608
"MIROC-ES2L",1985,-0.079266972695621
"MIROC-ES2L",1986,-0.0719728404616369
"MIROC-ES2L",1987,-0.0623154655466004
"MIROC-ES2L",1988,-0.0501093708067715
"MIROC-ES2L",1989,-0.0352049843728441
"MIROC-ES2L",1990,-0.017503890235669
"MIROC-ES2L",1991,0.00302888205473397
"MIROC-ES2L",1992,0.0263566329831217
"MIROC-ES2L",1993,0.0523676006725272
"MIROC-ES2L",1994,0.0808767679984816
"MIROC-ES2L",1995,0.111632810225462
"MIROC-ES2L",1996,0.144329706468537
"MIROC-ES2L",1997,0.178622164150479
"MIROC-ES2L",1998,0.214143705686247
"MIROC-ES2L",1999,0.250526064801821
"MIROC-ES2L",2000,0.287418451481893
"MIROC-ES2L",2001,0.324505275056321
"MIROC-ES2L",2002,0.361521059793798
"MIROC-ES2L",2003,0.398261532434438
"MIROC-ES2L",2004,0.434590184021616
"MIROC-ES2L",2005,0.470439980679323
"MIROC-ES2L",2006,0.505810287478637
"MIROC-ES2L",2007,0.540759443267254
"MIROC-ES2L",2008,0.575393751325089
"MIROC-ES2L",2009,0.609853904609053
"MIROC-ES2L",2010,0.644300025626691
"MIROC-ES2L",2011,0.678896558476081
"MIROC-ES2L",2012,0.713798202349306
"MIROC-ES2L",2013,0.74913792906488
"MIROC-ES2L",2014,0.785017897625849
"MIROC-ES2L",2015,0.821503788941653
"MIROC-ES2L",2016,0.858622761039134
"MIROC-ES2L",2017,0.896364898948535
"MIROC-ES2L",2018,0.934687733234183
"MIROC-ES2L",2019,0.973523153111362
"MIROC-ES2L",2020,1.01278586521286
"MIROC-ES2L",2021,1.05238246117092
"MIROC-ES2L",2022,1.09222016177655
"MIROC-ES2L",2023,1.13221439931942
"MIROC-ES2L",2024,1.17229457110772
"MIROC-ES2L",2025,1.21240752703871
"MIROC-ES2L",2026,1.25251861762906
"MIROC-ES2L",2027,1.29261039771014
"MIROC-ES2L",2028,1.33267932538513
"MIROC-ES2L",2029,1.37273098728895
"MIROC-ES2L",2030,1.41277449436388
"MIROC6",1940,0.0907863072418754
"MIROC6",1941,0.0843311724388247
"MIROC6",1942,0.0783732369208397
"MIROC6",1943,0.073609528785044
"MIROC6",1944,0.070845302077302
"MIROC6",1945,0.0708430422744565
"MIROC6",1946,0.0741933063239733
"MIROC6",1947,0.0812132942121556
"MIROC6",1948,0.0918780894656597
"MIROC6",1949,0.105787822615468
"MIROC6",1950,0.122171818023432
"MIROC6",1951,0.139928316520559
"MIROC6",1952,0.157695867937286
"MIROC6",1953,0.173950194468149
"MIROC6",1954,0.187118448832197
"MIROC6",1955,0.195701501455101
"MIROC6",1956,0.19839430730061
"MIROC6",1957,0.194194583735113
"MIROC6",1958,0.182490969662177
"MIROC6",1959,0.163123463626879
"MIROC6",1960,0.136411128182811
"MIROC6",1961,0.103144626808679
"MIROC6",1962,0.0645439234792334
"MIROC6",1963,0.0221842040883826
"MIROC6",1964,-0.0221044432252962
"MIROC6",1965,-0.0663560210331993
"MIROC6",1966,-0.108597296649016
"MIROC6",1967,-0.146976456992057
"MIROC6",1968,-0.179882104238373
"MIROC6",1969,-0.206043770606912
"MIROC6",1970,-0.22460663633096
"MIROC6",1971,-0.235175202307326
"MIROC6",1972,-0.237823128360572
"MIROC6",1973,-0.233069099681361
"MIROC6",1974,-0.22182121431154
"MIROC6",1975,-0.205294783834035
"MIROC6",1976,-0.184910418715201
"MIROC6",1977,-0.162180675973117
"MIROC6",1978,-0.138594274931258
"MIROC6",1979,-0.115506887731518
"MIROC6",1980,-0.094046795432816
"MIROC6",1981,-0.0750423362517394
"MIROC6",1982,-0.0589761798401161
"MIROC6",1983,-0.045969201740473
"MIROC6",1984,-0.035794294185989
"MIROC6",1985,-0.0279180338460581
"MIROC6",1986,-0.0215659297478486
"MIROC6",1987,-0.0158051703607238
"MIROC6",1988,-0.00963751769945564
"MIROC6",1989,-0.0020943522856527
"MIROC6",1990,0.0076741031665179
"MIROC6",1991,0.0203226761512554
"MIROC6",1992,0.036254285421186
"MIROC6",1993,0.0555864315879581
"MIROC6",1994,0.0781433894385459
"MIROC6",1995,0.103474164237409
"MIROC6",1996,0.130894127695458
"MIROC6",1997,0.159546323483502
"MIROC6",1998,0.188476882919387
"MIROC6",1999,0.216717940133378
"MIROC6",2000,0.243370959968198
"MIROC6",2001,0.267683518678081
"MIROC6",2002,0.289113283480161
"MIROC6",2003,0.307374150140278
"MIROC6",2004,0.322461104572411
"MIROC6",2005,0.334652230351388
"MIROC6",2006,0.3444882263078
"MIROC6",2007,0.352731660195442
"MIROC6",2008,0.360309809313848
"MIROC6",2009,0.368246194003705
"MIROC6",2010,0.377586696753907
"MIROC6",2011,0.389326422354252
"MIROC6",2012,0.404343183722745
"MIROC6",2013,0.423342730894777
"MIROC6",2014,0.446819656840715
"MIROC6",2015,0.47503642773507
"MIROC6",2016,0.508021335657276
"MIROC6",2017,0.545584508623808
"MIROC6",2018,0.587349584549857
"MIROC6",2019,0.632797395301781
"MIROC6",2020,0.681317120674825
"MIROC6",2021,0.732259930048755
"MIROC6",2022,0.784990159660642
"MIROC6",2023,0.838929559493377
"MIROC6",2024,0.893591026477465
"MIROC6",2025,0.948599423212302
"MIROC6",2026,1.00369843764949
"MIROC6",2027,1.05874382446471
"MIROC6",2028,1.11368463175086
"MIROC6",2029,1.16853501091088
"MIROC6",2030,1.22333980271989
"NorESM2-LM",1940,0.0745911081385929
"NorESM2-LM",1941,0.0826016583190336
"NorESM2-LM",1942,0.0904689746199273
"NorESM2-LM",1943,0.0979680722958856
"NorESM2-LM",1944,0.104793645059606
"NorESM2-LM",1945,0.110581508307132
"NorESM2-LM",1946,0.114929132775511
"NorESM2-LM",1947,0.117415341669923
"NorESM2-LM",1948,0.117619197601806
"NorESM2-LM",1949,0.115138043851088
"NorESM2-LM",1950,0.109604593616585
"NorESM2-LM",1951,0.100702887628633
"NorESM2-LM",1952,0.0881828715133376
"NorESM2-LM",1953,0.0718732861780453
"NorESM2-LM",1954,0.0516925232341331
"NorESM2-LM",1955,0.0276570781584485
"NorESM2-LM",1956,-0.000112759672557929
"NorESM2-LM",1957,-0.0313903064940947
"NorESM2-LM",1958,-0.065843236643841
"NorESM2-LM",1959,-0.103037861275616
"NorESM2-LM",1960,-0.142446992324505
"NorESM2-LM",1961,-0.183461317444187
"NorESM2-LM",1962,-0.225404065693686
"NorESM2-LM",1963,-0.267548592841877
"NorESM2-LM",1964,-0.309138367759362
"NorESM2-LM",1965,-0.349408706289941
"NorESM2-LM",1966,-0.387609484871204
"NorESM2-LM",1967,-0.423027980935707
"NorESM2-LM",1968,-0.455010937489179
"NorESM2-LM",1969,-0.482984940278761
"NorESM2-LM",1970,-0.506474230629953
"NorESM2-LM",1971,-0.525115156017595
"NorESM2-LM",1972,-0.538666581940537
"NorESM2-LM",1973,-0.547015748405001
"NorESM2-LM",1974,-0.550179245656689
"NorESM2-LM",1975,-0.54829899804488
"NorESM2-LM",1976,-0.541633371719475
"NorESM2-LM",1977,-0.53054374981136
"NorESM2-LM",1978,-0.515477135894402
"NorESM2-LM",1979,-0.496945541122344
"NorESM2-LM",1980,-0.475503071590071
"NorESM2-LM",1981,-0.45172175082375
"NorESM2-LM",1982,-0.426167180605813
"NorESM2-LM",1983,-0.39937515692763
"NorESM2-LM",1984,-0.371830315003743
"NorESM2-LM",1985,-0.343947779350398
"NorESM2-LM",1986,-0.316058646398132
"NorESM2-LM",1987,-0.288399935347369
"NorESM2-LM",1988,-0.261109417892265
"NorESM2-LM",1989,-0.234225490934411
"NorESM2-LM",1990,-0.207692001720938
"NorESM2-LM",1991,-0.181367685784437
"NorESM2-LM",1992,-0.155039648220681
"NorESM2-LM",1993,-0.12844012076951
"NorESM2-LM",1994,-0.101265571640037
"NorESM2-LM",1995,-0.0731971403887681
"NorESM2-LM",1996,-0.0439213218269976
"NorESM2-LM",1997,-0.0131498330437825
"NorESM2-LM",1998,0.0193623350719861
"NorESM2-LM",1999,0.0538015605155273
"NorESM2-LM",2000,0.0902836408385647
"NorESM2-LM",2001,0.128845765816919
"NorESM2-LM",2002,0.169442703566372
"NorESM2-LM",2003,0.211947259464493
"NorESM2-LM",2004,0.256154839167223
"NorESM2-LM",2005,0.301791736021536
"NorESM2-LM",2006,0.348526581002833
"NorESM2-LM",2007,0.395984249641124
"NorESM2-LM",2008,0.443761422318194
"NorESM2-LM",2009,0.491442945869315
"NorESM2-LM",2010,0.538618146432464
"NorESM2-LM",2011,0.584896293566707
"NorESM2-LM",2012,0.629920508432161
"NorESM2-LM",2013,0.673379536341379
"NorESM2-LM",2014,0.715016956331024
"NorESM2-LM",2015,0.754637566369593
"NorESM2-LM",2016,0.792110850738583
"NorESM2-LM",2017,0.827371594655614
"NorESM2-LM",2018,0.860417850107666
"NorESM2-LM",2019,0.891306567676811
"NorESM2-LM",2020,0.920147285759272
"NorESM2-LM",2021,0.947094307611763
"NorESM2-LM",2022,0.972337797629877
"NorESM2-LM",2023,0.996094193586331
"NorESM2-LM",2024,1.01859626632854
"NorESM2-LM",2025,1.04008307003601
"NorESM2-LM",2026,1.0607899237014
"NorESM2-LM",2027,1.08093845827473
"NorESM2-LM",2028,1.10072666458671
"NorESM2-LM",2029,1.12031879521312
"NorESM2-LM",2030,1.13983491851929
"NorESM2-MM",1940,0.142760323758774
"NorESM2-MM",1941,0.132980055198902
"NorESM2-MM",1942,0.123307951309144
"NorESM2-MM",1943,0.113890452791656
"NorESM2-MM",1944,0.104887530254293
"NorESM2-MM",1945,0.0964359405219011
"NorESM2-MM",1946,0.0886182014355382
"NorESM2-MM",1947,0.0814384942541489
"NorESM2-MM",1948,0.0748065415058986
"NorESM2-MM",1949,0.0685302028148454
"NorESM2-MM",1950,0.0623171179002383
"NorESM2-MM",1951,0.0557852438587008
"NorESM2-MM",1952,0.0484816238051093
"NorESM2-MM",1953,0.0399082264117754
"NorESM2-MM",1954,0.0295532488772143
"NorESM2-MM",1955,0.0169259129723647
"NorESM2-MM",1956,0.0015925323957741
"NorESM2-MM",1957,-0.016788490691051
"NorESM2-MM",1958,-0.0384350606135992
"NorESM2-MM",1959,-0.0634153306000702
"NorESM2-MM",1960,-0.0916290487056343
"NorESM2-MM",1961,-0.122797744867688
"NorESM2-MM",1962,-0.156464684279771
"NorESM2-MM",1963,-0.192004936425668
"NorESM2-MM",1964,-0.228645304654094
"NorESM2-MM",1965,-0.265493264898034
"NorESM2-MM",1966,-0.301573510545232
"NorESM2-MM",1967,-0.335870227451936
"NorESM2-MM",1968,-0.367372857860111
"NorESM2-MM",1969,-0.395122877205261
"NorESM2-MM",1970,-0.418259018231596
"NorESM2-MM",1971,-0.436058438364741
"NorESM2-MM",1972,-0.447971535626445
"NorESM2-MM",1973,-0.453648463216116
"NorESM2-MM",1974,-0.452955852712684
"NorESM2-MM",1975,-0.445982803202213
"NorESM2-MM",1976,-0.433035795801864
"NorESM2-MM",1977,-0.414622814093784
"NorESM2-MM",1978,-0.39142755395455
"NorESM2-MM",1979,-0.364275155469048
"NorESM2-MM",1980,-0.334091352781477
"NorESM2-MM",1981,-0.301857287972029
"NorESM2-MM",1982,-0.268562452458162
"NorESM2-MM",1983,-0.235158292269536
"NorESM2-MM",1984,-0.202514938920125
"NorESM2-MM",1985,-0.171383311514163
"NorESM2-MM",1986,-0.142364492675314
"NorESM2-MM",1987,-0.115887832904676
"NorESM2-MM",1988,-0.092198713178861
"NorESM2-MM",1989,-0.0713563264366429
"NorESM2-MM",1990,-0.0532412597919369
"NorESM2-MM",1991,-0.0375721056918496
"NorESM2-MM",1992,-0.0239298346238428
"NorESM2-MM",1993,-0.0117882531520658
"NorESM2-MM",1994,-0.000548572063028212
"NorESM2-MM",1995,0.0104240638468345
"NorESM2-MM",1996,0.0217642723739714
"NorESM2-MM",1997,0.034072451267221
"NorESM2-MM",1998,0.047884992502288
"NorESM2-MM",1999,0.0636502431473285
"NorESM2-MM",2000,0.081711350457907
"NorESM2-MM",2001,0.102296658898304
"NorESM2-MM",2002,0.125517829713956
"NorESM2-MM",2003,0.151375361386411
"NorESM2-MM",2004,0.179770732798572
"NorESM2-MM",2005,0.210523998388057
"NorESM2-MM",2006,0.243395359539802
"NorESM2-MM",2007,0.278109036510265
"NorESM2-MM",2008,0.314377680775223
"NorESM2-MM",2009,0.351925601723057
"NorESM2-MM",2010,0.390509229258356
"NorESM2-MM",2011,0.429933483057514
"NorESM2-MM",2012,0.470063051476293
"NorESM2-MM",2013,0.510827974915086
"NorESM2-MM",2014,0.552223352792961
"NorESM2-MM",2015,0.594303421501617
"NorESM2-MM",2016,0.637170654393519
"NorESM2-MM",2017,0.680960887722191
"NorESM2-MM",2018,0.725825756072467
"NorESM2-MM",2019,0.771913910092788
"NorESM2-MM",2020,0.819352577609953
"NorESM2-MM",2021,0.868231012946885
"NorESM2-MM",2022,0.918587262339745
"NorESM2-MM",2023,0.970399466790979
"NorESM2-MM",2024,1.02358264503951
"NorESM2-MM",2025,1.07799157159264
"NorESM2-MM",2026,1.13343001509346
"NorESM2-MM",2027,1.18966626044384
"NorESM2-MM",2028,1.24645453481116
"NorESM2-MM",2029,1.30356172311264
"NorESM2-MM",2030,1.36079862108703
"UKESM1-0-LL",1940,-0.285215491632504
"UKESM1-0-LL",1941,-0.28454021110532
"UKESM1-0-LL",1942,-0.283518611825404
"UKESM1-0-LL",1943,-0.281658681172574
"UKESM1-0-LL",1944,-0.278380019767013
"UKESM1-0-LL",1945,-0.273113971766997
"UKESM1-0-LL",1946,-0.265391187938866
"UKESM1-0-LL",1947,-0.254913416004947
"UKESM1-0-LL",1948,-0.241606689960195
"UKESM1-0-LL",1949,-0.225653832666588
"UKESM1-0-LL",1950,-0.207505200905131
"UKESM1-0-LL",1951,-0.187867785945772
"UKESM1-0-LL",1952,-0.1676740277663
"UKESM1-0-LL",1953,-0.14803290122651
"UKESM1-0-LL",1954,-0.130166889955013
"UKESM1-0-LL",1955,-0.115339295014284
"UKESM1-0-LL",1956,-0.104776866811916
"UKESM1-0-LL",1957,-0.0995929600025356
"UKESM1-0-LL",1958,-0.100716277822375
"UKESM1-0-LL",1959,-0.108829806080434
"UKESM1-0-LL",1960,-0.124323774155174
"UKESM1-0-LL",1961,-0.147265478374076
"UKESM1-0-LL",1962,-0.177387636152436
"UKESM1-0-LL",1963,-0.214095691901501
"UKESM1-0-LL",1964,-0.256493256665193
"UKESM1-0-LL",1965,-0.303423718686455
"UKESM1-0-LL",1966,-0.353525088549288
"UKESM1-0-LL",1967,-0.405294402518629
"UKESM1-0-LL",1968,-0.457157544684541
"UKESM1-0-LL",1969,-0.507540184417477
"UKESM1-0-LL",1970,-0.554935659801572
"UKESM1-0-LL",1971,-0.597966047679044
"UKESM1-0-LL",1972,-0.635433304880255
"UKESM1-0-LL",1973,-0.666358185768387
"UKESM1-0-LL",1974,-0.690005570432566
"UKESM1-0-LL",1975,-0.705895802749141
"UKESM1-0-LL",1976,-0.713802565926603
"UKESM1-0-LL",1977,-0.713738649219412
"UKESM1-0-LL",1978,-0.705931628586599
"UKESM1-0-LL",1979,-0.690791956494794
"UKESM1-0-LL",1980,-0.66887620955069
"UKESM1-0-LL",1981,-0.640848273301205
"UKESM1-0-LL",1982,-0.607441065286233
"UKESM1-0-LL",1983,-0.569421040031698
"UKESM1-0-LL",1984,-0.527557225531093
"UKESM1-0-LL",1985,-0.482595960813054
"UKESM1-0-LL",1986,-0.435241893242248
"UKESM1-0-LL",1987,-0.386145206158339
"UKESM1-0-LL",1988,-0.33589453081405
"UKESM1-0-LL",1989,-0.285014590532822
"UKESM1-0-LL",1990,-0.233967356567305
"UKESM1-0-LL",1991,-0.183155377341876
"UKESM1-0-LL",1992,-0.132925974215339
"UKESM1-0-LL",1993,-0.0835751625927807
"UKESM1-0-LL",1994,-0.0353504304944551
"UKESM1-0-LL",1995,0.0115481478021042
"UKESM1-0-LL",1996,0.0569686081376468
"UKESM1-0-LL",1997,0.100809380461392
"UKESM1-0-LL",1998,0.143022619133016
"UKESM1-0-LL",1999,0.183617800383739
"UKESM1-0-LL",2000,0.222664674228462
"UKESM1-0-LL",2001,0.260294640950102
"UKESM1-0-LL",2002,0.296699721558628
"UKESM1-0-LL",2003,0.332128495676651
"UKESM1-0-LL",2004,0.366878667041894
"UKESM1-0-LL",2005,0.40128625607469
"UKESM1-0-LL",2006,0.435711775497348
"UKESM1-0-LL",2007,0.470524081958063
"UKESM1-0-LL",2008,0.506082879102162
"UKESM1-0-LL",2009,0.54272104593527
"UKESM1-0-LL",2010,0.580728057140282
"UKESM1-0-LL",2011,0.620335737896731
"UKESM1-0-LL",2012,0.661707454598741
"UKESM1-0-LL",2013,0.704931595823725
"UKESM1-0-LL",2014,0.750019866351739
"UKESM1-0-LL",2015,0.796910530609177
"UKESM1-0-LL",2016,0.845476335749536
"UKESM1-0-LL",2017,0.895536456058797
"UKESM1-0-LL",2018,0.94687146560355
"UKESM1-0-LL",2019,0.999240096499695
"UKESM1-0-LL",2020,1.0523963997158
"UKESM1-0-LL",2021,1.10610590784445
"UKESM1-0-LL",2022,1.16015950732033
"UKESM1-0-LL",2023,1.21438395189402
"UKESM1-0-LL",2024,1.26864826938684
"UKESM1-0-LL",2025,1.32286569990821
"UKESM1-0-LL",2026,1.37699121874298
"UKESM1-0-LL",2027,1.43101509985118
"UKESM1-0-LL",2028,1.4849533244188
"UKESM1-0-LL",2029,1.53883589370594
"UKESM1-0-LL",2030,1.59269423248891
