"model","region","window","bias","correlation","ar","region.window","bias.scaled.min","correlation.scaled.min","ar.scaled.min","total.weight","scaled.total.weight"
"ACCESS-CM2","North_Pacific","annual",1.66409319446592,0.855666035128379,0.0787697654903341,"North_Pacific-annual",4.79559207927991,5.006420924494,4.3738692074525,9.80201300377391,1.14840712695485
"ACCESS-CM2","North_Pacific","winter",2.15675300362312,0.784972644701888,0.0555454131861626,"North_Pacific-winter",4.71068299739851,4.77402818536958,5.21892860941147,9.48471118276809,1.1420378967378
"ACCESS-CM2","Eastern_Bering_Sea","annual",0.705430268062908,0.416607063120615,0.251051499263108,"Eastern_Bering_Sea-annual",4.13920891958456,3.40502234085343,1.32958978974193,7.54423126043799,1.02203218390203
"ACCESS-CM2","Eastern_Bering_Sea","winter",0.152924128882836,0.467656178358857,0.254594016636463,"Eastern_Bering_Sea-winter",4.1422649539695,3.58050382180407,1.52888412413324,7.72276877577356,1.15696225945906
"ACCESS-CM2","Gulf_of_Alaska","annual",0.138057054333827,0.208034300000072,0.0584301111250941,"Gulf_of_Alaska-annual",4.75692199417724,3.79349146779326,3.93994601757861,8.5504134619705,1.06227721820605
"ACCESS-CM2","Gulf_of_Alaska","winter",0.336259842968518,0.277939962204389,0.196078282786428,"Gulf_of_Alaska-winter",4.5780221565117,4.11991742111813,3.95197455799969,8.69793957762983,1.09968554095088
"ACCESS-CM2","British_Columbia_Coast","annual",0.106891365380946,0.542836474522291,0.316572582037352,"British_Columbia_Coast-annual",5.29016381866067,4.07200403352107,1,9.36216785218174,1.29061772202489
"ACCESS-CM2","British_Columbia_Coast","winter",0.124468869241474,0.462845288257045,0.0304458233695546,"British_Columbia_Coast-winter",5.20830182405455,3.91618812544088,4.82623248360446,9.12448994949543,1.24729864460714
"ACCESS-CM2","Northern_California_Current","annual",0.679799177722293,0.492864453218975,0.417944023116848,"Northern_California_Current-annual",3.81569622710791,4.52835996866968,1,8.34405619577759,1.2526894662956
"ACCESS-CM2","Northern_California_Current","winter",0.0402072303589538,0.335607067113527,0.232471879999804,"Northern_California_Current-winter",5.46611108021091,3.72833917844477,2.69805581414519,9.19445025865567,1.27107656707034
"ACCESS-CM2","Southern_California_Current","annual",0.828522754028224,-0.0598900849956817,0.156398961671605,"Southern_California_Current-annual",3.7648846880617,2.77396464174997,3.32326192700355,6.53884932981168,1.0676190929248
"ACCESS-CM2","Southern_California_Current","winter",0.242301038166881,-0.283030433012637,0.154248601920417,"Southern_California_Current-winter",4.55968454560068,2.12696688408283,3.79101480279856,6.68665142968351,1.04444762805262
"ACCESS-ESM1-5","North_Pacific","annual",3.17263188664865,0.912935239994438,0.225775647728474,"North_Pacific-annual",1.85200845454853,5.51993907372815,1.97922425909825,7.37194752827667,0.863699841833568
"ACCESS-ESM1-5","North_Pacific","winter",3.57607623937458,0.839296044277175,0.231267891916137,"North_Pacific-winter",1.75645085386012,5.2181322061469,2.15659534579772,6.97458306000702,0.839797650659604
"ACCESS-ESM1-5","Eastern_Bering_Sea","annual",0.359623950440366,0.61905558980459,0.126730373916369,"Eastern_Bering_Sea-annual",4.57419382992219,4.00598624377667,2.95500619675614,8.58018007369886,1.16237425342208
"ACCESS-ESM1-5","Eastern_Bering_Sea","winter",0.338361180369959,0.438860488249126,0.151103288703083,"Eastern_Bering_Sea-winter",3.8440823189201,3.50311134179024,2.91000652049521,7.34719366071035,1.100696657531
"ACCESS-ESM1-5","Gulf_of_Alaska","annual",0.754020181780703,0.091886188780941,0.258402042985691,"Gulf_of_Alaska-annual",4.26633411365493,3.43948036074646,1.95366230117569,7.70581447440139,0.957346823084807
"ACCESS-ESM1-5","Gulf_of_Alaska","winter",0.510814736307927,-0.171509213228074,0.447754097140969,"Gulf_of_Alaska-winter",4.43369650892688,2.84757425141684,2.290533330035,7.28127076034373,0.920575281471466
"ACCESS-ESM1-5","British_Columbia_Coast","annual",0.941018918907146,0.0137041210055958,0.0951912175587097,"British_Columbia_Coast-annual",4.30869508534679,2.39644103935736,3.57048705466868,6.70513612470415,0.924333727803847
"ACCESS-ESM1-5","British_Columbia_Coast","winter",0.726235088933954,-0.199305918833726,0.272623385033397,"British_Columbia_Coast-winter",4.43904596841003,2.05531797026957,2.21625707596675,6.49436393867959,0.887765933563061
"ACCESS-ESM1-5","Northern_California_Current","annual",1.04178632628268,-0.193924731704281,0.055841247601369,"Northern_California_Current-annual",3.2256849494621,2.32744764250882,4.31139752821923,5.55313259197092,0.833689340014862
"ACCESS-ESM1-5","Northern_California_Current","winter",0.792660947443339,-0.341018874431212,0.073195957643444,"Northern_California_Current-winter",4.40518461681697,1.5889201798585,4.53713164108178,5.99410479667547,0.82864836214059
"ACCESS-ESM1-5","Southern_California_Current","annual",1.09716435094804,-0.257463819819715,0.199552260958992,"Southern_California_Current-annual",3.46517536707069,1.94792445694327,2.729800756344,5.41309982401395,0.883814327648928
"ACCESS-ESM1-5","Southern_California_Current","winter",0.439876148703259,-0.27603506116257,0.00187817065109891,"Southern_California_Current-winter",4.24491111281286,2.15438779448714,5.5358307437048,6.3992989073,0.999563478852608
"BCC-CSM2-MR","North_Pacific","annual",2.31501304528979,0.807346468708124,0.209082287999034,"North_Pacific-annual",3.52546422387476,4.57315186867319,2.25114990546393,8.09861609254794,0.948836574239644
"BCC-CSM2-MR","North_Pacific","winter",2.88737659195952,0.707300646796975,0.20601663010134,"North_Pacific-winter",3.18993590109105,4.13904497664068,2.59665161840754,7.32898087773172,0.882470087443775
"BCC-CSM2-MR","Eastern_Bering_Sea","annual",2.38740601885389,0.139101756363787,0.0733166597390819,"Eastern_Bering_Sea-annual",2.02347524479821,2.58125407263171,3.65335514703458,4.60472931742991,0.623811942941072
"BCC-CSM2-MR","Eastern_Bering_Sea","winter",1.05959846279686,0.0704500831092974,0.166007013419044,"Eastern_Bering_Sea-winter",2.68433332784616,2.51295639818521,2.71111075074395,5.19728972603137,0.778615576754764
"BCC-CSM2-MR","Gulf_of_Alaska","annual",3.94374424400224,-0.708487106341151,0.161306311555718,"Gulf_of_Alaska-annual",1.72585742372315,1,2.9180960018314,2.72585742372315,0.338652189648806
"BCC-CSM2-MR","Gulf_of_Alaska","winter",3.43194873806691,-0.824156033381562,0.469780337557344,"Gulf_of_Alaska-winter",2.01844163740554,1,2.14512681165864,3.01844163740554,0.38162332529832
"BCC-CSM2-MR","British_Columbia_Coast","annual",2.49145957936197,-0.427283258326718,0.14212620190755,"British_Columbia_Coast-annual",2.48438293469063,1,3.02551900840203,3.48438293469063,0.480338147834517
"BCC-CSM2-MR","British_Columbia_Coast","winter",2.53560846132029,-0.54947195120973,0.186352489929905,"British_Columbia_Coast-winter",2.1260695729142,1.07123229312312,3.14600842480373,3.19730186603732,0.437064461244628
"BCC-CSM2-MR","Northern_California_Current","annual",1.04375123529746,-0.608151447412311,0.187517577757688,"Northern_California_Current-annual",3.22248229853132,1,3.107229254215,4.22248229853132,0.633919399975575
"BCC-CSM2-MR","Northern_California_Current","winter",1.66052663074982,-0.495411100665171,0.0583132654420005,"Northern_California_Current-winter",3.18153238520994,1.10074844159369,4.70897430921698,4.28228082680363,0.591999158126998
"BCC-CSM2-MR","Southern_California_Current","annual",0.0970110266396755,-0.353489037764739,0.194258916320371,"Southern_California_Current-annual",4.58099390430503,1.54645060290058,2.80259691695781,6.12744450720561,1.00044769603497
"BCC-CSM2-MR","Southern_California_Current","winter",1.13684282740634,-0.320837267186752,0.146922145755957,"Southern_California_Current-winter",3.13451520617006,1.97876921356881,3.87491111653614,5.11328441973887,0.798689424731605
"CAMS-CSM1-0","North_Pacific","annual",2.10982942715659,0.408857015726241,0.0812139011272679,"North_Pacific-annual",3.92583521968005,1,4.33405558253513,4.92583521968005,0.577112504371071
"CAMS-CSM1-0","North_Pacific","winter",2.54562965942472,0.323328454308412,0.101773603343983,"North_Pacific-winter",3.90126067026206,1,4.41330530236437,4.90126067026206,0.590152437893865
"CAMS-CSM1-0","Eastern_Bering_Sea","annual",1.9572522051482,0.733468306920512,0.0312935172221422,"Eastern_Bering_Sea-annual",2.56455968585921,4.34561782395295,4.20277991399051,6.91017750981216,0.936135646919975
"CAMS-CSM1-0","Eastern_Bering_Sea","winter",1.28380151101402,0.745188940589533,0.198460281429035,"Eastern_Bering_Sea-winter",2.32381500010441,4.32641227797475,2.27800977465854,6.65022727807916,0.996282835982235
"CAMS-CSM1-0","Gulf_of_Alaska","annual",3.06001681557734,0.138864446368441,0.259962020184551,"Gulf_of_Alaska-annual",2.42970794131406,3.58266671824395,1.93816734006177,6.01237465955801,0.746959039650457
"CAMS-CSM1-0","Gulf_of_Alaska","winter",3.07983813203414,0.0714622876235031,0.494556047792567,"Gulf_of_Alaska-winter",2.30957407296751,3.53540092112453,1.98156963179027,5.84497499409204,0.738983575461208
"CAMS-CSM1-0","British_Columbia_Coast","annual",2.20833194736984,0.30979707844465,0.0177801323515791,"British_Columbia_Coast-annual",2.81752253326013,3.33405598393609,4.46931696693974,6.15157851719621,0.848023276026917
"CAMS-CSM1-0","British_Columbia_Coast","winter",2.33294836139624,0.201581527101354,0.310136684943269,"British_Columbia_Coast-winter",2.38513607327666,3.18194807489638,1.81197193265522,5.56708414817303,0.761008730445709
"CAMS-CSM1-0","Northern_California_Current","annual",1.35793917134831,0.207636706890662,0.0071768758723334,"Northern_California_Current-annual",2.71038006974367,3.61430762708074,4.75642885952141,6.32468769682441,0.949522566666146
"CAMS-CSM1-0","Northern_California_Current","winter",1.77595132928,-0.00478054554112481,0.129446775508224,"Northern_California_Current-winter",3.01878866500556,2.65206988298407,3.88763284772949,5.67085854798963,0.783961543403258
"CAMS-CSM1-0","Southern_California_Current","annual",0.420574740760172,-0.0155364852915837,0.218193024770013,"Southern_California_Current-annual",4.22001086158834,2.95940353993676,2.47344562948328,7.1794144015251,1.17220622535864
"CAMS-CSM1-0","Southern_California_Current","winter",1.28665427790853,-0.129509756521257,0.118195176941196,"Southern_California_Current-winter",2.89583805489593,2.72874714759231,4.20386780914612,5.62458520248824,0.878554046864195
"CanESM5-CanOE","North_Pacific","annual",2.59061758115175,0.837642801963998,0.285889664303941,"North_Pacific-annual",2.98768219490265,4.84481125382658,1,7.83249344872923,0.917657556145319
"CanESM5-CanOE","North_Pacific","winter",3.13794913283528,0.868993849573681,0.278920624321973,"North_Pacific-winter",2.66838489995399,5.46091735662632,1.32614639809809,8.12930225658031,0.978835419671824
"CanESM5-CanOE","Eastern_Bering_Sea","annual",0.906704763825096,0.734239866417212,0.0187932968206952,"Eastern_Bering_Sea-annual",3.88602855812011,4.34790818098379,4.36621201995912,8.2339367391039,1.11546797242387
"CanESM5-CanOE","Eastern_Bering_Sea","winter",0.182149212694031,0.835387121290698,0.0953265796593195,"Eastern_Bering_Sea-winter",4.09527104185498,4.5688326148584,3.65436752359197,8.66410365671338,1.2979853772528
"CanESM5-CanOE","Gulf_of_Alaska","annual",2.21628890615423,0.237545955471986,0.011440591261027,"Gulf_of_Alaska-annual",3.10170057914789,3.88344087562035,4.40668411066585,6.98514145476824,0.867812611208738
"CanESM5-CanOE","Gulf_of_Alaska","winter",1.86122127566937,0.0114838918147265,0.368427421100881,"Gulf_of_Alaska-winter",3.31715205366978,3.36560841418866,2.8142094345046,6.68276046785843,0.844905278376813
"CanESM5-CanOE","British_Columbia_Coast","annual",1.01048329688412,0.0339759706998679,0.183988314898005,"British_Columbia_Coast-annual",4.22696044563217,2.46063435686142,2.53945271381369,6.68759480249359,0.921915576188737
"CanESM5-CanOE","British_Columbia_Coast","winter",0.960295021581496,-0.0300918248205742,0.0164345669069807,"British_Columbia_Coast-winter",4.13984011758494,2.5308671409294,4.97723340435939,6.67070725851435,0.911871695642132
"CanESM5-CanOE","Northern_California_Current","annual",0.384556201298993,0.0321988531837556,0.038430028151928,"Northern_California_Current-annual",4.2969196253093,3.05209240416356,4.47062157439254,7.34901202947286,1.1033039256925
"CanESM5-CanOE","Northern_California_Current","winter",0.769249310932592,-0.0291072013243009,0.0510931504356866,"Northern_California_Current-winter",4.43819398890414,2.57515159422356,4.79234120346799,7.01334558312769,0.969552172963009
"CanESM5-CanOE","Southern_California_Current","annual",1.60822346364663,0.0914566783449133,0.195943787059809,"Southern_California_Current-annual",2.89501355516453,3.40673350888258,2.77942591084822,6.30174706404711,1.02890663861699
"CanESM5-CanOE","Southern_California_Current","winter",0.548128706265071,0.0215395641109376,0.115732002136321,"Southern_California_Current-winter",4.07244490965962,3.32084003078172,4.23207398162317,7.39328494044134,1.15482300831204
"CanESM5","North_Pacific","annual",2.74860644063716,0.866745590081398,0.280708506207486,"North_Pacific-annual",2.67940145800066,5.10576842839455,1.08439821504696,7.7851698863952,0.912113111730038
"CanESM5","North_Pacific","winter",3.29685929961511,0.879276826403134,0.297635521940601,"North_Pacific-winter",2.33762337163485,5.54498262852063,1,7.88260600015548,0.949131144191895
"CanESM5","Eastern_Bering_Sea","annual",0.519844791062748,0.623587180016861,0.0982832916611832,"Eastern_Bering_Sea-annual",4.37265428468918,4.01943816750772,3.32693296383052,8.3920924521969,1.13689364500321
"CanESM5","Eastern_Bering_Sea","winter",0.193987387432015,0.539950591407393,0.269601310074485,"Eastern_Bering_Sea-winter",4.07623526605268,3.77480525704139,1.32860619112488,7.85104052309408,1.17617888692954
"CanESM5","Gulf_of_Alaska","annual",2.00763073628167,-0.0271021820403969,0.223907616403064,"Gulf_of_Alaska-annual",3.26788774969451,3.07681234627755,2.29628897478052,6.34470009597205,0.788246135497126
"CanESM5","Gulf_of_Alaska","winter",1.64162601892619,-0.417703114940014,0.38566072119548,"Gulf_of_Alaska-winter",3.49871801856306,2.15062530504512,2.70044357526029,5.64934332360818,0.714249750000237
"CanESM5","British_Columbia_Coast","annual",0.808391683394918,0.126512597476946,0.0409656000916054,"British_Columbia_Coast-annual",4.46474973704943,2.75366302237756,4.2001075652246,7.21841275942699,0.995091262974531
"CanESM5","British_Columbia_Coast","winter",0.799206899047447,-0.0262623437517823,0.105038647315589,"British_Columbia_Coast-winter",4.34576390904905,2.54162928551873,4.02233704941212,6.88739319456778,0.941492208771178
"CanESM5","Northern_California_Current","annual",0.130196175326025,-0.0615225206739677,0.0212366017281394,"Northern_California_Current-annual",4.71150695113889,2.75174910890441,4.62785392280606,7.46325606004331,1.12045533147464
"CanESM5","Northern_California_Current","winter",0.60542115740761,-0.203538396114153,0.0982439973961716,"Northern_California_Current-winter",4.66918443998078,2.02361877650815,4.24791501787916,6.69280321648893,0.925239149397055
"CanESM5","Southern_California_Current","annual",1.63860848620375,-0.370654398493489,0.200137473355365,"Southern_California_Current-annual",2.86111458127774,1.47468358507669,2.72175268494341,4.33579816635442,0.70791979933901
"CanESM5","Southern_California_Current","winter",0.549158114880653,-0.403786335820199,0.233983176819028,"Southern_California_Current-winter",4.07080487269955,1.65362009671415,2.87796260385468,5.72442496941371,0.894148909082932
"CESM2-WACCM","North_Pacific","annual",3.08644163246786,0.891159200651908,0.191271612409286,"North_Pacific-annual",2.02018990201999,5.32467896060139,2.54127601251777,7.34486886262138,0.860527296294709
"CESM2-WACCM","North_Pacific","winter",3.57213832161628,0.822035225966471,0.231144715717341,"North_Pacific-winter",1.76464738226687,5.07702176619612,2.15874194976999,6.84166914846299,0.823793713263733
"CESM2-WACCM","Eastern_Bering_Sea","annual",0.288825465807556,0.5573401638347,0.111955513797602,"Eastern_Bering_Sea-annual",4.66325024942826,3.82278538838427,3.14817771110178,8.48603563781252,1.14962031732316
"CESM2-WACCM","Eastern_Bering_Sea","winter",0.409379229063178,0.277983722105598,0.0899204619863249,"Eastern_Bering_Sea-winter",3.72988535167119,3.07073233434135,3.72651418198969,6.80061768601253,1.01881310086721
"CESM2-WACCM","Gulf_of_Alaska","annual",0.100939214963366,0.0936398265340921,0.02009464421393,"Gulf_of_Alaska-annual",4.78648474125563,3.4448253227595,4.32072502480163,8.23131006401512,1.02263278797963
"CESM2-WACCM","Gulf_of_Alaska","winter",0.102689576111045,-0.130461507877718,0.337056925995618,"Gulf_of_Alaska-winter",4.77114295293198,2.96377597207677,3.02130217419919,7.73491892500875,0.977930281803277
"CESM2-WACCM","British_Columbia_Coast","annual",0.409133551066624,0.100581464783034,0.146165667928475,"British_Columbia_Coast-annual",4.93453325126733,2.6715488858106,2.97861625694861,7.60608213707793,1.04853326241124
"CESM2-WACCM","British_Columbia_Coast","winter",0.380239430907279,0.177016670250657,0.159997374072152,"British_Columbia_Coast-winter",4.8813426232482,3.11291247020367,3.43004053653858,7.99425509345187,1.09279790957057
"CESM2-WACCM","Northern_California_Current","annual",0.830211162766837,0.0785541625863511,0.0842957005838363,"Northern_California_Current-annual",3.57053623227851,3.20064449858621,4.0511840980989,6.77118073086472,1.01655436839343
"CESM2-WACCM","Northern_California_Current","winter",0.527960418745304,0.0734016832538547,0.133007847636584,"Northern_California_Current-winter",4.77840065574926,2.89927374462428,3.84651500912364,7.67767440037353,1.06139157267435
"CESM2-WACCM","Southern_California_Current","annual",1.67924423651161,0.0110030163149456,0.106383685617052,"Southern_California_Current-annual",2.81577940879377,3.07036310058514,4.01109170522101,5.88614250937891,0.961049537881029
"CESM2-WACCM","Southern_California_Current","winter",0.963039513989825,0.064468659281939,0.168023695098658,"Southern_California_Current-winter",3.41141580081223,3.48911627079477,3.63327420992473,6.900532071607,1.07785555001363
"CESM2","North_Pacific","annual",3.20551386445077,0.9364386802995,0.134841054666859,"North_Pacific-annual",1.7878464599582,5.73068834455037,3.46049875363102,7.51853480450857,0.880874056220022
"CESM2","North_Pacific","winter",3.67618273451567,0.881535202756137,0.223236057136795,"North_Pacific-winter",1.54808547360464,5.56344528046506,2.29656693617361,7.1115307540697,0.856287288928673
"CESM2","Eastern_Bering_Sea","annual",0.157103405117061,0.703752078249547,0.00392233417071941,"Eastern_Bering_Sea-annual",4.8289415796297,4.25740586679635,4.56064001127557,9.08634744642606,1.23094576554965
"CESM2","Eastern_Bering_Sea","winter",0.615125296373554,0.560142805568428,0.13544790553672,"Eastern_Bering_Sea-winter",3.39904583492058,3.82907468156075,3.11893345285392,7.22812051648132,1.08285808978568
"CESM2","Gulf_of_Alaska","annual",0.121903018062259,0.557217309214741,0.116918644915975,"Gulf_of_Alaska-annual",4.76978798251846,4.85777621901749,3.35899037453319,9.62756420153595,1.19609913176653
"CESM2","Gulf_of_Alaska","winter",0.146829669981794,0.462503107277674,0.329500029444613,"Gulf_of_Alaska-winter",4.73464699735906,4.6423962014755,3.07118912705361,9.37704319883457,1.18554500529654
"CESM2","British_Columbia_Coast","annual",0.643170993659727,0.496684395419247,0.0123799622673984,"British_Columbia_Coast-annual",4.65915518545613,3.92585777099369,4.53201902556642,8.58501295644982,1.18348335987433
"CESM2","British_Columbia_Coast","winter",0.516851366445319,0.342394911709622,0.198984964748479,"British_Columbia_Coast-winter",4.70670747769737,3.57768159023265,3.00986679224469,8.28438906793002,1.1324586155524
"CESM2","Northern_California_Current","annual",1.06526327870153,0.309451589921259,0.0498947844341185,"Northern_California_Current-annual",3.18741931835623,3.94058770831659,4.36577740256746,7.12800702667283,1.07012454236736
"CESM2","Northern_California_Current","winter",0.703842090363455,0.0712912093200795,0.20418823165345,"Northern_California_Current-winter",4.53041527723496,2.8926006513349,3.02463231862762,7.42301592856986,1.02618659499656
"CESM2","Southern_California_Current","annual",1.90137866765613,0.114602794154593,0.250365677633856,"Southern_California_Current-annual",2.56795569016496,3.50350559145729,2.0309946339141,6.07146128162225,0.991307133605455
"CESM2","Southern_California_Current","winter",1.17062595864796,-0.0770363399317604,0.303412345951354,"Southern_California_Current-winter",3.08069247433722,2.93443583516296,2.08291910324373,6.01512830950018,0.939556452337308
"CIESM","North_Pacific","annual",3.60927235065807,0.886907548812861,0.182778803400402,"North_Pacific-annual",1,5.28655549811083,2.67961919906807,6.28655549811083,0.736534947999768
"CIESM","North_Pacific","winter",3.93950342499235,0.879015096304594,0.236769874155264,"North_Pacific-winter",1,5.54284293568055,2.06071174941059,6.54284293568055,0.787812558649747
"CIESM","Eastern_Bering_Sea","annual",2.16943815723441,0.504370939846856,0.144374873604422,"Eastern_Bering_Sea-annual",2.29765395672829,3.66554743706916,2.72431604488911,5.96320139379745,0.80784688766243
"CIESM","Eastern_Bering_Sea","winter",1.81072751819321,0.415015607295312,0.00327328542459776,"Eastern_Bering_Sea-winter",1.47651838900801,3.43902485990293,4.8828530977616,4.91554324891094,0.736406616441662
"CIESM","Gulf_of_Alaska","annual",1.40725752788133,0.249958578580205,0.0389368344253123,"Gulf_of_Alaska-annual",3.74605893674645,3.92127366000033,4.13356908121488,7.66733259674678,0.952565952296733
"CIESM","Gulf_of_Alaska","winter",0.710449792972588,0.280769074608013,0.112810856902949,"Gulf_of_Alaska-winter",4.26863405617894,4.12792633967851,4.5016655748505,8.39656039585745,1.06158199636072
"CIESM","British_Columbia_Coast","annual",1.68772149088353,-0.359989270403709,0.248788743869631,"British_Columbia_Coast-annual",3.43009417547184,1.21309472978567,1.7870467278771,4.64318890525751,0.640084858811648
"CIESM","British_Columbia_Coast","winter",1.21673047034153,-0.574818453083729,0.0863603361558443,"British_Columbia_Coast-winter",3.81203097161079,1,4.22363535487117,4.81203097161079,0.657794544343779
"CIESM","Northern_California_Current","annual",2.2266725181748,-0.223393781862542,0.31444069555167,"Northern_California_Current-annual",1.29441137048719,2.23300993562965,1.946528682565,3.52742130611684,0.529570200593242
"CIESM","Northern_California_Current","winter",1.59994786060864,-0.435843248328542,0.250069609011858,"Northern_California_Current-winter",3.26694577197833,1.28909563192313,2.49486403502216,4.55604140390146,0.629844885141413
"CIESM","Southern_California_Current","annual",3.30680082507396,-0.0795622831379515,0.214529341030668,"Southern_California_Current-annual",1,2.69171673464093,2.52383005145756,3.69171673464093,0.602758539427326
"CIESM","Southern_California_Current","winter",2.47662259873447,-0.115520747141965,0.174029990305268,"Southern_California_Current-winter",1,2.78358217009809,3.56449525107439,3.78358217009809,0.590991390033946
"CMCC-CM2-SR5","North_Pacific","annual",2.6581280583283,0.844837805502283,0.226755299746864,"North_Pacific-annual",2.85595025050873,4.90932698980291,1.96326626666103,7.76527724031164,0.909782482651341
"CMCC-CM2-SR5","North_Pacific","winter",2.94621737838481,0.825681522514184,0.246407617487073,"North_Pacific-winter",3.06746250093098,5.1068309270816,1.89275382960157,8.17429342801258,0.984252729888674
"CMCC-CM2-SR5","Eastern_Bering_Sea","annual",0.908382143180378,0.790186982498677,0.105487840473186,"Eastern_Bering_Sea-annual",3.88391860618668,4.51398593807265,3.23273825789054,8.39790454425932,1.1376810208058
"CMCC-CM2-SR5","Eastern_Bering_Sea","winter",1.22533026097724,0.726257798491189,0.118719589631029,"Eastern_Bering_Sea-winter",2.41783672483944,4.27553216255116,3.34217907313442,6.6933688873906,1.00274596018482
"CMCC-CM2-SR5","Gulf_of_Alaska","annual",0.192422560565051,0.394262262069321,0.232829757929982,"Gulf_of_Alaska-annual",4.71362222948833,4.36110093060082,2.20766701536117,9.07472316008915,1.12741585156841
"CMCC-CM2-SR5","Gulf_of_Alaska","winter",0.117867715987728,0.423657258257007,0.422246264616386,"Gulf_of_Alaska-winter",4.75859334847847,4.53242770364672,2.45892362491117,9.29102105212518,1.17466917544125
"CMCC-CM2-SR5","British_Columbia_Coast","annual",0.870482070661797,0.21226015859389,0.0521723724312316,"British_Columbia_Coast-annual",4.39169163762066,3.02519327240377,4.0699843125675,7.41688491002443,1.02245155804014
"CMCC-CM2-SR5","British_Columbia_Coast","winter",0.571019168553399,0.226679461281759,0.243839826062442,"British_Columbia_Coast-winter",4.63746314726565,3.25248180823799,2.52646079815452,7.88994495550365,1.07853893242207
"CMCC-CM2-SR5","Northern_California_Current","annual",1.11174221339877,-0.021178727897263,0.0989668279958591,"Northern_California_Current-annual",3.11166222103,2.8810364546512,3.91701794878065,5.99269867568121,0.899681201752721
"CMCC-CM2-SR5","Northern_California_Current","winter",0.637871748282116,-0.140142963661088,0.179099393916626,"Northern_California_Current-winter",4.62343054199363,2.2240683665786,3.31432001482877,6.84749890857223,0.946624883584774
"CMCC-CM2-SR5","Southern_California_Current","annual",1.20557775532992,-0.0992289022740914,0.249104523222293,"Southern_California_Current-annual",3.34422422552683,2.60949215291599,2.04833852617329,5.95371637844281,0.97208254218448
"CMCC-CM2-SR5","Southern_California_Current","winter",0.689476012405853,-0.151294956395471,0.19917119972982,"Southern_California_Current-winter",3.84725269466626,2.64335211403377,3.27659961008821,6.49060480870003,1.01382536062517
"CMCC-ESM2","North_Pacific","annual",2.38539540413523,0.802087197076896,0.244798614722113,"North_Pacific-annual",3.38812842994319,4.52599334009391,1.66935059200081,7.9141217700371,0.927221157613224
"CMCC-ESM2","North_Pacific","winter",2.86687815124001,0.829217852129732,0.24347243218715,"North_Pacific-winter",3.23260211759523,5.13574108758955,1.94390559825284,8.36834320518478,1.00761793259372
"CMCC-ESM2","Eastern_Bering_Sea","annual",0.822257815885687,0.536836496027095,0.0681731556470009,"Eastern_Bering_Sea-annual",3.99225318793675,3.76192071116617,3.7206030577778,7.75417389910292,1.05047353545684
"CMCC-ESM2","Eastern_Bering_Sea","winter",1.24110332272553,0.398173213214083,0.103739594818729,"Eastern_Bering_Sea-winter",2.39247365377471,3.39375854948115,3.54209269579221,5.78623220325586,0.86684613744157
"CMCC-ESM2","Gulf_of_Alaska","annual",0.120733433189317,0.616541145367919,0.132021296670572,"Gulf_of_Alaska-annual",4.77071950607618,5.03859101394108,3.20897856549805,9.80931052001726,1.21867873852756
"CMCC-ESM2","Gulf_of_Alaska","winter",0.250045635020602,0.467593198589517,0.339824224306659,"Gulf_of_Alaska-winter",4.64930587222456,4.65680571264559,3.00303381767938,9.30611158487015,1.17657708024063
"CMCC-ESM2","British_Columbia_Coast","annual",0.684878125957081,0.399596815792051,0.0470289978025231,"British_Columbia_Coast-annual",4.61008086087233,3.61841795081434,4.12970468664479,8.22849881168667,1.13433625199838
"CMCC-ESM2","British_Columbia_Coast","winter",0.634619444826628,0.425221050231207,0.162782115485672,"British_Columbia_Coast-winter",4.55616100144432,3.81045121685628,3.40002905836535,8.36661221830059,1.14369834780924
"CMCC-ESM2","Northern_California_Current","annual",0.957181365081208,0.166794500215411,0.00778372666364879,"Northern_California_Current-annual",3.36358454466093,3.48342304404932,4.75087926325693,6.84700758871025,1.02793822102537
"CMCC-ESM2","Northern_California_Current","winter",0.732597135192149,0.183425997514842,0.0132708062710871,"Northern_California_Current-winter",4.48987193573477,3.24715888142378,5.22905604298757,7.73703081715855,1.06959723460718
"CMCC-ESM2","Southern_California_Current","annual",1.17652903446883,0.0309294015631652,0.0805730929153331,"Southern_California_Current-annual",3.37663235779211,3.15367374391346,4.36604914331094,6.53030610170557,1.06622421242194
"CMCC-ESM2","Southern_California_Current","winter",0.786864381446742,-0.127908778596018,0.0732555075910467,"Southern_California_Current-winter",3.69209513887199,2.73502276426976,4.71847849054927,6.42711790314175,1.00390877552722
"CNRM-CM6-1","North_Pacific","annual",2.60329481181212,0.863814748846338,0.217318902373094,"North_Pacific-annual",2.96294534938971,5.07948833300564,2.11697998857289,8.04243368239534,0.942254224246443
"CNRM-CM6-1","North_Pacific","winter",2.4398245077088,0.903940288677757,0.2177737244549,"North_Pacific-winter",4.1214874461491,5.74661107681517,2.3917595557496,9.86809852296427,1.18820091247929
"CNRM-CM6-1","Eastern_Bering_Sea","annual",1.00591401513729,0.728257066564854,0.0465198743401697,"Eastern_Bering_Sea-annual",3.76123463421672,4.33014837404139,4.00370537529346,8.0913830082581,1.09615593176258
"CNRM-CM6-1","Eastern_Bering_Sea","winter",0.00259174189864564,0.708148088304641,0.172521615278592,"Eastern_Bering_Sea-winter",4.38399931570963,4.22685976128807,2.62417095709021,8.6108590769977,1.29000870838696
"CNRM-CM6-1","Gulf_of_Alaska","annual",1.1708586598776,0.545445081517379,0.0847937684855216,"Gulf_of_Alaska-annual",3.93434036861158,4.82189531388863,3.6780807506253,8.75623568250021,1.08784794140461
"CNRM-CM6-1","Gulf_of_Alaska","winter",0.123509231348867,0.589642345773068,0.434614761391906,"Gulf_of_Alaska-winter",4.75392882523148,5.00231396424587,2.37727282932916,9.75624278947735,1.23348742927438
"CNRM-CM6-1","British_Columbia_Coast","annual",1.80453735341115,0.438334000522992,0.0514930770946292,"British_Columbia_Coast-annual",3.29264383452426,3.74108403388763,4.07787169673439,7.0337278684119,0.969631604795174
"CNRM-CM6-1","British_Columbia_Coast","winter",0.345249919754346,0.408218462458906,0.243527387410743,"British_Columbia_Coast-winter",4.92607076760015,3.76266816095101,2.52982798540229,8.68873892855116,1.18773239369139
"CNRM-CM6-1","Northern_California_Current","annual",2.19656896746989,0.165203747275292,0.0933957327229529,"Northern_California_Current-annual",1.34347784835447,3.47832525300857,3.96796511727422,4.82180310136304,0.723895167039443
"CNRM-CM6-1","Northern_California_Current","winter",0.560698442219529,-0.00102780225063153,0.194700347320058,"Northern_California_Current-winter",4.73224149050837,2.66393565667015,3.13418396000673,7.39617714717852,1.0224762974632
"CNRM-CM6-1","Southern_California_Current","annual",2.85823370347658,-0.0634776887655668,0.226548458447801,"Southern_California_Current-annual",1.50044277942918,2.75896515366656,2.358538414191,4.25940793309573,0.695447318719502
"CNRM-CM6-1","Southern_California_Current","winter",1.49682360452582,-0.115039480585918,0.304209609675378,"Southern_California_Current-winter",2.56099972315249,2.78546866982917,2.07378952053405,5.34646839298165,0.835112505897783
"EC-Earth3-CC","North_Pacific","annual",3.03398504272081,0.934533858495375,0.18855982159582,"North_Pacific-annual",2.12254747454287,5.71360830005242,2.58544959301395,7.83615577459529,0.918086635470576
"EC-Earth3-CC","North_Pacific","winter",3.20074730124746,0.918558798515495,0.204157701031122,"North_Pacific-winter",2.53767445781825,5.86612014744531,2.6290473617841,8.40379460526356,1.01188657521258
"EC-Earth3-CC","Eastern_Bering_Sea","annual",2.01606518724601,0.63516725847629,0.0633637736390644,"Eastern_Bering_Sea-annual",2.49057966166421,4.05381337023764,3.7834825434766,6.54439303190184,0.886582087930263
"EC-Earth3-CC","Eastern_Bering_Sea","winter",1.84962972817352,0.486617211403659,0.201133014876745,"Eastern_Bering_Sea-winter",1.41396366551479,3.63146427336364,2.24234114909323,5.04542793887843,0.755864881830279
"EC-Earth3-CC","Gulf_of_Alaska","annual",1.20961953155877,0.457278582650069,0.133498208528535,"Gulf_of_Alaska-annual",3.90346901765251,4.55317015305006,3.19430867684548,8.45663917070257,1.05062698705519
"EC-Earth3-CC","Gulf_of_Alaska","winter",0.995331284094721,0.382943290628111,0.360658077122023,"Gulf_of_Alaska-winter",4.03308806314176,4.41717075924534,2.86549886187297,8.4502588223871,1.06837111954322
"EC-Earth3-CC","British_Columbia_Coast","annual",1.08308208817909,0.356051890222217,0.03068346580328,"British_Columbia_Coast-annual",4.14153772649146,3.48052756217431,4.31949472838871,7.62206528866578,1.05073661306878
"EC-Earth3-CC","British_Columbia_Coast","winter",0.707365670734266,0.306455559039943,0.174630744165933,"British_Columbia_Coast-winter",4.46316731315772,3.47667978269533,3.27233502570085,7.93984709585305,1.08536045037708
"EC-Earth3-CC","Northern_California_Current","annual",0.413268117212697,0.131010983046868,0.0273698330768193,"Northern_California_Current-annual",4.25012140537449,3.36874974147185,4.57176607012638,7.61887114684634,1.14381775563155
"EC-Earth3-CC","Northern_California_Current","winter",0.212786443634633,0.0446557267030604,0.155458203347115,"Northern_California_Current-winter",5.22278202190639,2.8083820985888,3.58729248582857,8.03116412049519,1.11025936653989
"EC-Earth3-CC","Southern_California_Current","annual",0.782877354977746,-0.135897959598826,0.252364663151073,"Southern_California_Current-annual",3.81580886254785,2.45618171964312,2.00350379764505,6.27199058219097,1.02404820151812
"EC-Earth3-CC","Southern_California_Current","winter",0.339944455742353,-0.21124047995523,0.248976100472555,"Southern_California_Current-winter",4.40412065065498,2.40837377894266,2.70627645731338,6.81249442959764,1.0641041667775
"GISS-E2-1-G","North_Pacific","annual",1.70186778876836,0.900713319315865,0.181952249006241,"North_Pacific-annual",4.72188321268224,5.41034827180194,2.69308331543119,10.1322314844842,1.18709563476991
"GISS-E2-1-G","North_Pacific","winter",2.32538702550011,0.881085385287678,0.151557114005133,"North_Pacific-winter",4.35968187561431,5.55976793795852,3.54572306827023,9.91944981357283,1.19438403379856
"GISS-E2-1-G","Eastern_Bering_Sea","annual",3.20105310676503,-0.24609160943181,0.23659822793486,"Eastern_Bering_Sea-annual",1,1.43781622064863,1.51855674355964,2.43781622064863,0.330255867023443
"GISS-E2-1-G","Eastern_Bering_Sea","winter",2.10706994276935,-0.388998705711548,0.0827423390954165,"Eastern_Bering_Sea-winter",1,1.27812295364218,3.82230891149294,2.27812295364218,0.341289808914083
"GISS-E2-1-G","Gulf_of_Alaska","annual",4.85510269077233,-0.345337558582418,0.292080810742639,"Gulf_of_Alaska-annual",1,2.10685375832817,1.61913741379912,3.10685375832817,0.385986009033214
"GISS-E2-1-G","Gulf_of_Alaska","winter",4.66370466201149,-0.457433434560715,0.484713553369774,"Gulf_of_Alaska-winter",1,2.03815296431648,2.04654498932305,3.03815296431648,0.384115439781693
"GISS-E2-1-G","British_Columbia_Coast","annual",3.75300226919268,-0.373389040895546,0.104035313375793,"British_Columbia_Coast-annual",1,1.17066270041307,3.46779713828119,2.17066270041307,0.29923579601691
"GISS-E2-1-G","British_Columbia_Coast","winter",3.41649955240669,-0.502187194812062,0.223049133066635,"British_Columbia_Coast-winter",1,1.20411854483225,2.75052448536813,2.20411854483225,0.301298383661956
"GISS-E2-1-G","Northern_California_Current","annual",2.40730149349142,-0.117920719321492,0.0277976557994194,"Northern_California_Current-annual",1,2.57101316649077,4.56785366955415,3.57101316649077,0.536114627311542
"GISS-E2-1-G","Northern_California_Current","winter",3.20776124957531,-0.235329331139354,0.0778851187212798,"Northern_California_Current-winter",1,1.92309923358247,4.48298834899294,2.92309923358247,0.404100607921631
"GISS-E2-1-G","Southern_California_Current","annual",0.0255681038005111,-0.158846635667087,0.180819992320017,"Southern_California_Current-annual",4.66069902123125,2.36023511703737,2.98741429364414,7.02093413826862,1.14633063985876
"GISS-E2-1-G","Southern_California_Current","winter",1.694772743967,-0.291951208160374,0.109675732230466,"Southern_California_Current-winter",2.24563039363451,2.09199865347178,4.30142520801361,4.3376290471063,0.677532905261184
"HadGEM3-GC31-LL","North_Pacific","annual",2.1321604840015,0.832095327530292,0.219743908425159,"North_Pacific-annual",3.8822610418401,4.79506848525169,2.07747797406916,8.67732952709179,1.01663883408553
"HadGEM3-GC31-LL","North_Pacific","winter",2.42136705831393,0.765210169612261,0.204455998137879,"North_Pacific-winter",4.15990546744022,4.6124662301821,2.62384890818234,8.77237169762232,1.05626631427178
"HadGEM3-GC31-LL","Eastern_Bering_Sea","annual",0.493707023952177,0.403841852643176,0.0298675449481702,"Eastern_Bering_Sea-annual",4.40553261485153,3.36712910035514,4.22142355740668,7.77266171520667,1.05297811709223
"HadGEM3-GC31-LL","Eastern_Bering_Sea","winter",0.291032931390617,0.486732719456131,0.0861499513527621,"Eastern_Bering_Sea-winter",3.9201861065923,3.63177471755193,3.77683305388986,7.55196082414422,1.13137320462803
"HadGEM3-GC31-LL","Gulf_of_Alaska","annual",0.467633372054018,-0.144742959738547,0.00354150205059284,"Gulf_of_Alaska-annual",4.49442877019016,2.71825169893136,4.48514428318665,7.21268046912152,0.896081362453996
"HadGEM3-GC31-LL","Gulf_of_Alaska","winter",0.844942655478268,-0.245590235499118,0.00375038556461808,"Gulf_of_Alaska-winter",4.15743253609938,2.63785869770522,5.22162972352117,6.7952912338046,0.859132608323021
"HadGEM3-GC31-LL","British_Columbia_Coast","annual",0.199671476060333,-0.00829465957516494,0.112996656476288,"British_Columbia_Coast-annual",5.18099493037702,2.32677918176564,3.36374584883993,7.50777411214266,1.03498105087199
"HadGEM3-GC31-LL","British_Columbia_Coast","winter",0.315126451351275,0.0599014944269464,0.0844447120543773,"British_Columbia_Coast-winter",4.96457850316768,2.78377898366136,4.24428025591302,7.74835748682904,1.05918422232334
"HadGEM3-GC31-LL","Northern_California_Current","annual",0.923698095339514,-0.165268525166976,0.150308448893074,"Northern_California_Current-annual",3.41815970523948,2.41928047793126,3.44750341304758,5.83744018317074,0.876372312939243
"HadGEM3-GC31-LL","Northern_California_Current","winter",0.0950304359884342,-0.131960574501356,0.132221423619726,"Northern_California_Current-winter",5.38881278486089,2.24994020764664,3.85559543620722,7.63875299250753,1.05601092585979
"HadGEM3-GC31-LL","Southern_California_Current","annual",1.12644291473192,-0.413722336873934,0.0131583421048697,"Southern_California_Current-annual",3.43251081112748,1.29461993536782,5.29316335233719,4.72713074649531,0.771813936238164
"HadGEM3-GC31-LL","Southern_California_Current","winter",0.114952649602598,-0.40363736303124,0.15321206896018,"Southern_California_Current-winter",4.76257391420359,1.65420404987437,3.80288429228697,6.41677796407796,1.00229368837292
"HadGEM3-GC31-MM","North_Pacific","annual",2.42152510032181,0.730349135586989,0.0771371796288866,"North_Pacific-annual",3.31762922258945,3.8827366954085,4.40046313299037,7.20036591799794,0.843597282897703
"HadGEM3-GC31-MM","North_Pacific","winter",2.7014003534817,0.683314137322315,0.115077858720444,"North_Pacific-winter",3.57703375717219,3.94295074495796,4.18145070936404,7.51998450213014,0.905468508088736
"HadGEM3-GC31-MM","Eastern_Bering_Sea","annual",0.708050823904694,-0.393580083194569,0.276260407815213,"Eastern_Bering_Sea-annual",4.13591255919499,1,1,5.13591255919499,0.69577240516606
"HadGEM3-GC31-MM","Eastern_Bering_Sea","winter",0.440236345075359,-0.492480883618921,0.184685258368367,"Eastern_Bering_Sea-winter",3.68026713304256,1,2.46184259948647,4.68026713304256,0.701159466809817
"HadGEM3-GC31-MM","Gulf_of_Alaska","annual",0.872778857778135,-0.0961885289890187,0.0545132298787057,"Gulf_of_Alaska-annual",4.17174798576006,2.86624211910477,3.97885166481819,7.03799010486484,0.874378365866129
"HadGEM3-GC31-MM","Gulf_of_Alaska","winter",0.554498871526169,-0.0873603736587894,0.106772483121244,"Gulf_of_Alaska-winter",4.39757754953285,3.08579073309411,4.54152797949402,7.48336828262696,0.946126588322166
"HadGEM3-GC31-MM","British_Columbia_Coast","annual",1.27751712288281,-0.290868088784827,0.258683559733909,"British_Columbia_Coast-annual",3.91275748009417,1.43197549423662,1.67215676797756,5.34473297433079,0.73679592217038
"HadGEM3-GC31-MM","British_Columbia_Coast","winter",0.911222009207677,0.070098763536827,0.0137559627645453,"British_Columbia_Coast-winter",4.20257162508293,2.81243677896192,5.00610102896722,7.01500840404485,0.958936940333496
"HadGEM3-GC31-MM","Northern_California_Current","annual",1.16571328891181,-0.36235861406841,0.283542675853614,"Northern_California_Current-annual",3.02369350903012,1.78767762868753,2.22908831196678,4.81137113771766,0.72232902095117
"HadGEM3-GC31-MM","Northern_California_Current","winter",0.92447793366984,0.201016786393622,0.0960054350165147,"Northern_California_Current-winter",4.21932849591904,3.30277907807403,4.27376252765095,7.52210757399307,1.03988540949298
"HadGEM3-GC31-MM","Southern_California_Current","annual",1.13601033748808,-0.22548481313662,0.144292251292332,"Southern_California_Current-annual",3.42183694002651,2.08162615881151,3.4897581771899,5.50346309883802,0.898568231988265
"HadGEM3-GC31-MM","Southern_California_Current","winter",0.641146869951642,0.056257377491066,0.158447850218592,"Southern_California_Current-winter",3.92424989351739,3.45692915806967,3.74292860057781,7.38117905158706,1.15293208173507
"INM-CM4-8","North_Pacific","annual",2.05886759563282,0.918299487376855,0.17366241045421,"North_Pacific-annual",4.02527609815209,5.56803889271979,2.8281202249008,9.59331499087188,1.12395599785456
"INM-CM4-8","North_Pacific","winter",2.74883376867011,0.768349941146171,0.154946948117702,"North_Pacific-winter",3.47830408355193,4.63813445369965,3.486648089155,8.11643853725157,0.977286521167343
"INM-CM4-8","Eastern_Bering_Sea","annual",1.63439860327345,0.0913863323370609,0.221654818985617,"Eastern_Bering_Sea-annual",2.970672697412,2.43961190846076,1.71393192227587,5.41028460587275,0.732942138222662
"INM-CM4-8","Eastern_Bering_Sea","winter",1.10270107111262,0.226501052914995,0.0357688547323359,"Eastern_Bering_Sea-winter",2.61502436708548,2.93236539709453,4.4491875950671,5.54738976418001,0.83106471034061
"INM-CM4-8","Gulf_of_Alaska","annual",0.653127838713686,0.189512238851454,0.187828226948497,"Gulf_of_Alaska-annual",4.34669048328267,3.73703755474047,2.65465878750666,8.08372803802314,1.0042976484305
"INM-CM4-8","Gulf_of_Alaska","winter",0.346957196650755,-0.177571157280394,0.377524949945608,"Gulf_of_Alaska-winter",4.56917736008064,2.83041352773177,2.75415197712042,7.39959088781241,0.935534563749699
"INM-CM4-8","British_Columbia_Coast","annual",0.893491841750366,0.334472433931834,0.0408844115077522,"British_Columbia_Coast-annual",4.36461739605093,3.41219354677339,4.20105025615196,7.77681094282432,1.07206901031017
"INM-CM4-8","British_Columbia_Coast","winter",0.867992258147567,0.11063067836843,0.196890786262017,"British_Columbia_Coast-winter",4.25783351591828,2.92634524855977,3.03243599440908,7.18417876447804,0.982062173902051
"INM-CM4-8","Northern_California_Current","annual",0.982741391432327,0.123231430903706,0.127703877276045,"Northern_California_Current-annual",3.32192366287532,3.34381907485716,3.65422020076766,6.66574273773248,1.00072500911719
"INM-CM4-8","Northern_California_Current","winter",1.51932406860282,0.0562355660777812,0.0326483912460185,"Northern_California_Current-winter",3.38062175307332,2.84499631456505,5.0053131973359,6.22561806763837,0.860653657227126
"INM-CM4-8","Southern_California_Current","annual",0.206551996926377,0.00408037219343328,0.0449956758132725,"Southern_California_Current-annual",4.45878479669939,3.04142007212755,4.85532379788186,7.50020486882694,1.22458272318652
"INM-CM4-8","Southern_California_Current","winter",1.29448729873249,-0.232457442359234,0.159955621314368,"Southern_California_Current-winter",2.88335861430666,2.32520615932193,3.72566289475004,5.20856477362859,0.813572111629019
"INM-CM5-0","North_Pacific","annual",2.02662175396473,0.943235311892404,0.215633413916738,"North_Pacific-annual",4.0881968120799,5.7916319823183,2.14443566827818,9.8798287943982,1.15752405105076
"INM-CM5-0","North_Pacific","winter",2.68034815045268,0.835374405698193,0.219675960442497,"North_Pacific-winter",3.62085259513244,5.18607207230811,2.35860909837976,8.80692466744055,1.0604267784353
"INM-CM5-0","Eastern_Bering_Sea","annual",0.643303628787232,0.334182389834201,0.178008431201066,"Eastern_Bering_Sea-annual",4.21735714660569,3.16034655008958,2.28457954643507,7.37770369669527,0.999472359875377
"INM-CM5-0","Eastern_Bering_Sea","winter",0.160667562347611,0.103935240453989,0.129707361143212,"Eastern_Bering_Sea-winter",4.12981351896048,2.60295248303969,3.19554316067516,6.73276600200017,1.00864811471751
"INM-CM5-0","Gulf_of_Alaska","annual",0.470009785542016,0.496890227506595,0.0628393215560717,"Gulf_of_Alaska-annual",4.49253606005156,4.67390360364528,3.89615015683076,9.16643966369685,1.13881042947383
"INM-CM5-0","Gulf_of_Alaska","winter",0.279173313432715,0.112673359566075,0.149762063752077,"Gulf_of_Alaska-winter",4.62522249667979,3.65206511536127,4.25773169252795,8.27728761204106,1.04650226918842
"INM-CM5-0","British_Columbia_Coast","annual",0.595113682569449,0.216473730054321,0.00923620309099155,"British_Columbia_Coast-annual",4.71570139118073,3.03853606719876,4.56852161143213,7.75423745837948,1.06895715208114
"INM-CM5-0","British_Columbia_Coast","winter",0.634757096363741,0.164644425442056,0.173578480916491,"British_Columbia_Coast-winter",4.55598503734481,3.07814225326492,3.28367538764246,7.63412729060973,1.04356919400876
"INM-CM5-0","Northern_California_Current","annual",0.0277431024769239,-0.0814418462439343,0.0750587171039907,"Northern_California_Current-annual",4.87849759887553,2.68791483466399,4.13565548669795,7.56641243353952,1.13594215220403
"INM-CM5-0","Northern_California_Current","winter",0.346059248366847,-0.178540836172611,0.157416591103207,"Northern_California_Current-winter",5.03487326129981,2.10265839259963,3.56468000599663,7.13753165389945,0.986720138428472
"INM-CM5-0","Southern_California_Current","annual",1.39798624061418,-0.00751296811702339,0.190450580109546,"Southern_California_Current-annual",3.12956418352794,2.99294923170381,2.85497065670109,6.12251341523176,0.999642580689021
"INM-CM5-0","Southern_California_Current","winter",0.0130393596805636,-0.233767154739213,0.210208542584204,"Southern_California_Current-winter",4.92494049989532,2.32007226414143,3.15020939384253,7.24501276403676,1.13166305679064
"MIROC-ES2L","North_Pacific","annual",1.86719883175384,0.866389443141134,0.200838743703456,"North_Pacific-annual",4.39927580903144,5.10257495088691,2.38543270696409,9.50185075991835,1.11324001791778
"MIROC-ES2L","North_Pacific","winter",2.60187219008838,0.727382885294007,0.18333908547677,"North_Pacific-winter",3.78419537622946,4.30322105789605,2.99185546337277,8.08741643412551,0.973792019228981
"MIROC-ES2L","Eastern_Bering_Sea","annual",0.66641867075637,0.0195489273599523,0.0604928076078524,"Eastern_Bering_Sea-annual",4.18828105994677,2.22636418580228,3.82101852360948,6.41464524574905,0.869004894355407
"MIROC-ES2L","Eastern_Bering_Sea","winter",0.236561858380917,-0.331529656800527,0.148026211373268,"Eastern_Bering_Sea-winter",4.00777554976853,1.43257913101841,2.95107126610488,5.44035468078695,0.815029586731536
"MIROC-ES2L","Gulf_of_Alaska","annual",0.621744316705447,0.272213060722796,0.159899319253839,"Gulf_of_Alaska-annual",4.3716860956161,3.98910372436692,2.93207139263912,8.36078981998302,1.03871895686436
"MIROC-ES2L","Gulf_of_Alaska","winter",0.511701990746571,-0.00826123369998146,0.407824458292274,"Gulf_of_Alaska-winter",4.4329629083444,3.30971204824392,2.5541293707237,7.74267495658832,0.97891088137023
"MIROC-ES2L","British_Columbia_Coast","annual",1.26653222574147,-0.154719706035274,0.0112882727672478,"British_Columbia_Coast-annual",3.92568276117056,1.86310617512248,4.54469477058436,5.78878893629304,0.798011070534307
"MIROC-ES2L","British_Columbia_Coast","winter",1.20576945237486,-0.367199783005917,0.231505794926578,"British_Columbia_Coast-winter",3.82604277051003,1.58347909460384,2.65938606885457,5.40952186511387,0.739470296715309
"MIROC-ES2L","Northern_California_Current","annual",1.00760531473093,-0.373930431466945,0.0230022736317342,"Northern_California_Current-annual",3.2813973756548,1.75059411586058,4.61170701101041,5.03199149151538,0.755450657091716
"MIROC-ES2L","Northern_California_Current","winter",0.852504086022506,-0.492387748956273,0.20849646565754,"Northern_California_Current-winter",4.3208084380173,1.11030795695998,2.97488739236072,5.43111639497727,0.750818655654626
"MIROC-ES2L","Southern_California_Current","annual",2.28006701393191,-0.484190047833852,0.125341316257798,"Southern_California_Current-annual",2.14547299042357,1,3.75037890089838,3.14547299042357,0.513571555402725
"MIROC-ES2L","Southern_California_Current","winter",1.4750406192653,-0.570531916392628,0.176598256861607,"Southern_California_Current-winter",2.59570401879076,1,3.53508565768631,3.59570401879076,0.561645028621304
"MIROC6","North_Pacific","annual",2.17553774627797,0.90307231764887,0.236963213910565,"North_Pacific-annual",3.79761979293853,5.43150079977652,1.79698496068076,9.22912059271505,1.08128686017036
"MIROC6","North_Pacific","winter",2.79453681331976,0.80208607852178,0.176094222778397,"North_Pacific-winter",3.38317606749426,4.91393372935505,3.11811241235216,8.29710979684931,0.999040839389161
"MIROC6","Eastern_Bering_Sea","annual",0.547433136139184,0.417720092206436,0.100529243046119,"Eastern_Bering_Sea-annual",4.3379512928759,3.40832634268756,3.29756863640629,7.74627763556346,1.04940381275199
"MIROC6","Eastern_Bering_Sea","winter",0.684183483447102,0.425969030080445,0.0113421600737494,"Eastern_Bering_Sea-winter",3.2880003236369,3.46846372907922,4.77517095353556,6.75646405271612,1.01219836348154
"MIROC6","Gulf_of_Alaska","annual",0.722883023874919,-0.152699992552323,0.0578742017360084,"Gulf_of_Alaska-annual",4.29113350768003,2.69399923399116,3.94546776134066,6.98513274167119,0.867811528720208
"MIROC6","Gulf_of_Alaska","winter",0.222252862632628,-0.136734632934555,0.238802774936558,"Gulf_of_Alaska-winter",4.67228551946523,2.94601741726116,3.66992825615646,7.61830293672639,0.96318645482986
"MIROC6","British_Columbia_Coast","annual",1.05311670270338,-0.318629759487529,0.161636775559335,"British_Columbia_Coast-annual",4.17679622958464,1.34406473282419,2.79897926726718,5.52086096240883,0.761075972084796
"MIROC6","British_Columbia_Coast","winter",0.456111930850625,-0.467577212645442,0.182746381042762,"British_Columbia_Coast-winter",4.78435252484482,1.30138436900531,3.18487187461322,6.08573689385013,0.831907473310847
"MIROC6","Northern_California_Current","annual",1.07135483787634,-0.35087080972982,0.12963475945393,"Northern_California_Current-annual",3.17749054429374,1.82449190987362,3.63656245577515,5.00198245416736,0.750945413586937
"MIROC6","Northern_California_Current","winter",0.628748254057605,-0.527274428604926,0.07318682722959,"Northern_California_Current-winter",4.63629426535845,1,4.53723706519837,5.63629426535845,0.779183242528908
"MIROC6","Southern_California_Current","annual",1.68530402902462,-0.284353288377571,0.10381857128073,"Southern_California_Current-annual",2.80901881653909,1.8355017121049,4.04636816801871,4.644520528644,0.758325898603372
"MIROC6","Southern_California_Current","winter",0.867166486325782,-0.470635811985461,0.181138244054359,"Southern_California_Current-winter",3.56415913952348,1.39157920227828,3.48309760489001,4.95573834180176,0.774080899950435
"NorESM2-LM","North_Pacific","annual",2.74243323115907,0.912825473996997,0.197996434808485,"North_Pacific-annual",2.69144712737985,5.51895483041647,2.43173235520523,8.21040195779632,0.961933443657653
"NorESM2-LM","North_Pacific","winter",3.35066076491215,0.833635148271103,0.178593222852745,"North_Pacific-winter",2.22563900179832,5.17185331533457,3.07456208738089,7.39749231713289,0.890719433011444
"NorESM2-LM","Eastern_Bering_Sea","annual",0.198530966267032,0.53962081734264,0.111759510918559,"Eastern_Bering_Sea-annual",4.7768304322793,3.77018590643427,3.15074031898141,8.54701633871357,1.15788149553552
"NorESM2-LM","Eastern_Bering_Sea","winter",0.338923797175626,0.401378863784618,0.132141132274832,"Eastern_Bering_Sea-winter",3.8431776315327,3.40237418768138,3.16306357642039,7.24555181921408,1.08546950545544
"NorESM2-LM","Gulf_of_Alaska","annual",0.577522518276883,0.548935749730573,0.215505174887243,"Gulf_of_Alaska-annual",4.40690683756842,4.83253462007721,2.37974885140229,9.23944145764564,1.1478799490877
"NorESM2-LM","Gulf_of_Alaska","winter",0.367495603498723,0.403426731175763,0.470310768417558,"Gulf_of_Alaska-winter",4.55219577444884,4.47515721710837,2.14162516529662,9.02735299155721,1.14133346975724
"NorESM2-LM","British_Columbia_Coast","annual",0.424295019137375,0.50184260862058,0.0778474275488111,"British_Columbia_Coast-annual",4.91669364532257,3.94219189061182,3.77186799657555,8.85888553593438,1.22123794943523
"NorESM2-LM","British_Columbia_Coast","winter",0.734204706301064,0.579103295274286,0.153637626141191,"British_Columbia_Coast-winter",4.42885816685807,4.24291267602895,3.49858027070941,8.67177084288702,1.1854128919584
"NorESM2-LM","Northern_California_Current","annual",0.849899638886813,0.618626791208776,0.0839434280199309,"Northern_California_Current-annual",3.53844552685805,4.93138303007606,4.05440559922028,8.46982855693411,1.27157161524992
"NorESM2-LM","Northern_California_Current","winter",0.361982240576792,0.653173040293738,0.152618024821263,"Northern_California_Current-winter",5.01242254648721,4.73244888605543,3.62008654279465,9.74487143254264,1.3471689311014
"NorESM2-LM","Southern_California_Current","annual",3.17361052920791,0.387858039997541,0.225957053623335,"Southern_California_Current-annual",1.148593418124,4.64596419799498,2.36667164630203,5.79455761611898,0.946096175945926
"NorESM2-LM","Southern_California_Current","winter",2.06823818978993,0.42311490283356,0.322550264702229,"Southern_California_Current-winter",1.65063135711535,4.89496098099118,1.86376801576487,6.54559233810653,1.02241435247932
"NorESM2-MM","North_Pacific","annual",2.37109838413182,0.899021220726047,0.0990238462794335,"North_Pacific-annual",3.41602594041645,5.3951756613528,4.04394137390767,8.81120160176924,1.03232333119859
"NorESM2-MM","North_Pacific","winter",3.04035425876144,0.900690863129423,0.149475749070544,"North_Pacific-winter",2.87152249875534,5.72004641108155,3.5819952237678,8.59156890983689,1.03449615896522
"NorESM2-MM","Eastern_Bering_Sea","annual",0.783112768239101,-0.177188797913819,0.152358117020802,"Eastern_Bering_Sea-annual",4.04149319360749,1.64235266855706,2.61994042253224,5.68384586216455,0.77000203187479
"NorESM2-MM","Eastern_Bering_Sea","winter",0.0866911833000932,-0.250288251799671,0.294224539711851,"Eastern_Bering_Sea-winter",4.24876747912595,1.65092686947734,1,5.89969434860328,0.883844111077143
"NorESM2-MM","Gulf_of_Alaska","annual",0.772113549747006,0.404168210805996,0.354413348487448,"Gulf_of_Alaska-annual",4.25192353184155,4.39129355140034,1,8.64321708324189,1.0738068562852
"NorESM2-MM","Gulf_of_Alaska","winter",0.355031003695855,0.355798589766666,0.643244627483785,"Gulf_of_Alaska-winter",4.56250176704531,4.34032697662763,1,8.90282874367294,1.1255897969398
"NorESM2-MM","British_Columbia_Coast","annual",0.865337667054188,0.470713682901703,0.144476083026945,"British_Columbia_Coast-annual",4.3977447541627,3.84361830002343,2.99823424117855,8.24136305418613,1.13610964675186
"NorESM2-MM","British_Columbia_Coast","winter",0.848440516413546,0.557032008704078,0.385478920818165,"British_Columbia_Coast-winter",4.28282709535953,4.18088485213479,1,8.46371194749432,1.1569716771992
"NorESM2-MM","Northern_California_Current","annual",0.293713319122041,0.593836078324863,0.225641048947967,"Northern_California_Current-annual",4.44498655307569,4.85193771154412,2.75859351651067,9.29692426461981,1.39574312804012
"NorESM2-MM","Northern_California_Current","winter",0.454974858327807,0.58924088208643,0.379534552484096,"Northern_California_Current-winter",4.88130706810987,4.53030222644455,1,9.41160929455442,1.30109747686847
"NorESM2-MM","Southern_California_Current","annual",1.13088844236195,0.542779297163979,0.325334053326473,"Southern_California_Current-annual",3.42755116942374,5.29367774157013,1,8.72122891099387,1.4239432703694
"NorESM2-MM","Southern_California_Current","winter",0.415814217865274,0.531750291360277,0.397980974608729,"Southern_California_Current-winter",4.28324618725019,5.32079699362583,1,9.60404318087602,1.50014102356995
"UKESM1-0-LL","North_Pacific","annual",2.03893825830498,0.967814495126185,0.269194611703727,"North_Pacific-annual",4.06416384515783,6.01202716177676,1.27195322229929,10.0761910069346,1.18052991364802
"UKESM1-0-LL","North_Pacific","winter",2.34408501097103,0.831023632006308,0.24634386725055,"North_Pacific-winter",4.32076319359304,5.150503678114,1.89386481136827,9.47126687170704,1.14041909017307
"UKESM1-0-LL","Eastern_Bering_Sea","annual",1.00222358353539,0.358784388329521,0.0822630040577521,"Eastern_Bering_Sea-annual",3.76587677629931,3.2333770298744,3.53638761800195,6.99925380617371,0.948202991963028
"UKESM1-0-LL","Eastern_Bering_Sea","winter",0.740036640582567,0.157562489686546,0.140552029802484,"Eastern_Bering_Sea-winter",3.19818849025776,2.74708328173253,3.05081700920692,5.94527177199029,0.890672149086979
"UKESM1-0-LL","Gulf_of_Alaska","annual",0.847980918598188,0.427594818350161,0.0347787593999305,"Gulf_of_Alaska-annual",4.19149846737418,4.46269616986749,4.1748704610518,8.65419463724167,1.07517067402073
"UKESM1-0-LL","Gulf_of_Alaska","winter",1.36425178913757,0.163320101998097,0.234093891448776,"Gulf_of_Alaska-winter",3.72805685044411,3.79544069668034,3.70101401298355,7.52349754712445,0.951200154486086
"UKESM1-0-LL","British_Columbia_Coast","annual",0.0275394267149345,0.276946900518576,0.0561976814238196,"British_Columbia_Coast-annual",5.38353256831928,3.23003183549987,4.02324594016268,8.61356440381915,1.18741930767468
"UKESM1-0-LL","British_Columbia_Coast","winter",0.684709910449346,0.113097378314555,0.0868455385872611,"British_Columbia_Coast-winter",4.49212885286023,2.93327751457748,4.21840627251927,7.42540636743771,1.01503748144021
"UKESM1-0-LL","Northern_California_Current","annual",0.686418441725559,0.200981338548684,0.0102833097648861,"Northern_California_Current-annual",3.8049073346647,3.59297956522339,4.72802079913377,7.39788689988809,1.11064148837176
"UKESM1-0-LL","Northern_California_Current","winter",0.289801394107414,0.136610323689019,0.0187425330621351,"Northern_California_Current-winter",5.11419434776991,3.09913271827384,5.16587687363074,8.21332706604374,1.135442280685
"UKESM1-0-LL","Southern_California_Current","annual",0.74555385834257,0.0132799163219852,0.165373456932856,"Southern_California_Current-annual",3.85744872756428,3.07988263972974,3.199841132956,6.93733136729402,1.13268054486316
"UKESM1-0-LL","Southern_California_Current","winter",0.5724656536681,-0.0940659755763898,0.143230942833163,"Southern_California_Current-winter",4.03367168333151,2.86768196943028,3.91717961736769,6.90135365276179,1.07798388008996
