"region","year","FAR_annual","risk.ratio_annual","FAR_3yr_running_mean","risk.ratio_3yr_running_mean"
"North_Pacific",1950,0.712026201528456,3.5,0.798211582259098,5
"North_Pacific",1951,0.707332942366914,3.4,0.787397260815538,4.7
"North_Pacific",1952,0.664378578278951,3,0.747992097307363,4
"North_Pacific",1953,0.562968411221815,2.3,0.690314082390728,3.2
"North_Pacific",1954,0.584550352017278,2.4,0.624212772097172,2.7
"North_Pacific",1955,0.547780512049721,2.2,0.676156232517942,3.1
"North_Pacific",1956,0.590768186771729,2.4,0.691366757461806,3.2
"North_Pacific",1957,0.58698092008442,2.4,0.677513304881167,3.1
"North_Pacific",1958,0.546883498221139,2.2,0.668376548460801,3
"North_Pacific",1959,0.589021647811537,2.4,0.624100283089495,2.7
"North_Pacific",1960,0.504241755917039,2,0.59880583880332,2.5
"North_Pacific",1961,0.463316351666016,1.9,0.577271141688631,2.4
"North_Pacific",1962,0.442350293067667,1.8,0.544443461900473,2.2
"North_Pacific",1963,0.447423956490436,1.8,0.521491395096779,2.1
"North_Pacific",1964,0.432829628156479,1.8,0.515443219098559,2.1
"North_Pacific",1965,0.313654099098303,1.5,0.435210932405162,1.8
"North_Pacific",1966,0.412394373535287,1.7,0.492356146390382,2
"North_Pacific",1967,0.459536000095716,1.9,0.435168196739629,1.8
"North_Pacific",1968,0.328885000375199,1.5,0.428505662491984,1.7
"North_Pacific",1969,0.388689492814438,1.6,0.461177180090772,1.9
"North_Pacific",1970,0.383270144142057,1.6,0.3886032207075,1.6
"North_Pacific",1971,0.271546040824339,1.4,0.350867874582496,1.5
"North_Pacific",1972,0.334901904534766,1.5,0.339604065993558,1.5
"North_Pacific",1973,0.383858900344301,1.6,0.41615048732073,1.7
"North_Pacific",1974,0.385220303213026,1.6,0.431397248683591,1.8
"North_Pacific",1975,0.367697864174073,1.6,0.343060617969384,1.5
"North_Pacific",1976,0.194716959178003,1.2,0.348458534072153,1.5
"North_Pacific",1977,0.411048190945232,1.7,0.423628080324826,1.7
"North_Pacific",1978,0.402846489091358,1.7,0.518434659940092,2.1
"North_Pacific",1979,0.387855901579884,1.6,0.537860449702629,2.2
"North_Pacific",1980,0.430159453248652,1.8,0.55962627587442,2.3
"North_Pacific",1981,0.456758704077222,1.8,0.544926449372717,2.2
"North_Pacific",1982,0.454850061848889,1.8,0.567352107068055,2.3
"North_Pacific",1983,0.480724766078181,1.9,0.602734481130395,2.5
"North_Pacific",1984,0.531402933822154,2.1,0.628130061688746,2.7
"North_Pacific",1985,0.515351947457725,2.1,0.669821568267185,3
"North_Pacific",1986,0.581613183926738,2.4,0.575268307127119,2.4
"North_Pacific",1987,0.39456723731048,1.7,0.657126528878442,2.9
"North_Pacific",1988,0.647888178031274,2.8,0.754330280654988,4.1
"North_Pacific",1989,0.797006712939995,4.9,0.860877824907329,7.2
"North_Pacific",1990,0.898924605730462,9.9,0.932607374601994,14.8
"North_Pacific",1991,0.889095479464625,9,0.914766970979361,11.7
"North_Pacific",1992,0.758077014551007,4.1,0.880589647822894,8.4
"North_Pacific",1993,0.748744197515705,4,0.895013376434599,9.5
"North_Pacific",1994,0.9278213133517,13.9,0.913768371530653,11.6
"North_Pacific",1995,0.83856573507,6.2,0.951024997075681,20.4
"North_Pacific",1996,0.923227773624795,13,0.958061720693796,23.8
"North_Pacific",1997,0.95382966845749,21.7,0.974854311438479,39.8
"North_Pacific",1998,0.942384695813688,17.4,0.966430605937104,29.8
"North_Pacific",1999,0.862699245773568,7.3,0.967575255514955,30.8
"North_Pacific",2000,0.960609244976299,25.4,0.965443571394697,28.9
"North_Pacific",2001,0.936410754494647,15.7,0.974159056135551,38.7
"North_Pacific",2002,0.922595785249291,12.9,0.976899449781926,43.3
"North_Pacific",2003,0.972859992365518,36.8,0.992378290190203,131.2
"North_Pacific",2004,0.996515529636028,287,0.997883392520535,472.5
"North_Pacific",2005,0.996523017995801,287.6,0.997717595844823,438.1
"North_Pacific",2006,0.965031069574838,28.6,0.994069715991282,168.6
"North_Pacific",2007,0.962780158309741,26.9,0.990519569216692,105.5
"North_Pacific",2008,0.989107259131372,91.8,0.993699581757885,158.7
"North_Pacific",2009,0.987296815142481,78.7,0.993612995841036,156.6
"North_Pacific",2010,0.961512677800488,26,0.993143685592812,145.9
"North_Pacific",2011,0.987352643557087,79.1,0.988826942664982,89.5
"North_Pacific",2012,0.959405236289035,24.6,0.996243637318365,266.2
"North_Pacific",2013,0.997753830002752,445.2,0.999389908567039,1639.1
"North_Pacific",2014,0.999921827027729,12792.1,0.999952106327527,20879.6
"North_Pacific",2015,0.999974831738532,39732.6,0.999982430092999,56915.5
"North_Pacific",2016,0.9999182168918,12227.5,0.999980864099992,52257.8
"North_Pacific",2017,0.999889838390994,9077.6,0.99998358930806,60935.9
"North_Pacific",2018,0.99998498012609,66578.5,0.999993137343722,145716.2
"North_Pacific",2019,0.999995018457423,200741,0.999997765808386,447589.2
"North_Pacific",2020,0.999997882617298,472281.2,0.999997615071007,419299.7
"North_Pacific",2021,0.999978037206517,45531.5,NA,NA
"Eastern_Bering_Sea",1950,0.0572957794125262,1.1,0.052377264670644,1.1
"Eastern_Bering_Sea",1951,0.0853782750513577,1.1,0.0313565016296219,1
"Eastern_Bering_Sea",1952,0.0161811089386762,1,0.069921900324688,1.1
"Eastern_Bering_Sea",1953,0.216367782700817,1.3,0.0966981252318338,1.1
"Eastern_Bering_Sea",1954,0.155743570760542,1.2,0.137597298293412,1.2
"Eastern_Bering_Sea",1955,0.0595124626499419,1.1,0.117186552916746,1.1
"Eastern_Bering_Sea",1956,0.153015073252084,1.2,0.226117194793543,1.3
"Eastern_Bering_Sea",1957,0.371731105089178,1.6,0.285754626488938,1.4
"Eastern_Bering_Sea",1958,0.228226080746394,1.3,0.286620164549072,1.4
"Eastern_Bering_Sea",1959,0.153582537537976,1.2,0.238586546938006,1.3
"Eastern_Bering_Sea",1960,0.19066728131829,1.2,0.194290412583079,1.2
"Eastern_Bering_Sea",1961,0.10196229230206,1.1,0.181897975960289,1.2
"Eastern_Bering_Sea",1962,0.118155009816117,1.1,0.150488251207095,1.2
"Eastern_Bering_Sea",1963,0.117361499253233,1.1,0.136870583121978,1.2
"Eastern_Bering_Sea",1964,0.0705729819760128,1.1,0.104224666439875,1.1
"Eastern_Bering_Sea",1965,0.0443092548555603,1,0.108368942523795,1.1
"Eastern_Bering_Sea",1966,0.0810929369936618,1.1,0.122240760879755,1.1
"Eastern_Bering_Sea",1967,0.445628762698483,1.8,0.161188545156247,1.2
"Eastern_Bering_Sea",1968,0.05334123309246,1.1,0.198171516560226,1.2
"Eastern_Bering_Sea",1969,0.0619578797219761,1.1,0.037638292099042,1
"Eastern_Bering_Sea",1970,0.0300880706284981,1,0.0435960475008671,1
"Eastern_Bering_Sea",1971,-0.0122880927285321,1,0.00930320705843107,1
"Eastern_Bering_Sea",1972,-0.00813410835293884,1,-0.000785323208186475,1
"Eastern_Bering_Sea",1973,0.0262632810390232,1,0.026515384904263,1
"Eastern_Bering_Sea",1974,0.0310895793146799,1,0.0210566019816185,1
"Eastern_Bering_Sea",1975,0.0309519015612019,1,0.0286634326256219,1
"Eastern_Bering_Sea",1976,0.0379303219269833,1,0.0310467641149339,1
"Eastern_Bering_Sea",1977,0.154510407950032,1.2,0.111498778671353,1.1
"Eastern_Bering_Sea",1978,0.387216161316733,1.6,0.673777655011903,3.1
"Eastern_Bering_Sea",1979,0.667260843578471,3,0.578870138575397,2.4
"Eastern_Bering_Sea",1980,0.140975882191365,1.2,0.658737453880929,2.9
"Eastern_Bering_Sea",1981,0.587775888770735,2.4,0.302214349917548,1.4
"Eastern_Bering_Sea",1982,0.17563747801469,1.2,0.533031381294818,2.1
"Eastern_Bering_Sea",1983,0.493035559511406,2,0.450114178136171,1.8
"Eastern_Bering_Sea",1984,0.412981711090794,1.7,0.574314368124864,2.3
"Eastern_Bering_Sea",1985,0.315927122255259,1.5,0.537949306161734,2.2
"Eastern_Bering_Sea",1986,0.435453351189958,1.8,0.566654487392542,2.3
"Eastern_Bering_Sea",1987,0.49132015251652,2,0.639337999112036,2.8
"Eastern_Bering_Sea",1988,0.46243603291294,1.9,0.690458059708018,3.2
"Eastern_Bering_Sea",1989,0.568501426217845,2.3,0.68752540059138,3.2
"Eastern_Bering_Sea",1990,0.514709204877614,2.1,0.760462970804346,4.2
"Eastern_Bering_Sea",1991,0.649029780255333,2.8,0.654787420937215,2.9
"Eastern_Bering_Sea",1992,0.389996049759588,1.6,0.744959409645222,3.9
"Eastern_Bering_Sea",1993,0.734397701535709,3.8,0.726536749129179,3.7
"Eastern_Bering_Sea",1994,0.620546162258052,2.6,0.818838798071435,5.5
"Eastern_Bering_Sea",1995,0.60899741628705,2.6,0.844741631544036,6.4
"Eastern_Bering_Sea",1996,0.810228684787138,5.3,0.913352715977812,11.5
"Eastern_Bering_Sea",1997,0.85863731486184,7.1,0.911370813810011,11.3
"Eastern_Bering_Sea",1998,0.618101316338055,2.6,0.760189126063253,4.2
"Eastern_Bering_Sea",1999,0.334346722286485,1.5,0.642214869276256,2.8
"Eastern_Bering_Sea",2000,0.635201259079301,2.7,0.761407759659991,4.2
"Eastern_Bering_Sea",2001,0.861948281710617,7.2,0.936490630391187,15.7
"Eastern_Bering_Sea",2002,0.904457744778026,10.5,0.98975611724002,97.6
"Eastern_Bering_Sea",2003,0.980674489512523,51.7,0.992672638740589,136.5
"Eastern_Bering_Sea",2004,0.919035474565839,12.4,0.994638047789982,186.5
"Eastern_Bering_Sea",2005,0.943419215625906,17.7,0.976476836401662,42.5
"Eastern_Bering_Sea",2006,0.799830375116079,5,0.95081623431242,20.3
"Eastern_Bering_Sea",2007,0.747227969501042,4,0.817366321015034,5.5
"Eastern_Bering_Sea",2008,0.524661142062563,2.1,0.715237268302314,3.5
"Eastern_Bering_Sea",2009,0.576899286371174,2.4,0.649028376316039,2.8
"Eastern_Bering_Sea",2010,0.634287898267537,2.7,0.749981082356,4
"Eastern_Bering_Sea",2011,0.757198215276874,4.1,0.632235623999895,2.7
"Eastern_Bering_Sea",2012,0.255393503869343,1.3,0.71702675862689,3.5
"Eastern_Bering_Sea",2013,0.80555648659964,5.1,0.93618728698119,15.7
"Eastern_Bering_Sea",2014,0.991464694465618,117.2,0.997507599419502,401.2
"Eastern_Bering_Sea",2015,0.99193111814954,123.9,0.999904135715369,10431.4
"Eastern_Bering_Sea",2016,0.999126450651906,1144.8,0.999920299582142,12547
"Eastern_Bering_Sea",2017,0.993968387270906,165.8,0.999959497062167,24689.6
"Eastern_Bering_Sea",2018,0.998207113459638,557.8,0.999963876236269,27682.6
"Eastern_Bering_Sea",2019,0.999319288910564,1469.1,0.999967127620597,30420.7
"Eastern_Bering_Sea",2020,0.994503294135007,181.9,0.999846446700001,6512.4
"Eastern_Bering_Sea",2021,0.950088731098593,20,NA,NA
"Gulf_of_Alaska",1950,0.163434718223885,1.2,0.257679219919415,1.3
"Gulf_of_Alaska",1951,0.275268667130133,1.4,0.303191120259972,1.4
"Gulf_of_Alaska",1952,0.252537436034865,1.3,0.347982503941762,1.5
"Gulf_of_Alaska",1953,0.265511541427511,1.4,0.353774930343479,1.5
"Gulf_of_Alaska",1954,0.254172494967628,1.3,0.329412120750741,1.5
"Gulf_of_Alaska",1955,0.204904796500188,1.3,0.286334344394817,1.4
"Gulf_of_Alaska",1956,0.187370480510289,1.2,0.321779914862457,1.5
"Gulf_of_Alaska",1957,0.381386919506403,1.6,0.478725617277978,1.9
"Gulf_of_Alaska",1958,0.316445749626155,1.5,0.586903310822152,2.4
"Gulf_of_Alaska",1959,0.160686385534828,1.2,0.365962543814934,1.6
"Gulf_of_Alaska",1960,0.073998412271228,1.1,0.207581714093275,1.3
"Gulf_of_Alaska",1961,0.0444478373878481,1,0.105644789043785,1.1
"Gulf_of_Alaska",1962,0.0108885510606832,1,0.201304850544662,1.3
"Gulf_of_Alaska",1963,0.11839424449459,1.1,0.0313603444600236,1
"Gulf_of_Alaska",1964,0.00162544721319637,1,-0.10055670360217,0.9
"Gulf_of_Alaska",1965,0.0179694490800814,1,0.024272113356345,1
"Gulf_of_Alaska",1966,0.00123224917720304,1,-0.0311190558953289,1
"Gulf_of_Alaska",1967,-0.0952967659286004,0.9,-0.186050654056806,0.8
"Gulf_of_Alaska",1968,-0.10627938194392,0.9,-0.219228103205623,0.8
"Gulf_of_Alaska",1969,-0.0282613772635212,1,-0.219096895739435,0.8
"Gulf_of_Alaska",1970,-0.101369644455693,0.9,0.00727144722186968,1
"Gulf_of_Alaska",1971,0.00334981770708324,1,0.0502484775816861,1.1
"Gulf_of_Alaska",1972,0.00358071167203306,1,0.0455259357622419,1
"Gulf_of_Alaska",1973,-0.00080222295194879,1,0.048362942693996,1.1
"Gulf_of_Alaska",1974,-0.0562923699485357,0.9,0.0427828300325018,1
"Gulf_of_Alaska",1975,0.00865932045495154,1,0.0235310400151633,1
"Gulf_of_Alaska",1976,0.00284416773033658,1,-0.0464949423993064,1
"Gulf_of_Alaska",1977,-0.0470014578273919,1,-0.137108253669377,0.9
"Gulf_of_Alaska",1978,-0.00124722958528217,1,-0.0138751263590771,1
"Gulf_of_Alaska",1979,0.00816591655302724,1,-0.0437873056153925,1
"Gulf_of_Alaska",1980,0.048108227052748,1.1,0.144435064425509,1.2
"Gulf_of_Alaska",1981,0.194026395179877,1.2,0.0569053650537399,1.1
"Gulf_of_Alaska",1982,0.0978487546050247,1.1,0.252744004762526,1.3
"Gulf_of_Alaska",1983,0.310100263084998,1.4,0.335289822783929,1.5
"Gulf_of_Alaska",1984,0.382741644797533,1.6,0.405556152924762,1.7
"Gulf_of_Alaska",1985,0.165527552081273,1.2,0.319032748097899,1.5
"Gulf_of_Alaska",1986,0.216247880015617,1.3,0.295421693513005,1.4
"Gulf_of_Alaska",1987,0.266055065575852,1.4,0.393397472804121,1.6
"Gulf_of_Alaska",1988,0.274553455235004,1.4,0.450640686577096,1.8
"Gulf_of_Alaska",1989,0.316855217988012,1.5,0.450318153784625,1.8
"Gulf_of_Alaska",1990,0.321711250243003,1.5,0.43574660028707,1.8
"Gulf_of_Alaska",1991,0.295531147947401,1.4,0.42513187298962,1.7
"Gulf_of_Alaska",1992,0.338768832797076,1.5,0.499934529895307,2
"Gulf_of_Alaska",1993,0.484921124034909,1.9,0.578067772630621,2.4
"Gulf_of_Alaska",1994,0.423790416901219,1.7,0.588332391000028,2.4
"Gulf_of_Alaska",1995,0.371851458335044,1.6,0.530160471844665,2.1
"Gulf_of_Alaska",1996,0.417968822006139,1.7,0.648415791107172,2.8
"Gulf_of_Alaska",1997,0.700686267462977,3.3,0.762705173819166,4.2
"Gulf_of_Alaska",1998,0.597300446642086,2.5,0.72393885982938,3.6
"Gulf_of_Alaska",1999,0.33422187532423,1.5,0.593616642494152,2.5
"Gulf_of_Alaska",2000,0.451871227753181,1.8,0.526980380300977,2.1
"Gulf_of_Alaska",2001,0.513028295887459,2.1,0.649097459403653,2.8
"Gulf_of_Alaska",2002,0.585823044198342,2.4,0.800033578356035,5
"Gulf_of_Alaska",2003,0.788715776800551,4.7,0.873733562200387,7.9
"Gulf_of_Alaska",2004,0.732959115469632,3.7,0.933567104269553,15.1
"Gulf_of_Alaska",2005,0.840074803566505,6.3,0.872821208787995,7.9
"Gulf_of_Alaska",2006,0.550466904871737,2.2,0.770862576656053,4.4
"Gulf_of_Alaska",2007,0.448609120338989,1.8,0.523516617806744,2.1
"Gulf_of_Alaska",2008,0.388343873222989,1.6,0.477325721073055,1.9
"Gulf_of_Alaska",2009,0.483377097738965,1.9,0.617782591231996,2.6
"Gulf_of_Alaska",2010,0.711080861994844,3.5,0.727332922528413,3.7
"Gulf_of_Alaska",2011,0.642635543371206,2.8,0.692685696365122,3.3
"Gulf_of_Alaska",2012,0.391951446906173,1.6,0.702482206892906,3.4
"Gulf_of_Alaska",2013,0.748063212070317,4,0.876556954025004,8.1
"Gulf_of_Alaska",2014,0.948888731231585,19.6,0.978486000802513,46.5
"Gulf_of_Alaska",2015,0.950762098342192,20.3,0.995621097906297,228.4
"Gulf_of_Alaska",2016,0.98406095184038,62.7,0.992821824573359,139.3
"Gulf_of_Alaska",2017,0.869176713578961,7.6,0.993226193698404,147.6
"Gulf_of_Alaska",2018,0.95769372085092,23.6,0.9938075172748,161.5
"Gulf_of_Alaska",2019,0.98795766518215,83,0.995224324726842,209.4
"Gulf_of_Alaska",2020,0.913690098662704,11.6,0.983679043684031,61.3
"Gulf_of_Alaska",2021,0.712744439063681,3.5,NA,NA
"British_Columbia_Coast",1950,0.0711389426619828,1.1,0.154627934997085,1.2
"British_Columbia_Coast",1951,0.233267621903236,1.3,0.201021210972387,1.3
"British_Columbia_Coast",1952,0.233629116304777,1.3,0.332704281916249,1.5
"British_Columbia_Coast",1953,0.25844484561589,1.3,0.339324184450982,1.5
"British_Columbia_Coast",1954,0.229834407654108,1.3,0.27909089752556,1.4
"British_Columbia_Coast",1955,0.135217494031563,1.2,0.245892870127193,1.3
"British_Columbia_Coast",1956,0.174546839569008,1.2,0.234037072704711,1.3
"British_Columbia_Coast",1957,0.316754976537511,1.5,0.613432225275341,2.6
"British_Columbia_Coast",1958,0.727148782817219,3.7,0.660651947061604,2.9
"British_Columbia_Coast",1959,0.134545664999677,1.2,0.555329501113811,2.2
"British_Columbia_Coast",1960,0.0658757600234072,1.1,0.210829448606373,1.3
"British_Columbia_Coast",1961,0.10715494393565,1.1,0.211870306875175,1.3
"British_Columbia_Coast",1962,0.11396044191163,1.1,0.436153686333589,1.8
"British_Columbia_Coast",1963,0.449776627506758,1.8,0.120056596455021,1.1
"British_Columbia_Coast",1964,-0.0427705979764118,1,-0.240507011777112,0.8
"British_Columbia_Coast",1965,-0.00884383998004929,1,-0.139496967477473,0.9
"British_Columbia_Coast",1966,-0.0715071313113356,0.9,-0.256946653858303,0.8
"British_Columbia_Coast",1967,-0.163415835831954,0.9,-0.314207696513103,0.8
"British_Columbia_Coast",1968,-0.0786663765632628,0.9,-0.230032047140986,0.8
"British_Columbia_Coast",1969,-0.00879094004237348,1,-0.0855553664458519,0.9
"British_Columbia_Coast",1970,-0.0545435575898891,0.9,0.015470354687024,1
"British_Columbia_Coast",1971,0.0103705175228871,1,0.0238155997919548,1
"British_Columbia_Coast",1972,0.00344509097832253,1,0.0333754536768542,1
"British_Columbia_Coast",1973,-0.000692652423077508,1,0.0125399445948847,1
"British_Columbia_Coast",1974,-0.034282875928571,1,0.033717777133798,1
"British_Columbia_Coast",1975,0.0186837296796337,1,0.0404437756723068,1
"British_Columbia_Coast",1976,0.016018552712657,1,0.0293611703386805,1
"British_Columbia_Coast",1977,-0.0652754211999776,0.9,-0.0947493364409891,0.9
"British_Columbia_Coast",1978,-0.0395684353454642,1,-0.0254745133122111,1
"British_Columbia_Coast",1979,-0.00659414389384012,1,0.016998212875631,1
"British_Columbia_Coast",1980,0.0186205315071713,1,0.0697976591379125,1.1
"British_Columbia_Coast",1981,0.0606674838316868,1.1,0.0658444620133845,1.1
"British_Columbia_Coast",1982,0.0884305633776189,1.1,0.19054114663751,1.2
"British_Columbia_Coast",1983,0.365819693888004,1.6,0.176247184149996,1.2
"British_Columbia_Coast",1984,0.127318480220126,1.1,0.199259231879235,1.2
"British_Columbia_Coast",1985,0.122617042093837,1.1,0.20645761910113,1.3
"British_Columbia_Coast",1986,0.20873861358399,1.3,0.258529463066449,1.3
"British_Columbia_Coast",1987,0.247941432342477,1.3,0.338934426489385,1.5
"British_Columbia_Coast",1988,0.218472447157697,1.3,0.377305780292096,1.6
"British_Columbia_Coast",1989,0.302213008827708,1.4,0.417594332586857,1.7
"British_Columbia_Coast",1990,0.347588776985863,1.5,0.476209171115219,1.9
"British_Columbia_Coast",1991,0.308610908629828,1.4,0.587799433653209,2.4
"British_Columbia_Coast",1992,0.567234803865826,2.3,0.671989793323022,3
"British_Columbia_Coast",1993,0.557219305116973,2.3,0.801526666536938,5
"British_Columbia_Coast",1994,0.632455598470409,2.7,0.823598986922004,5.7
"British_Columbia_Coast",1995,0.654488390480656,2.9,0.772101658140237,4.4
"British_Columbia_Coast",1996,0.431586346882463,1.8,0.814803671334466,5.4
"British_Columbia_Coast",1997,0.759702136582676,4.2,0.848623123592236,6.6
"British_Columbia_Coast",1998,0.768181331649583,4.3,0.797820445741366,4.9
"British_Columbia_Coast",1999,0.285583486219809,1.4,0.689350838351755,3.2
"British_Columbia_Coast",2000,0.496277656017641,2,0.471253211044521,1.9
"British_Columbia_Coast",2001,0.367036387222115,1.6,0.622431751586084,2.6
"British_Columbia_Coast",2002,0.576910939579893,2.4,0.770432300107966,4.4
"British_Columbia_Coast",2003,0.80666552708507,5.2,0.905959998378863,10.6
"British_Columbia_Coast",2004,0.817769697723723,5.5,0.951011018406897,20.4
"British_Columbia_Coast",2005,0.854978790763904,6.9,0.929071473268036,14.1
"British_Columbia_Coast",2006,0.640380791707049,2.8,0.850336558028597,6.7
"British_Columbia_Coast",2007,0.475251195589659,1.9,0.47746912040993,1.9
"British_Columbia_Coast",2008,0.145847130958096,1.2,0.309159033988421,1.4
"British_Columbia_Coast",2009,0.362941765120056,1.6,0.411778983193488,1.7
"British_Columbia_Coast",2010,0.681015921653994,3.1,0.637452745264921,2.8
"British_Columbia_Coast",2011,0.571150573498906,2.3,0.682112309056239,3.1
"British_Columbia_Coast",2012,0.468313618653522,1.9,0.749268675822984,4
"British_Columbia_Coast",2013,0.815394090536776,5.4,0.935269706751077,15.4
"British_Columbia_Coast",2014,0.953227585363289,21.4,0.992709151000507,137.2
"British_Columbia_Coast",2015,0.982834264618666,58.3,0.997077475684515,342.2
"British_Columbia_Coast",2016,0.97924266450698,48.2,0.99639326305558,277.3
"British_Columbia_Coast",2017,0.888040441663953,8.9,0.994391608689939,178.3
"British_Columbia_Coast",2018,0.961741339996147,26.1,0.9928604597181,140.1
"British_Columbia_Coast",2019,0.972399531062575,36.2,0.994858548842294,194.5
"British_Columbia_Coast",2020,0.940778015088689,16.9,0.988127846296259,84.2
"British_Columbia_Coast",2021,0.805997751283202,5.2,NA,NA
"Northern_California_Current",1950,0.137949899290956,1.2,0.239578671733741,1.3
"Northern_California_Current",1951,0.20677734573432,1.3,0.244381301737811,1.3
"Northern_California_Current",1952,0.188770534366076,1.2,0.324086025899286,1.5
"Northern_California_Current",1953,0.315375403520789,1.5,0.357178030288909,1.6
"Northern_California_Current",1954,0.287778087602634,1.4,0.280351760786336,1.4
"Northern_California_Current",1955,0.112596803159584,1.1,0.220598588121328,1.3
"Northern_California_Current",1956,0.158513328416999,1.2,0.206853083621466,1.3
"Northern_California_Current",1957,0.359449116034615,1.6,0.66323194752721,3
"Northern_California_Current",1958,0.804790628939488,5.1,0.837319958572427,6.1
"Northern_California_Current",1959,0.288064817208,1.4,0.755011771758949,4.1
"Northern_California_Current",1960,0.189400131003131,1.2,0.375698166303018,1.6
"Northern_California_Current",1961,0.238227933056095,1.3,0.265051420482785,1.4
"Northern_California_Current",1962,0.131101250156468,1.2,0.542160479193098,2.2
"Northern_California_Current",1963,0.536729572144364,2.2,0.204075957781917,1.3
"Northern_California_Current",1964,-0.0313175483485883,1,0.0097334219530417,1
"Northern_California_Current",1965,-0.0412034940331136,1,-0.117725488576298,0.9
"Northern_California_Current",1966,-0.0530179339087729,0.9,-0.141758637053572,0.9
"Northern_California_Current",1967,0.0184751573403403,1,-0.146561691560864,0.9
"Northern_California_Current",1968,-0.050405679929762,1,-0.116703255386168,0.9
"Northern_California_Current",1969,0.00205558438854689,1,0.0036144921500134,1
"Northern_California_Current",1970,0.000149789883576695,1,0.050328579042759,1.1
"Northern_California_Current",1971,0.0249261412477329,1,0.0525244930866579,1.1
"Northern_California_Current",1972,0.0268463851525321,1,0.0507511030937227,1.1
"Northern_California_Current",1973,0.0275051183437296,1,0.0643596486815201,1.1
"Northern_California_Current",1974,0.0157715868354464,1,0.0701730566276193,1.1
"Northern_California_Current",1975,0.0355363461319327,1,0.0809430478036128,1.1
"Northern_California_Current",1976,0.0111391412564727,1,0.0772074846951593,1.1
"Northern_California_Current",1977,0.0150174114605256,1,0.0614300554987976,1.1
"Northern_California_Current",1978,0.105149189790297,1.1,0.151750749698825,1.2
"Northern_California_Current",1979,0.0958695355929675,1.1,0.190603805149958,1.2
"Northern_California_Current",1980,0.0811322015020548,1.1,0.209319859784804,1.3
"Northern_California_Current",1981,0.143047146644957,1.2,0.173604335803087,1.2
"Northern_California_Current",1982,0.0865775837555528,1.1,0.311925417908371,1.5
"Northern_California_Current",1983,0.46534693590822,1.9,0.289068906118523,1.4
"Northern_California_Current",1984,0.133343255199312,1.2,0.27061082801407,1.4
"Northern_California_Current",1985,0.108567536816993,1.1,0.219658721954217,1.3
"Northern_California_Current",1986,0.158594436485151,1.2,0.247622353220416,1.3
"Northern_California_Current",1987,0.252697464649382,1.3,0.289292949621505,1.4
"Northern_California_Current",1988,0.177487363310777,1.2,0.329147547248331,1.5
"Northern_California_Current",1989,0.253409293998122,1.3,0.360734114277455,1.6
"Northern_California_Current",1990,0.346408639959666,1.5,0.365888542677145,1.6
"Northern_California_Current",1991,0.197312076932574,1.2,0.515679631449408,2.1
"Northern_California_Current",1992,0.630261605765338,2.7,0.560513128021743,2.3
"Northern_California_Current",1993,0.460841209872387,1.9,0.782670816415777,4.6
"Northern_California_Current",1994,0.597866494341296,2.5,0.817225589059528,5.5
"Northern_California_Current",1995,0.723539288483072,3.6,0.826122336153009,5.8
"Northern_California_Current",1996,0.516826560666146,2.1,0.93669142423439,15.8
"Northern_California_Current",1997,0.886439433466519,8.8,0.94746533843638,19
"Northern_California_Current",1998,0.788915434687892,4.7,0.862863446764869,7.3
"Northern_California_Current",1999,0.293204454449981,1.4,0.718731006725273,3.6
"Northern_California_Current",2000,0.539364479970874,2.2,0.500924960290925,2
"Northern_California_Current",2001,0.365076840012939,1.6,0.531723656897821,2.1
"Northern_California_Current",2002,0.359161537111966,1.6,0.638554222128074,2.8
"Northern_California_Current",2003,0.751404125571177,4,0.812015248596932,5.3
"Northern_California_Current",2004,0.771547279604366,4.4,0.909284708376895,11
"Northern_California_Current",2005,0.73163324402767,3.7,0.864617041907278,7.4
"Northern_California_Current",2006,0.58643184621553,2.4,0.78650659483155,4.7
"Northern_California_Current",2007,0.568746080544995,2.3,0.459640271279279,1.9
"Northern_California_Current",2008,0.111547844116429,1.1,0.295260463760318,1.4
"Northern_California_Current",2009,0.290950453238493,1.4,0.310993845736756,1.5
"Northern_California_Current",2010,0.627770777465366,2.7,0.554903691232082,2.2
"Northern_California_Current",2011,0.546796901822436,2.2,0.662045504888397,3
"Northern_California_Current",2012,0.527798295699149,2.1,0.700371643573609,3.3
"Northern_California_Current",2013,0.719710835959798,3.6,0.907092600596329,10.8
"Northern_California_Current",2014,0.943429606283778,17.7,0.995490012769596,221.7
"Northern_California_Current",2015,0.990353131765594,103.7,0.999601242899158,2507.8
"Northern_California_Current",2016,0.968936165367225,32.2,0.998886655077253,898.2
"Northern_California_Current",2017,0.86412304303402,7.4,0.994045416097753,167.9
"Northern_California_Current",2018,0.94157073537117,17.1,0.985095569391143,67.1
"Northern_California_Current",2019,0.915563313065978,11.8,0.985662309418163,69.7
"Northern_California_Current",2020,0.873831210836574,7.9,0.95777301806621,23.7
"Northern_California_Current",2021,0.781764537423969,4.6,NA,NA
"Southern_California_Current",1950,0.238984193975271,1.3,0.344657039627986,1.5
"Southern_California_Current",1951,0.287336423485116,1.4,0.301110661082157,1.4
"Southern_California_Current",1952,0.202834261438703,1.3,0.332687645782095,1.5
"Southern_California_Current",1953,0.269056375253617,1.4,0.338572780802011,1.5
"Southern_California_Current",1954,0.265725865524917,1.4,0.253593359971939,1.3
"Southern_California_Current",1955,0.0862624861219153,1.1,0.209451415402128,1.3
"Southern_California_Current",1956,0.168030310154761,1.2,0.278817917497413,1.4
"Southern_California_Current",1957,0.40146535787594,1.7,0.671616788584504,3
"Southern_California_Current",1958,0.807767699993421,5.2,0.952624425520906,21.1
"Southern_California_Current",1959,0.585242311280631,2.4,0.896900513911589,9.7
"Southern_California_Current",1960,0.163523336668204,1.2,0.507413049790404,2
"Southern_California_Current",1961,0.173048716913345,1.2,0.19832695920398,1.2
"Southern_California_Current",1962,0.0501137563365222,1.1,0.249858052974252,1.3
"Southern_California_Current",1963,0.383085597810313,1.6,0.12763401339148,1.1
"Southern_California_Current",1964,0.0295427182725716,1,0.129891209663037,1.1
"Southern_California_Current",1965,0.0309942877475943,1,-0.0109724560485233,1
"Southern_California_Current",1966,0.0221984739822398,1,0.0226869698839664,1
"Southern_California_Current",1967,0.0574459483826682,1.1,0.0326706942224637,1
"Southern_California_Current",1968,0.0379943632240726,1,0.0257964320062881,1
"Southern_California_Current",1969,0.027083286150465,1,-0.0162852687955407,1
"Southern_California_Current",1970,0.0312202164747129,1,0.00942842949214955,1
"Southern_California_Current",1971,0.0234059140115784,1,0.0227093839237213,1
"Southern_California_Current",1972,0.04225823533994,1,0.0412470667888771,1
"Southern_California_Current",1973,0.0299075927833954,1,0.045604526740875,1
"Southern_California_Current",1974,0.0367705836355811,1,0.0390643746676725,1
"Southern_California_Current",1975,0.0176025776413739,1,0.055198071016412,1.1
"Southern_California_Current",1976,0.0992552190473756,1.1,0.0642104358978201,1.1
"Southern_California_Current",1977,0.120566449656165,1.1,0.172662598392512,1.2
"Southern_California_Current",1978,0.173126877048639,1.2,0.246047178276665,1.3
"Southern_California_Current",1979,0.18997413348756,1.2,0.302181789845939,1.4
"Southern_California_Current",1980,0.197377184015612,1.2,0.327572912486088,1.5
"Southern_California_Current",1981,0.217722271579337,1.3,0.31790843816789,1.5
"Southern_California_Current",1982,0.182203361213629,1.2,0.456106991281279,1.8
"Southern_California_Current",1983,0.578895236367112,2.4,0.476617848902999,1.9
"Southern_California_Current",1984,0.256332509452158,1.3,0.429762473153188,1.8
"Southern_California_Current",1985,0.128775439145042,1.1,0.321758526371596,1.5
"Southern_California_Current",1986,0.264263807100376,1.4,0.342823583052134,1.5
"Southern_California_Current",1987,0.301623419658282,1.4,0.386682875326501,1.6
"Southern_California_Current",1988,0.186766176195988,1.2,0.334192899722073,1.5
"Southern_California_Current",1989,0.208744844343405,1.3,0.329382771519027,1.5
"Southern_California_Current",1990,0.316116275445608,1.5,0.260994135356807,1.4
"Southern_California_Current",1991,0.0991201898639648,1.1,0.498001384976736,2
"Southern_California_Current",1992,0.680942785445012,3.1,0.556483795662551,2.3
"Southern_California_Current",1993,0.459441746370791,1.8,0.724162257390473,3.6
"Southern_California_Current",1994,0.439275803642826,1.8,0.677856986027451,3.1
"Southern_California_Current",1995,0.573950618452461,2.3,0.687149140501476,3.2
"Southern_California_Current",1996,0.502017745016367,2,0.84227854817304,6.3
"Southern_California_Current",1997,0.819868810171144,5.6,0.862667353956008,7.3
"Southern_California_Current",1998,0.66640345568777,3,0.746082554008233,3.9
"Southern_California_Current",1999,0.153948350827738,1.2,0.574973111218706,2.4
"Southern_California_Current",2000,0.493716284591593,2,0.322937754974806,1.5
"Southern_California_Current",2001,0.279946754766225,1.4,0.370461896302745,1.6
"Southern_California_Current",2002,0.238671976693245,1.3,0.458495522246149,1.8
"Southern_California_Current",2003,0.67841379854599,3.1,0.666484788774465,3
"Southern_California_Current",2004,0.684141878706443,3.2,0.828975547197486,5.8
"Southern_California_Current",2005,0.694269897820609,3.3,0.827069028539188,5.8
"Southern_California_Current",2006,0.683445234822232,3.2,0.737214742173257,3.8
"Southern_California_Current",2007,0.434727581960476,1.8,0.499231742876772,2
"Southern_California_Current",2008,0.234472661470537,1.3,0.33195853185704,1.5
"Southern_California_Current",2009,0.382994698737318,1.6,0.31648269043743,1.5
"Southern_California_Current",2010,0.412004533544171,1.7,0.403730694193089,1.7
"Southern_California_Current",2011,0.423612409609318,1.7,0.464992261920239,1.9
"Southern_California_Current",2012,0.519663870706079,2.1,0.512911363297526,2.1
"Southern_California_Current",2013,0.518161108365026,2.1,0.909652914038527,11.1
"Southern_California_Current",2014,0.980671954563348,51.7,0.996752664031033,307.9
"Southern_California_Current",2015,0.992656599308865,136.2,0.999650815615988,2863.8
"Southern_California_Current",2016,0.941105497170907,17,0.998657058279739,744.6
"Southern_California_Current",2017,0.929279005873974,14.1,0.990689890181729,107.4
"Southern_California_Current",2018,0.958983408219197,24.4,0.988656273423094,88.2
"Southern_California_Current",2019,0.925386930448185,13.4,0.984264994855631,63.6
"Southern_California_Current",2020,0.887769857940728,8.9,0.936492036028884,15.7
"Southern_California_Current",2021,0.671441340550952,3,NA,NA
