"ACCESS-CM2.nc_piControl","date"
15.1120323759586,01/01/50
14.5314226439461,02/01/50
14.4655699154302,03/01/50
14.9089219062869,04/01/50
15.8512800086999,05/01/50
17.4576758295615,06/01/50
19.5926778659701,07/01/50
20.7458236432303,08/01/50
20.8716575383249,09/01/50
19.2682636337637,10/01/50
17.6477764166808,11/01/50
16.1002219879622,12/01/50
15.1034509724919,01/01/51
14.5644149783352,02/01/51
14.4105616191862,03/01/51
14.7201403913887,04/01/51
15.8861289782649,05/01/51
17.5380412159874,06/01/51
19.5739889353188,07/01/51
20.840927241537,08/01/51
20.7505700785239,09/01/51
19.3735716769767,10/01/51
17.6707510930456,11/01/51
16.2127776044951,12/01/51
15.1557148452011,01/01/52
14.6687324783775,02/01/52
14.5351655402836,03/01/52
14.8559086833738,04/01/52
15.8811544559237,05/01/52
17.3061481653355,06/01/52
19.3510498706939,07/01/52
20.8787635897441,08/01/52
20.6913094071001,09/01/52
19.345202648321,10/01/52
17.6247091178113,11/01/52
16.1977063480792,12/01/52
15.1683826522489,01/01/53
14.6231778450968,02/01/53
14.5612860777925,03/01/53
14.9686172757199,04/01/53
16.0701661504112,05/01/53
17.792451667571,06/01/53
19.7438327273684,07/01/53
21.1661983145116,08/01/53
21.045194776647,09/01/53
19.6654653878854,10/01/53
17.9030543920087,11/01/53
16.4452848712092,12/01/53
15.3763691846672,01/01/54
14.7281873156463,02/01/54
14.5226672291152,03/01/54
14.8333256427123,04/01/54
15.9054107590261,05/01/54
17.6270135569158,06/01/54
19.738235178263,07/01/54
21.1749306012499,08/01/54
21.0461603194509,09/01/54
19.3739027391038,10/01/54
17.6759276007299,11/01/54
16.2900117775689,12/01/54
15.2075717736123,01/01/55
14.5612758353514,02/01/55
14.3927180753905,03/01/55
14.7988132419631,04/01/55
15.6745670629807,05/01/55
17.4271562186848,06/01/55
19.6255423350466,07/01/55
20.9834559851559,08/01/55
20.9063811756542,09/01/55
19.5710710510886,10/01/55
17.7386395342554,11/01/55
16.1264080550671,12/01/55
15.0335652552757,01/01/56
14.4299891069315,02/01/56
14.323910457696,03/01/56
14.6348920037885,04/01/56
15.6704894701016,05/01/56
17.2838838518183,06/01/56
19.2784224832872,07/01/56
20.7299390488874,08/01/56
20.7517798980404,09/01/56
19.2145740793394,10/01/56
17.4354638295874,11/01/56
15.9911817313879,12/01/56
14.9372756263479,01/01/57
14.333651900213,02/01/57
14.18003620975,03/01/57
14.5565536294883,04/01/57
15.6063172728558,05/01/57
17.325979513633,06/01/57
19.2263246923105,07/01/57
20.6901960647704,08/01/57
20.5443870968021,09/01/57
19.060216637903,10/01/57
17.3772376447105,11/01/57
15.8542910661036,12/01/57
14.8035309323415,01/01/58
14.2564746663008,02/01/58
14.1936051313435,03/01/58
14.544762487288,04/01/58
15.5816232981322,05/01/58
17.2298988084761,06/01/58
19.2710874637502,07/01/58
20.7329194891017,08/01/58
20.5478091734535,09/01/58
19.2290049078546,10/01/58
17.5858994073023,11/01/58
16.0530890275545,12/01/58
14.9452784970956,01/01/59
14.3048132611414,02/01/59
14.2133735932556,03/01/59
14.5240902676197,04/01/59
15.5644974961469,05/01/59
17.2926986287539,06/01/59
19.4761235123409,07/01/59
20.771232165885,08/01/59
20.592211036513,09/01/59
19.1434633441458,10/01/59
17.3705736702634,11/01/59
15.9372934956338,12/01/59
14.9430164594944,01/01/60
14.3538827037118,02/01/60
14.2609280356196,03/01/60
14.569640165148,04/01/60
15.6589904026722,05/01/60
17.4071418280535,06/01/60
19.5687560391418,07/01/60
20.7894587549495,08/01/60
20.7186038605149,09/01/60
19.4207648805592,10/01/60
17.5519094811808,11/01/60
15.9493979684235,12/01/60
14.7825241262652,01/01/61
14.2727948397231,02/01/61
14.1329676776007,03/01/61
14.476318531318,04/01/61
15.4135920877486,05/01/61
17.0306698935643,06/01/61
19.0629583080934,07/01/61
20.3279606828177,08/01/61
20.2330298844037,09/01/61
18.9877627111916,10/01/61
17.4030635743717,11/01/61
16.0279301781674,12/01/61
15.0222850236568,01/01/62
14.4599779831473,02/01/62
14.2752391487216,03/01/62
14.5571542990961,04/01/62
15.5911057060108,05/01/62
17.5748210508927,06/01/62
19.6728216632411,07/01/62
20.9381805409944,08/01/62
20.8849709495608,09/01/62
19.2697202630695,10/01/62
17.4398623522863,11/01/62
15.9294386446796,12/01/62
14.9559571780363,01/01/63
14.3806837578154,02/01/63
14.2490176185412,03/01/63
14.5069045528609,04/01/63
15.5805409033932,05/01/63
17.4216727681701,06/01/63
19.6232573896204,07/01/63
21.0247831334899,08/01/63
20.9258401616591,09/01/63
19.3430666037582,10/01/63
17.6113527544033,11/01/63
16.1543656239401,12/01/63
15.115543000165,01/01/64
14.5342245573115,02/01/64
14.3990711421912,03/01/64
14.82742621693,04/01/64
16.051116751915,05/01/64
17.8554868437256,06/01/64
19.8968053467202,07/01/64
21.283583076803,08/01/64
21.0689591121773,09/01/64
19.5007362083387,10/01/64
17.6821084183068,11/01/64
16.0954812796249,12/01/64
15.0336039122306,01/01/65
14.4691815323081,02/01/65
14.34840663216,03/01/65
14.7019567544963,04/01/65
15.6751057272734,05/01/65
17.3180069296735,06/01/65
19.3714577693027,07/01/65
20.6669416486176,08/01/65
20.8569612874123,09/01/65
19.6525005500469,10/01/65
17.7087628843561,11/01/65
16.2299473498564,12/01/65
15.253645797775,01/01/66
14.6291458842208,02/01/66
14.4738209175725,03/01/66
14.7520451547514,04/01/66
15.7183383000456,05/01/66
17.4156308292832,06/01/66
19.6888766345336,07/01/66
21.0178722391197,08/01/66
21.0040829398428,09/01/66
19.488418516561,10/01/66
17.7093718139971,11/01/66
16.1507679940517,12/01/66
15.0684194011281,01/01/67
14.4941470969204,02/01/67
14.3156554907378,03/01/67
14.7460163217837,04/01/67
15.7690567756265,05/01/67
17.342048471915,06/01/67
19.4303838543186,07/01/67
20.9049489960464,08/01/67
20.8670656207174,09/01/67
19.4126254439308,10/01/67
17.622747965683,11/01/67
16.1881373750536,12/01/67
15.1448565360736,01/01/68
14.5735620288695,02/01/68
14.3917333693098,03/01/68
14.8890357113695,04/01/68
15.8853435041829,05/01/68
17.6230190049029,06/01/68
19.7430658658943,07/01/68
21.1037019127834,08/01/68
21.0618278401236,09/01/68
19.4287567379293,10/01/68
17.5922986201547,11/01/68
16.0666991391798,12/01/68
14.9831919389451,01/01/69
14.3233056030047,02/01/69
14.0987941584766,03/01/69
14.4094220650181,04/01/69
15.3518841337145,05/01/69
17.1742460093818,06/01/69
19.2903751917352,07/01/69
20.7737786790265,08/01/69
20.6343493200986,09/01/69
19.2968122906061,10/01/69
17.5264494159195,11/01/69
16.075412372775,12/01/69
14.9215624001586,01/01/70
14.3670263988007,02/01/70
14.2874628963894,03/01/70
14.5391791454395,04/01/70
15.5715011231556,05/01/70
17.4875264878899,06/01/70
19.5666115142785,07/01/70
20.8180675448331,08/01/70
20.6717024013019,09/01/70
19.1568439369843,10/01/70
17.405345105651,11/01/70
15.9453424022993,12/01/70
14.9513878378526,01/01/71
14.4572783840588,02/01/71
14.3412452935858,03/01/71
14.6505626082069,04/01/71
15.6048952255552,05/01/71
17.4601583549798,06/01/71
19.6078602473648,07/01/71
20.9715342242987,08/01/71
20.8387322754047,09/01/71
19.4923378472057,10/01/71
17.6678264906551,11/01/71
16.0414555969198,12/01/71
14.9409794251953,01/01/72
14.4140132116892,02/01/72
14.2669672211621,03/01/72
14.6402260027708,04/01/72
15.5936817350039,05/01/72
17.3092020647776,06/01/72
19.4771195622004,07/01/72
20.9277401895424,08/01/72
20.5744785075623,09/01/72
19.129795302155,10/01/72
17.5000922009285,11/01/72
15.8686495367288,12/01/72
14.8865771951141,01/01/73
14.2461022673878,02/01/73
14.0842063893322,03/01/73
14.4255436672444,04/01/73
15.5044071869974,05/01/73
17.2923170152241,06/01/73
19.4402973257918,07/01/73
20.82747054626,08/01/73
20.7742793471668,09/01/73
19.3595803923567,10/01/73
17.4621149916234,11/01/73
15.9491041315122,12/01/73
14.8490943763241,01/01/74
14.2147861690515,02/01/74
14.0899038297714,03/01/74
14.5136046511862,04/01/74
15.3811521843741,05/01/74
17.0842809226071,06/01/74
19.2315617735709,07/01/74
20.6164862826248,08/01/74
20.4885384798562,09/01/74
19.1617752868859,10/01/74
17.4350416868285,11/01/74
15.998124013884,12/01/74
14.9172309489285,01/01/75
14.3696039696667,02/01/75
14.226710242718,03/01/75
14.7249087433035,04/01/75
15.7249788159987,05/01/75
17.3631451471515,06/01/75
19.4871321540711,07/01/75
20.807640409434,08/01/75
20.5789140352096,09/01/75
19.0667718001805,10/01/75
17.4514868620853,11/01/75
15.9638216382434,12/01/75
14.9658829844924,01/01/76
14.4308613664281,02/01/76
14.3375116484855,03/01/76
14.6820603171379,04/01/76
15.7102007356914,05/01/76
17.3506445231738,06/01/76
19.4564518580169,07/01/76
20.8233073794379,08/01/76
20.6352143107661,09/01/76
19.1856294915764,10/01/76
17.4683186068917,11/01/76
16.0068270050382,12/01/76
14.9354948733428,01/01/77
14.4219531960514,02/01/77
14.3723170050757,03/01/77
14.6427130436739,04/01/77
15.6267299072168,05/01/77
17.472263048037,06/01/77
19.6090830626667,07/01/77
21.2404545804479,08/01/77
20.9571362156483,09/01/77
19.2327461521854,10/01/77
17.4726326569853,11/01/77
16.0586682944533,12/01/77
14.9947992678752,01/01/78
14.4131341238985,02/01/78
14.2719278666477,03/01/78
14.6942798797222,04/01/78
15.5861380119635,05/01/78
17.2414207837307,06/01/78
19.3042741842518,07/01/78
20.6478631748047,08/01/78
20.6959067212626,09/01/78
19.3161452835726,10/01/78
17.5393166752336,11/01/78
16.0498693767813,12/01/78
15.0553185480777,01/01/79
14.5217415547378,02/01/79
14.295227547782,03/01/79
14.6499360571619,04/01/79
15.5158536104825,05/01/79
17.2406476446314,06/01/79
19.2799970658659,07/01/79
20.8444053762797,08/01/79
20.7348815223002,09/01/79
19.205156099719,10/01/79
17.4280918051019,11/01/79
16.0338322471602,12/01/79
15.0421353149636,01/01/80
14.4317014668624,02/01/80
14.3061512763718,03/01/80
14.7352007445609,04/01/80
15.8545641978651,05/01/80
17.5417669314559,06/01/80
19.3715797975252,07/01/80
20.8907841405974,08/01/80
20.9006111570574,09/01/80
19.270781842525,10/01/80
17.5799994308511,11/01/80
16.1840591213718,12/01/80
15.1097550297628,01/01/81
14.4444292968176,02/01/81
14.2490919588392,03/01/81
14.5758517100481,04/01/81
15.7095966519365,05/01/81
17.4600506441481,06/01/81
19.6476781224486,07/01/81
21.1652070004044,08/01/81
21.0082457762636,09/01/81
19.3047290367418,10/01/81
17.6691652768219,11/01/81
16.064389964323,12/01/81
15.0373482403071,01/01/82
14.497826776471,02/01/82
14.369922256276,03/01/82
14.7528395496692,04/01/82
15.8144824422568,05/01/82
17.2835864906262,06/01/82
19.3228876732673,07/01/82
20.5727030409784,08/01/82
20.6865117596012,09/01/82
19.3127206738444,10/01/82
17.6505995858646,11/01/82
15.966642935153,12/01/82
14.8978336378376,01/01/83
14.3085474569106,02/01/83
14.135943712464,03/01/83
14.512986029773,04/01/83
15.4663042049214,05/01/83
17.4819938075779,06/01/83
19.6947189008868,07/01/83
20.9906386896824,08/01/83
20.9041636320981,09/01/83
19.4794404112373,10/01/83
17.8046392913607,11/01/83
16.239298698543,12/01/83
15.0033930063247,01/01/84
14.40969695892,02/01/84
14.2948180704072,03/01/84
14.7556404718305,04/01/84
15.8655760334747,05/01/84
17.677144909343,06/01/84
20.0287278774222,07/01/84
21.4003512000891,08/01/84
21.0810566465391,09/01/84
19.571869080421,10/01/84
17.9356948489872,11/01/84
16.5529949320511,12/01/84
15.3202402772644,01/01/85
14.7357098930019,02/01/85
14.5978464160845,03/01/85
14.89624187439,04/01/85
15.9088807438695,05/01/85
17.5692435461342,06/01/85
19.551989052995,07/01/85
21.0320065875131,08/01/85
21.0673948821735,09/01/85
19.6391681958017,10/01/85
17.7224481072158,11/01/85
16.1979425850262,12/01/85
15.0469363766096,01/01/86
14.4292991188322,02/01/86
14.3183489223349,03/01/86
14.5906860687143,04/01/86
15.7322388344351,05/01/86
17.5819753409053,06/01/86
19.5889840892963,07/01/86
21.1048408061489,08/01/86
21.0996367650209,09/01/86
19.7166391564914,10/01/86
17.6806187488685,11/01/86
16.1204136939709,12/01/86
15.0803934755284,01/01/87
14.4661503204236,02/01/87
14.2732320708092,03/01/87
14.7108756078492,04/01/87
15.7154395790923,05/01/87
17.3191698322018,06/01/87
19.4199417407261,07/01/87
20.9875857814442,08/01/87
20.9130339164563,09/01/87
19.4037699174985,10/01/87
17.6697324657622,11/01/87
16.1077089921085,12/01/87
14.955049565598,01/01/88
14.4729050451011,02/01/88
14.349579006193,03/01/88
14.7645852066205,04/01/88
15.9003594734438,05/01/88
17.6644127841707,06/01/88
19.6182367212274,07/01/88
21.088337480259,08/01/88
20.8242233620431,09/01/88
19.4282904315267,10/01/88
17.6058947447905,11/01/88
16.0193224527284,12/01/88
14.9081031718049,01/01/89
14.3414527856176,02/01/89
14.2308860749243,03/01/89
14.4775787921033,04/01/89
15.4171436817192,05/01/89
17.1488673329801,06/01/89
19.1080184407251,07/01/89
20.6423769709456,08/01/89
20.652956531489,09/01/89
19.2676711140551,10/01/89
17.620674697372,11/01/89
16.1128676581213,12/01/89
14.8910304542991,01/01/90
14.3112752502455,02/01/90
14.1678385637869,03/01/90
14.4464220573393,04/01/90
15.4175953403297,05/01/90
17.1199782526397,06/01/90
19.171921140624,07/01/90
20.583772586686,08/01/90
20.6199751003436,09/01/90
19.2583262632612,10/01/90
17.5842156821527,11/01/90
16.0325098709259,12/01/90
14.8799823846776,01/01/91
14.3521813571584,02/01/91
14.1682709489869,03/01/91
14.5600847385767,04/01/91
15.5635058516384,05/01/91
17.290439895166,06/01/91
19.2656432208593,07/01/91
20.6380625904506,08/01/91
20.4141698774695,09/01/91
19.2754303688928,10/01/91
17.4339838519213,11/01/91
15.952198780451,12/01/91
14.9346209618396,01/01/92
14.3791849472738,02/01/92
14.2003711997999,03/01/92
14.565078314061,04/01/92
15.5731690991753,05/01/92
17.453998022285,06/01/92
19.5952283439275,07/01/92
20.8199674625826,08/01/92
20.7562800742135,09/01/92
19.3178759257102,10/01/92
17.6145930001924,11/01/92
16.0120000985754,12/01/92
14.9009921643658,01/01/93
14.3981635297529,02/01/93
14.230036613119,03/01/93
14.7155408745507,04/01/93
15.7211710508679,05/01/93
17.6468364249126,06/01/93
19.8345492568887,07/01/93
21.12588043209,08/01/93
20.8925838366118,09/01/93
19.279045730319,10/01/93
17.5084933154059,11/01/93
15.9699778959885,12/01/93
14.9409040936933,01/01/94
14.3275591896559,02/01/94
14.2374862819157,03/01/94
14.595726891588,04/01/94
15.6355484287008,05/01/94
17.4989947178624,06/01/94
19.6172060893626,07/01/94
21.0388586704476,08/01/94
20.8194576533389,09/01/94
19.3084374612077,10/01/94
17.5638323433758,11/01/94
16.1014005294866,12/01/94
15.0106259318526,01/01/95
14.4600600328095,02/01/95
14.318389011029,03/01/95
14.6471023151357,04/01/95
15.5412309652789,05/01/95
17.2173094166759,06/01/95
19.3389521160646,07/01/95
20.9592751236892,08/01/95
20.6792290536072,09/01/95
19.1672136926867,10/01/95
17.397506774763,11/01/95
16.036520943005,12/01/95
14.9776119011099,01/01/96
14.4014696355393,02/01/96
14.3150834559114,03/01/96
14.5877070602391,04/01/96
15.5515045741958,05/01/96
17.2455993692813,06/01/96
19.4014860734099,07/01/96
20.746874870111,08/01/96
20.4360533483934,09/01/96
19.0183002738736,10/01/96
17.3932645318905,11/01/96
15.8561605869312,12/01/96
14.787977730527,01/01/97
14.2306678999163,02/01/97
14.2030203576195,03/01/97
14.5434107053358,04/01/97
15.5871387975754,05/01/97
17.276149817615,06/01/97
19.2481981410608,07/01/97
20.7372739582907,08/01/97
20.4404742282486,09/01/97
19.1503624542021,10/01/97
17.5145419724531,11/01/97
16.0738641121685,12/01/97
14.9316385392173,01/01/98
14.3399279835052,02/01/98
14.199141556204,03/01/98
14.6543117821695,04/01/98
15.6672286292966,05/01/98
17.5835009139541,06/01/98
19.6602802897667,07/01/98
20.9152315257991,08/01/98
20.7977867406004,09/01/98
19.5453248582804,10/01/98
17.8351642987923,11/01/98
16.1776711421645,12/01/98
15.0654123085403,01/01/99
14.4784131655814,02/01/99
14.3102762267741,03/01/99
14.5904948764812,04/01/99
15.5557236889756,05/01/99
17.5285660769379,06/01/99
19.599774335751,07/01/99
20.8753894212848,08/01/99
20.9001020086164,09/01/99
19.2971932433332,10/01/99
17.5250805632322,11/01/99
16.0154935419129,12/01/99
14.9356296770832,01/01/00
14.3711892352215,02/01/00
14.2395107609645,03/01/00
14.6951110593208,04/01/00
15.8826530461977,05/01/00
17.7791074188782,06/01/00
19.6980224735964,07/01/00
21.1500991795753,08/01/00
20.966443510825,09/01/00
19.5830291560915,10/01/00
17.8017855049874,11/01/00
16.1306059140283,12/01/00
15.0259314428075,01/01/01
14.4463119235644,02/01/01
14.3121817613461,03/01/01
14.7310017842619,04/01/01
15.6607276528363,05/01/01
17.4370326852097,06/01/01
19.5555961543881,07/01/01
20.9685763615082,08/01/01
20.8852861524243,09/01/01
19.6100869320242,10/01/01
17.8201836824732,11/01/01
16.1681632933839,12/01/01
15.0865821126033,01/01/02
14.5332137495261,02/01/02
14.41118288381,03/01/02
14.8110668358838,04/01/02
15.804335927716,05/01/02
17.6109714712748,06/01/02
19.7190472314779,07/01/02
21.0208755871591,08/01/02
20.9023379445129,09/01/02
19.4292786618882,10/01/02
17.6692463352802,11/01/02
16.1853632153995,12/01/02
15.0478402444995,01/01/03
14.4199313602132,02/01/03
14.2322759631626,03/01/03
14.6135945546805,04/01/03
15.5667799084964,05/01/03
17.2220568431735,06/01/03
19.2036576195788,07/01/03
20.7390001950773,08/01/03
20.8639956417441,09/01/03
19.0024402393625,10/01/03
17.5572387444108,11/01/03
16.1279534521954,12/01/03
15.0698581887625,01/01/04
14.512549239222,02/01/04
14.383158794137,03/01/04
14.637170451322,04/01/04
15.7794739989858,05/01/04
17.7718841851226,06/01/04
19.8793535487615,07/01/04
21.337131880263,08/01/04
20.9382465111255,09/01/04
19.3787571054967,10/01/04
17.5654777419716,11/01/04
15.9640590866619,12/01/04
14.8632565885626,01/01/05
14.3634481524567,02/01/05
14.3021985751933,03/01/05
14.726967143555,04/01/05
16.0015133808042,05/01/05
17.7914913010546,06/01/05
19.9261797866063,07/01/05
21.127557108678,08/01/05
21.0761051421568,09/01/05
19.6295025253218,10/01/05
17.7107909978195,11/01/05
16.1502212899934,12/01/05
15.0117571158538,01/01/06
14.4492495217403,02/01/06
14.3138233052598,03/01/06
14.5632625385155,04/01/06
15.6399677666832,05/01/06
17.3272694004037,06/01/06
19.5030533128272,07/01/06
21.0370211985484,08/01/06
20.9259299206856,09/01/06
19.3308203888004,10/01/06
17.5821352551463,11/01/06
16.1169090169885,12/01/06
15.0627508157379,01/01/07
14.5235681233932,02/01/07
14.3810382784365,03/01/07
14.7647780508602,04/01/07
15.910034285027,05/01/07
17.4949593062191,06/01/07
19.3266996234816,07/01/07
20.6840205336147,08/01/07
20.8905052818795,09/01/07
19.3410351862816,10/01/07
17.7545175205718,11/01/07
16.2883001885743,12/01/07
15.1097689066185,01/01/08
14.5185572569063,02/01/08
14.3440258409988,03/01/08
14.6552506725999,04/01/08
15.627111300479,05/01/08
17.2519152108662,06/01/08
19.3666041738462,07/01/08
20.853533814206,08/01/08
20.7187044126513,09/01/08
19.1224816485702,10/01/08
17.5406064518706,11/01/08
16.1454032677462,12/01/08
15.051583581372,01/01/09
14.4893059465804,02/01/09
14.4218851333786,03/01/09
14.7775415641584,04/01/09
15.803926560475,05/01/09
17.8896934029821,06/01/09
20.0653918515964,07/01/09
21.4000290587977,08/01/09
21.270918243367,09/01/09
19.7926685762024,10/01/09
17.8780585406083,11/01/09
16.3591210516726,12/01/09
15.2761951375014,01/01/10
14.6722563186367,02/01/10
14.4957744335772,03/01/10
14.924843615712,04/01/10
15.9577679150426,05/01/10
17.6697615410788,06/01/10
19.9203509565737,07/01/10
21.1994179650119,08/01/10
20.9645365445139,09/01/10
19.7038179330952,10/01/10
17.9073294547461,11/01/10
16.3735858013905,12/01/10
15.3641225291743,01/01/11
14.7574385158383,02/01/11
14.5784016373366,03/01/11
14.9342642385429,04/01/11
15.9726159302969,05/01/11
17.7881065597529,06/01/11
19.8968329902977,07/01/11
21.2425637523696,08/01/11
21.1243663129538,09/01/11
19.7654480225506,10/01/11
17.9496742391595,11/01/11
16.3262523975126,12/01/11
15.2300686896619,01/01/12
14.6301976617703,02/01/12
14.60461975337,03/01/12
15.0181548969671,04/01/12
16.0293374675421,05/01/12
17.9951169765249,06/01/12
20.1362017013171,07/01/12
21.4301624305262,08/01/12
21.2758614877162,09/01/12
19.9159054067529,10/01/12
18.0657738504325,11/01/12
16.4431777918292,12/01/12
15.3370390920721,01/01/13
14.6629948391104,02/01/13
14.4990253623425,03/01/13
14.8135773352809,04/01/13
15.7415537288422,05/01/13
17.4164431760063,06/01/13
19.4899639136893,07/01/13
21.1703939707973,08/01/13
21.0676192246728,09/01/13
19.5149589941533,10/01/13
17.8232644545563,11/01/13
16.3906515804684,12/01/13
15.3131967818292,01/01/14
14.721131154827,02/01/14
14.6109926442502,03/01/14
14.9137128356256,04/01/14
15.7851930256449,05/01/14
17.3638140996998,06/01/14
19.6453667449164,07/01/14
20.9882205925223,08/01/14
20.8799369549811,09/01/14
19.3908449480864,10/01/14
17.7406385724022,11/01/14
16.2337208633832,12/01/14
15.0843414409545,01/01/15
14.3980865462443,02/01/15
14.2003073222105,03/01/15
14.5332770764466,04/01/15
15.5310508599367,05/01/15
17.3645999041832,06/01/15
19.3883248670508,07/01/15
20.8960138428949,08/01/15
20.951199674784,09/01/15
19.5651388054415,10/01/15
17.6989163742179,11/01/15
16.1950585118649,12/01/15
15.1986593080184,01/01/16
14.6285179014367,02/01/16
14.3584479689459,03/01/16
14.7931319911888,04/01/16
15.7172014992219,05/01/16
17.8339874092746,06/01/16
19.9069727866782,07/01/16
21.1775983716774,08/01/16
21.0096625371429,09/01/16
19.5729114965997,10/01/16
17.7405624699638,11/01/16
16.2666815893789,12/01/16
15.1433355886432,01/01/17
14.5607412460084,02/01/17
14.3986879867886,03/01/17
14.7382311855089,04/01/17
15.7428352454461,05/01/17
17.4575138227787,06/01/17
19.4717695938208,07/01/17
21.0246297171416,08/01/17
20.8293955745102,09/01/17
19.1244077781581,10/01/17
17.5831536621621,11/01/17
16.0902790006372,12/01/17
15.0021272388507,01/01/18
14.4792809095932,02/01/18
14.3154403994756,03/01/18
14.7397288947128,04/01/18
15.6921693036758,05/01/18
17.2791769545498,06/01/18
19.3020014636745,07/01/18
20.6887628939586,08/01/18
20.5608466995834,09/01/18
19.2659410225864,10/01/18
17.3910115252589,11/01/18
16.0076750351043,12/01/18
14.9689009803239,01/01/19
14.5009422406933,02/01/19
14.3991595796124,03/01/19
14.8173165972038,04/01/19
15.8037886729889,05/01/19
17.6190514356648,06/01/19
19.8678949004274,07/01/19
21.1302361127506,08/01/19
21.201286274368,09/01/19
19.5599459979585,10/01/19
17.8094671155139,11/01/19
16.2004231280366,12/01/19
15.1079548932133,01/01/20
14.5943988985312,02/01/20
14.4547577523544,03/01/20
14.7601510005785,04/01/20
15.81064240793,05/01/20
17.5674863617569,06/01/20
19.6687623525686,07/01/20
21.1619553007027,08/01/20
21.056003415442,09/01/20
19.3688403300102,10/01/20
17.6228410287228,11/01/20
16.1713918649928,12/01/20
15.1470877362177,01/01/21
14.6003188091956,02/01/21
14.4853629371741,03/01/21
14.7459207256672,04/01/21
15.7273612298157,05/01/21
17.6571903213515,06/01/21
19.8403326016723,07/01/21
21.163386268839,08/01/21
21.1329026717066,09/01/21
19.6544763499672,10/01/21
17.6990571251821,11/01/21
16.1583224000682,12/01/21
14.9979387412603,01/01/22
14.422994180491,02/01/22
14.2321982087175,03/01/22
14.6346671106203,04/01/22
15.7101028267656,05/01/22
17.8752099305225,06/01/22
20.0861704604912,07/01/22
21.3754006136702,08/01/22
21.3423795343659,09/01/22
19.8659778018091,10/01/22
17.9248091165498,11/01/22
16.3706923668583,12/01/22
15.2703189499457,01/01/23
14.6099892154278,02/01/23
14.4111707690948,03/01/23
14.8333266339163,04/01/23
15.9275238588705,05/01/23
17.8015002585106,06/01/23
19.8943014553495,07/01/23
21.2718287192835,08/01/23
21.2822772206349,09/01/23
19.9233928514343,10/01/23
18.1010033321895,11/01/23
16.5720256078057,12/01/23
15.4210196196566,01/01/24
14.8364393447941,02/01/24
14.6226059204041,03/01/24
14.9616929450292,04/01/24
16.1798045435166,05/01/24
18.0347036808154,06/01/24
20.1831652759791,07/01/24
21.6230062297087,08/01/24
21.3761708892913,09/01/24
19.723923073957,10/01/24
18.0205319970723,11/01/24
16.4595977464516,12/01/24
15.3926723974883,01/01/25
14.7311959501069,02/01/25
14.6115478286091,03/01/25
15.0165359304772,04/01/25
16.1001502908748,05/01/25
17.9776470064934,06/01/25
19.9803679166292,07/01/25
21.6191778695621,08/01/25
21.4289893956905,09/01/25
19.7773787042435,10/01/25
17.874872700904,11/01/25
16.4144411366332,12/01/25
15.2926853574721,01/01/26
14.6722934337189,02/01/26
14.5657077285841,03/01/26
14.971831640072,04/01/26
15.9264165738984,05/01/26
17.6229911410578,06/01/26
19.7296351621882,07/01/26
21.0694372028938,08/01/26
20.917929472881,09/01/26
19.5866545396912,10/01/26
17.9407770821603,11/01/26
16.3633714444444,12/01/26
15.3661253118695,01/01/27
14.7289273044793,02/01/27
14.5073755950159,03/01/27
14.7646248547794,04/01/27
16.0011920104493,05/01/27
17.8488672531898,06/01/27
19.6724692351616,07/01/27
21.1822456865737,08/01/27
20.9381052094924,09/01/27
19.6022249223746,10/01/27
17.8970658680026,11/01/27
16.3652593576124,12/01/27
15.2329468155994,01/01/28
14.7225220342693,02/01/28
14.6658397046479,03/01/28
15.0892335832322,04/01/28
16.0743597141552,05/01/28
18.0599900651138,06/01/28
20.024490370302,07/01/28
21.326496371762,08/01/28
21.1190592967463,09/01/28
19.7117347893647,10/01/28
17.8169597364827,11/01/28
16.3547481901432,12/01/28
15.2203803316244,01/01/29
14.6358210923129,02/01/29
14.5401014056699,03/01/29
14.8187888655056,04/01/29
15.6971319315694,05/01/29
17.4010973560898,06/01/29
19.3583064749833,07/01/29
20.8297554916863,08/01/29
20.8942447640699,09/01/29
19.4583908732564,10/01/29
17.6946502323163,11/01/29
16.1321249891845,12/01/29
15.0995171041889,01/01/30
14.5387188963945,02/01/30
14.3640434255096,03/01/30
14.7752128956235,04/01/30
15.8138911340198,05/01/30
17.4303098993269,06/01/30
19.4123063863851,07/01/30
20.8894381957352,08/01/30
20.7783147588102,09/01/30
19.5015267485744,10/01/30
17.71635572706,11/01/30
16.1690250901719,12/01/30
15.0980123464235,01/01/31
14.4956516344183,02/01/31
14.3321291906423,03/01/31
14.745080074564,04/01/31
15.8086634141302,05/01/31
17.4834642036055,06/01/31
19.5430453094091,07/01/31
20.7914182550712,08/01/31
20.8077941561837,09/01/31
19.433281584068,10/01/31
17.8532927586636,11/01/31
16.4095439282018,12/01/31
15.2239417275009,01/01/32
14.5409276292486,02/01/32
14.4435911787912,03/01/32
14.8080097425622,04/01/32
15.7715163932197,05/01/32
17.6310621846121,06/01/32
19.692737924679,07/01/32
21.0547452471984,08/01/32
20.7352064169359,09/01/32
19.212880992819,10/01/32
17.5289537478253,11/01/32
16.0010708632969,12/01/32
14.9528951286949,01/01/33
14.322769361655,02/01/33
14.259381757421,03/01/33
14.5953628994622,04/01/33
15.5307605473063,05/01/33
17.3115602491641,06/01/33
19.4288631271558,07/01/33
20.9424605597516,08/01/33
20.9582530822588,09/01/33
19.330914993713,10/01/33
17.7256642337082,11/01/33
16.2761609135119,12/01/33
15.1602144707053,01/01/34
14.618149797741,02/01/34
14.5575945037941,03/01/34
14.7965847951633,04/01/34
15.8665626118296,05/01/34
17.6853639726906,06/01/34
19.840124889373,07/01/34
21.2115323498412,08/01/34
21.1715538997137,09/01/34
19.5977741962664,10/01/34
17.8004980411597,11/01/34
16.2042040205263,12/01/34
15.1826358349854,01/01/35
14.520584709567,02/01/35
14.4227133393652,03/01/35
14.670724798364,04/01/35
15.709734319155,05/01/35
17.5080034403755,06/01/35
19.5804204173673,07/01/35
20.9765469630598,08/01/35
20.8060722146143,09/01/35
19.4587861433743,10/01/35
17.6961309809188,11/01/35
16.1799161090305,12/01/35
15.1002058808167,01/01/36
14.4123191339648,02/01/36
14.2675716353183,03/01/36
14.7736073654541,04/01/36
15.8783882259014,05/01/36
17.5298018880252,06/01/36
19.4381502678516,07/01/36
20.8518651773836,08/01/36
20.8487803303508,09/01/36
19.2524252956061,10/01/36
17.5662422906365,11/01/36
16.1123106014882,12/01/36
14.9756065853378,01/01/37
14.342407315044,02/01/37
14.194574308562,03/01/37
14.4701662383888,04/01/37
15.3953054757768,05/01/37
17.3661005869989,06/01/37
19.5598555781294,07/01/37
20.9325724190466,08/01/37
20.8561746018588,09/01/37
19.3894738927236,10/01/37
17.5478561177322,11/01/37
16.0197645297006,12/01/37
14.8366458456219,01/01/38
14.2982425700016,02/01/38
14.1846768064861,03/01/38
14.6025219252271,04/01/38
15.6078888818225,05/01/38
17.2828287702554,06/01/38
19.289536963575,07/01/38
20.6586393241362,08/01/38
20.6174432349942,09/01/38
19.2484795328555,10/01/38
17.5502086852962,11/01/38
16.0087618351943,12/01/38
14.8862523004784,01/01/39
14.3452664979722,02/01/39
14.1692838493139,03/01/39
14.5921370811976,04/01/39
15.6447868902682,05/01/39
17.3535530460332,06/01/39
19.4972015749695,07/01/39
21.0273032145254,08/01/39
20.9026431252029,09/01/39
19.2574510301527,10/01/39
17.5651441467677,11/01/39
15.9916876859495,12/01/39
14.8881120194,01/01/40
14.3403664260627,02/01/40
14.2658010146205,03/01/40
14.6281120584765,04/01/40
15.7052182837184,05/01/40
17.4916621212684,06/01/40
19.421250129971,07/01/40
20.6944042763065,08/01/40
20.574160771622,09/01/40
19.2395672875292,10/01/40
17.738623564858,11/01/40
16.255637154172,12/01/40
15.0881716733754,01/01/41
14.5753943244813,02/01/41
14.5173416002997,03/01/41
14.7687249149486,04/01/41
15.7897937539544,05/01/41
17.522833283557,06/01/41
19.6076270941635,07/01/41
20.974716649856,08/01/41
20.9691752689757,09/01/41
19.2944800977904,10/01/41
17.6788341411813,11/01/41
16.0772017162146,12/01/41
14.9558782121198,01/01/42
14.3407290965832,02/01/42
14.1548454215682,03/01/42
14.579879522461,04/01/42
15.6614862542773,05/01/42
17.3292869410248,06/01/42
19.2518518290406,07/01/42
20.721004336271,08/01/42
20.7931160773439,09/01/42
19.3570026012232,10/01/42
17.5492431424923,11/01/42
15.9238401043701,12/01/42
14.9447150527036,01/01/43
14.4494483132039,02/01/43
14.2908433424738,03/01/43
14.6766183870562,04/01/43
15.8586608438873,05/01/43
17.5886392052186,06/01/43
19.5410530995563,07/01/43
20.9285837041237,08/01/43
20.881394024822,09/01/43
19.6245215050878,10/01/43
17.9458025964393,11/01/43
16.2712161272898,12/01/43
15.1549281596475,01/01/44
14.6146408255413,02/01/44
14.5172229862243,03/01/44
15.0142454783622,04/01/44
15.9628882545017,05/01/44
17.4083372200454,06/01/44
19.4432766646684,07/01/44
20.8794706485785,08/01/44
20.6057035252668,09/01/44
19.2642481563336,10/01/44
17.5562695671923,11/01/44
15.9901118918993,12/01/44
14.9675662691068,01/01/45
14.4601179631751,02/01/45
14.2551276201009,03/01/45
14.6845754421535,04/01/45
15.6129843310485,05/01/45
17.4733207728104,06/01/45
19.4986357369853,07/01/45
20.9130562736126,08/01/45
20.9022228547182,09/01/45
19.5196270141993,10/01/45
17.6185771996304,11/01/45
16.0572514234402,12/01/45
14.9895324504955,01/01/46
14.3829362137781,02/01/46
14.2731467171337,03/01/46
14.5189932765208,04/01/46
15.588504566517,05/01/46
17.3514124859857,06/01/46
19.5091174987366,07/01/46
20.9565088936669,08/01/46
20.7316793827971,09/01/46
19.1534300102323,10/01/46
17.3169559230603,11/01/46
15.8981104316281,12/01/46
14.8774172589282,01/01/47
14.3017607934384,02/01/47
14.1576889655004,03/01/47
14.4961947040619,04/01/47
15.4408588975859,05/01/47
17.0386071245821,06/01/47
19.0962339065514,07/01/47
20.5513164936465,08/01/47
20.4025702579037,09/01/47
19.0407705375498,10/01/47
17.3614222143781,11/01/47
15.8633352516922,12/01/47
14.7893833678951,01/01/48
14.198845626751,02/01/48
14.0660085451829,03/01/48
14.5462606370269,04/01/48
15.6910760056931,05/01/48
17.359679127124,06/01/48
19.3715407000351,07/01/48
20.8258548837833,08/01/48
20.6978351636598,09/01/48
19.2665382780473,10/01/48
17.5105094242879,11/01/48
16.0395661418789,12/01/48
14.9051933273402,01/01/49
14.3579245031141,02/01/49
14.2447163439654,03/01/49
14.6413352701508,04/01/49
15.7897109333558,05/01/49
17.6925574703271,06/01/49
19.7208328303692,07/01/49
21.1961614194241,08/01/49
21.1008842502883,09/01/49
19.4571981244751,10/01/49
17.7728958739781,11/01/49
16.2877896083943,12/01/49
15.2469441575769,01/01/50
14.6649458589314,02/01/50
14.5543557998779,03/01/50
14.8875038606955,04/01/50
15.8310124205202,05/01/50
17.678231709433,06/01/50
19.7764762680926,07/01/50
21.1138717756845,08/01/50
20.8767434059125,09/01/50
19.3834752364102,10/01/50
17.7565023514617,11/01/50
16.1599937902349,12/01/50
15.1488028494931,01/01/51
14.5583303075437,02/01/51
14.4291733460613,03/01/51
14.8476306984567,04/01/51
15.8116964982889,05/01/51
17.5637113063572,06/01/51
19.610721412701,07/01/51
20.9201584703497,08/01/51
20.8122561159369,09/01/51
19.4165886078178,10/01/51
17.6921418254609,11/01/51
16.1658401315377,12/01/51
14.9532818083783,01/01/52
14.3301605494173,02/01/52
14.2038336955466,03/01/52
14.6444129584883,04/01/52
15.5691430489028,05/01/52
17.5145274347948,06/01/52
19.7224299903717,07/01/52
20.979585664041,08/01/52
20.9863135160775,09/01/52
19.4611542398006,10/01/52
17.7548649926314,11/01/52
16.2695548694303,12/01/52
15.1965516779696,01/01/53
14.5596001499674,02/01/53
14.4187109678543,03/01/53
14.6890782615372,04/01/53
15.8390080224387,05/01/53
17.6115990135238,06/01/53
19.5654957490057,07/01/53
20.8753397509524,08/01/53
20.9722149611609,09/01/53
19.7386193248696,10/01/53
17.9644386628787,11/01/53
16.2514222244757,12/01/53
15.163024974505,01/01/54
14.6206610680745,02/01/54
14.4709647082562,03/01/54
14.7539849409274,04/01/54
15.7820038819273,05/01/54
17.4040420028273,06/01/54
19.5858522151416,07/01/54
20.9784163737537,08/01/54
20.7651137941584,09/01/54
19.0244760252969,10/01/54
17.524600379974,11/01/54
16.0943904045852,12/01/54
15.0620394616863,01/01/55
14.4972815041519,02/01/55
14.3163855675311,03/01/55
14.6885935627942,04/01/55
15.5606842243274,05/01/55
17.1972274039069,06/01/55
19.27593357011,07/01/55
20.6955291826825,08/01/55
20.728310500759,09/01/55
19.1921505123838,10/01/55
17.4655777076376,11/01/55
15.9654065733969,12/01/55
14.8823529040469,01/01/56
14.291931023634,02/01/56
14.126286852686,03/01/56
14.6379253082147,04/01/56
15.7198845782442,05/01/56
17.597908944778,06/01/56
19.7366892304658,07/01/56
21.1476389011795,08/01/56
21.0677857469403,09/01/56
19.5540335763908,10/01/56
17.6695043787146,11/01/56
16.2629075251833,12/01/56
15.1726546312406,01/01/57
14.6331279911171,02/01/57
14.4722099908482,03/01/57
14.7724863137602,04/01/57
15.9457291921165,05/01/57
17.4993264407922,06/01/57
19.7189993232859,07/01/57
21.0573448448194,08/01/57
20.9993438835121,09/01/57
19.5587278082752,10/01/57
17.7951270372291,11/01/57
16.3425353457191,12/01/57
15.176920883276,01/01/58
14.5675090766051,02/01/58
14.4618559842756,03/01/58
14.7682801947658,04/01/58
15.8226658222614,05/01/58
17.5953463521054,06/01/58
19.5226924776877,07/01/58
20.9973700659997,08/01/58
21.080656640669,09/01/58
19.7464879425457,10/01/58
17.9500747956985,11/01/58
16.3370154409249,12/01/58
15.1352740165936,01/01/59
14.562641604293,02/01/59
14.4935969787151,03/01/59
14.8863285130505,04/01/59
15.9294874339418,05/01/59
17.6284498114732,06/01/59
19.8161925998361,07/01/59
21.2108608642161,08/01/59
20.9248421293916,09/01/59
19.4013819969927,10/01/59
17.8421162730606,11/01/59
16.2555576375866,12/01/59
15.1665766786094,01/01/60
14.57486766477,02/01/60
14.4467997060531,03/01/60
14.9288910319368,04/01/60
15.983474900227,05/01/60
17.8396229545323,06/01/60
19.8413727050417,07/01/60
21.0800885706584,08/01/60
20.8391990223424,09/01/60
19.5725091779203,10/01/60
17.9523577587169,11/01/60
16.2873393815228,12/01/60
15.1488563745076,01/01/61
14.5683414676753,02/01/61
14.374991273396,03/01/61
14.7383415395513,04/01/61
15.7139827295189,05/01/61
17.3537050306424,06/01/61
19.5147394975401,07/01/61
20.9261648360273,08/01/61
20.6701182370848,09/01/61
19.2639745840369,10/01/61
17.5655017511346,11/01/61
16.1600447821727,12/01/61
15.0466607117712,01/01/62
14.44149544319,02/01/62
14.2446160120965,03/01/62
14.6527475521657,04/01/62
15.7474516127516,05/01/62
17.8118907193627,06/01/62
19.8866608145873,07/01/62
21.2037189091863,08/01/62
21.0490280928135,09/01/62
19.5618726782153,10/01/62
17.5623013737719,11/01/62
15.9708524682944,12/01/62
14.9033899969113,01/01/63
14.4136732287263,02/01/63
14.2663873668376,03/01/63
14.602480404794,04/01/63
15.7387412426345,05/01/63
17.4650053424099,06/01/63
19.5229849929936,07/01/63
20.9604552070864,08/01/63
20.9431952621635,09/01/63
19.5624156377252,10/01/63
17.764954347743,11/01/63
16.118447475689,12/01/63
14.9301923726201,01/01/64
14.372539915836,02/01/64
14.3030197326184,03/01/64
14.6930421963607,04/01/64
15.7705586699138,05/01/64
17.673885059742,06/01/64
19.9390673105349,07/01/64
21.2767602894526,08/01/64
20.9563586711981,09/01/64
19.5005193549361,10/01/64
17.7116885880843,11/01/64
16.3032202313174,12/01/64
15.0786492869365,01/01/65
14.5195845847578,02/01/65
14.3665747401902,03/01/65
14.7201772862033,04/01/65
15.8684854374043,05/01/65
17.5477435610143,06/01/65
19.5068168041805,07/01/65
20.9095583147904,08/01/65
21.0275412136128,09/01/65
19.6339774808605,10/01/65
17.9083391611937,11/01/65
16.2745959125716,12/01/65
15.097141518666,01/01/66
14.5223579734754,02/01/66
14.4507795001402,03/01/66
14.7220094716813,04/01/66
15.7365557480069,05/01/66
17.502500826584,06/01/66
19.6342216474392,07/01/66
20.9308949715222,08/01/66
21.0677157018595,09/01/66
19.6171903402328,10/01/66
17.8307065241225,11/01/66
16.245719607749,12/01/66
15.134427197999,01/01/67
14.4053277318052,02/01/67
14.2280586105232,03/01/67
14.677736575272,04/01/67
15.6759836035925,05/01/67
17.3279680890712,06/01/67
19.349813398804,07/01/67
20.7725851593087,08/01/67
20.6757720645492,09/01/67
19.310423063034,10/01/67
17.623461081875,11/01/67
16.1206531247974,12/01/67
14.9989529631927,01/01/68
14.4651792709309,02/01/68
14.3469302889085,03/01/68
14.6302842269174,04/01/68
15.8273334017722,05/01/68
17.6490712594714,06/01/68
19.9115203203745,07/01/68
21.256027055673,08/01/68
21.0808256960133,09/01/68
19.4443356009133,10/01/68
17.5037037076726,11/01/68
15.9970385353993,12/01/68
14.8136631294915,01/01/69
14.2003959798992,02/01/69
14.029356135055,03/01/69
14.394992117573,04/01/69
15.4094284803914,05/01/69
17.0253903006668,06/01/69
18.9735028102949,07/01/69
20.5319788750615,08/01/69
20.4870852646974,09/01/69
19.187978865261,10/01/69
17.4701723785895,11/01/69
15.8689526248771,12/01/69
14.8706460141844,01/01/70
14.191811382553,02/01/70
14.0490609396453,03/01/70
14.302680520592,04/01/70
15.3806858779715,05/01/70
17.1206661481972,06/01/70
19.1685699901237,07/01/70
20.5717504939599,08/01/70
20.575408917692,09/01/70
19.1897324152237,10/01/70
17.5414991962493,11/01/70
15.9341917981335,12/01/70
14.8421224678426,01/01/71
14.318128764919,02/01/71
14.2380932291488,03/01/71
14.6335792091926,04/01/71
15.7587279896884,05/01/71
17.3420395510792,06/01/71
19.3440244371979,07/01/71
20.6779592111834,08/01/71
20.5618194010827,09/01/71
19.362405323681,10/01/71
17.6449963098029,11/01/71
16.0904015795286,12/01/71
14.9734369499738,01/01/72
14.3524309202921,02/01/72
14.2527461974879,03/01/72
14.61183990338,04/01/72
15.6799349831657,05/01/72
17.528840420171,06/01/72
19.4624653823898,07/01/72
20.7307062407628,08/01/72
20.7732281202861,09/01/72
19.3463281053659,10/01/72
17.3512195316122,11/01/72
15.8291873937376,12/01/72
14.8532719706707,01/01/73
14.2669797764124,02/01/73
14.2269514356849,03/01/73
14.5793387656266,04/01/73
15.4335294948714,05/01/73
17.2053790653843,06/01/73
19.1977134794839,07/01/73
20.5986622325072,08/01/73
20.66913749582,09/01/73
19.1404887410215,10/01/73
17.2872804875676,11/01/73
15.8312048242249,12/01/73
14.7990729374041,01/01/74
14.2424834918146,02/01/74
14.0954439991802,03/01/74
14.4128336789608,04/01/74
15.3016471629972,05/01/74
17.1697125728087,06/01/74
19.3465646727142,07/01/74
20.7142354043365,08/01/74
20.5797006106294,09/01/74
19.0566066730318,10/01/74
17.3435410048314,11/01/74
15.8020395283772,12/01/74
14.7781991729279,01/01/75
14.2702962347737,02/01/75
14.1511231202467,03/01/75
14.5190990049446,04/01/75
15.5658700933826,05/01/75
17.4172917567413,06/01/75
19.6819378763184,07/01/75
20.9084248179799,08/01/75
20.8191969666939,09/01/75
19.1574633293339,10/01/75
17.5003317418888,11/01/75
16.0785705689019,12/01/75
14.9296874092625,01/01/76
14.3706397778189,02/01/76
14.2646338168749,03/01/76
14.7302828309799,04/01/76
15.6987190693984,05/01/76
17.5044371986129,06/01/76
19.405087778248,07/01/76
20.7417887822558,08/01/76
20.6820580598811,09/01/76
19.3306962680362,10/01/76
17.5002242513246,11/01/76
16.0123506543807,12/01/76
14.8988759438825,01/01/77
14.2986860787129,02/01/77
14.2270667457471,03/01/77
14.5692023833931,04/01/77
15.6517201417947,05/01/77
17.5124318093274,06/01/77
19.5641460595952,07/01/77
20.9776144897392,08/01/77
20.9346317003682,09/01/77
19.3106911286419,10/01/77
17.6854974548257,11/01/77
16.1360515886583,12/01/77
14.9589919142016,01/01/78
14.3014215814119,02/01/78
14.1999357308542,03/01/78
14.4976898801889,04/01/78
15.4132549682639,05/01/78
17.2040954562387,06/01/78
19.3212108865456,07/01/78
20.8039410159376,08/01/78
20.845240630828,09/01/78
19.3221504377787,10/01/78
17.5015004815072,11/01/78
16.0787014078264,12/01/78
15.0305747928879,01/01/79
14.3839400831356,02/01/79
14.2089907095527,03/01/79
14.5456332049118,04/01/79
15.638500564535,05/01/79
17.3769091156602,06/01/79
19.4622825603236,07/01/79
20.7205392413399,08/01/79
20.6778502888801,09/01/79
19.3153188397263,10/01/79
17.5351396315558,11/01/79
16.0230764725771,12/01/79
14.8553896228931,01/01/80
14.277826301226,02/01/80
14.1680835013021,03/01/80
14.4276163848866,04/01/80
15.5208227362688,05/01/80
17.273661234839,06/01/80
19.3732372007025,07/01/80
20.8222583552327,08/01/80
20.7436000423166,09/01/80
19.2884395906426,10/01/80
17.5193815809202,11/01/80
16.0553330032166,12/01/80
14.9829887421306,01/01/81
14.444110679807,02/01/81
14.3048850683626,03/01/81
14.7401673372704,04/01/81
15.4894124735551,05/01/81
17.2019044549223,06/01/81
19.3588806023515,07/01/81
20.8475754668542,08/01/81
20.5621515645475,09/01/81
19.3282660561609,10/01/81
17.7770617941446,11/01/81
16.1895383868031,12/01/81
15.0234394458845,01/01/82
14.3611378762622,02/01/82
14.2356233691146,03/01/82
14.5213879151868,04/01/82
15.5678792638367,05/01/82
17.1209360860793,06/01/82
19.18059880101,07/01/82
20.5962336726385,08/01/82
20.5301951484445,09/01/82
19.0369184986415,10/01/82
17.4173996878406,11/01/82
15.909061473394,12/01/82
14.8467043632766,01/01/83
14.248275757434,02/01/83
14.1292694955758,03/01/83
14.4366845796381,04/01/83
15.4786039448938,05/01/83
17.2487350981181,06/01/83
19.2683492077067,07/01/83
20.4994891912207,08/01/83
20.4525001756568,09/01/83
19.0527202723858,10/01/83
17.4851983700239,11/01/83
15.962189675968,12/01/83
14.8886821819523,01/01/84
14.324088984545,02/01/84
14.2398336731923,03/01/84
14.7254140370624,04/01/84
15.887796293482,05/01/84
17.529738891506,06/01/84
19.7418899675805,07/01/84
21.0182289624163,08/01/84
20.7727454039511,09/01/84
19.4428463720102,10/01/84
17.5035798071759,11/01/84
15.9926491538037,12/01/84
14.8875717031008,01/01/85
14.2599366113786,02/01/85
14.0752666105622,03/01/85
14.4135006491012,04/01/85
15.5001876316826,05/01/85
17.0512733897571,06/01/85
19.2264723817025,07/01/85
20.6047449208907,08/01/85
20.3552144968695,09/01/85
19.058976751866,10/01/85
17.3063953055262,11/01/85
15.8831833403235,12/01/85
14.7915972770366,01/01/86
14.203753297891,02/01/86
14.102176586969,03/01/86
14.3438748475935,04/01/86
15.4189134213468,05/01/86
17.2296383420986,06/01/86
19.2646359373547,07/01/86
20.6158788948566,08/01/86
20.4793624641391,09/01/86
18.9955457549247,10/01/86
17.2726058228749,11/01/86
15.7418801653508,12/01/86
14.6762723467357,01/01/87
14.1395711886054,02/01/87
13.9910845381698,03/01/87
14.3239271980298,04/01/87
15.2689271894332,05/01/87
16.8484976166271,06/01/87
18.8251616465758,07/01/87
20.3270335767012,08/01/87
20.2165249065072,09/01/87
18.7882052672295,10/01/87
17.1996489152139,11/01/87
15.7828166691855,12/01/87
14.6486489237356,01/01/88
14.1274782798621,02/01/88
14.0419529058181,03/01/88
14.3888076655815,04/01/88
15.3396892410957,05/01/88
17.027275680758,06/01/88
19.0216183842415,07/01/88
20.3137251214852,08/01/88
20.3162116117194,09/01/88
18.9731623867969,10/01/88
17.0738293375101,11/01/88
15.6015248016443,12/01/88
14.6570457429957,01/01/89
14.1112652666026,02/01/89
13.9498517744808,03/01/89
14.3545612378985,04/01/89
15.5731118296124,05/01/89
17.2704764964724,06/01/89
19.4053485750268,07/01/89
20.767368232529,08/01/89
20.5161856917517,09/01/89
19.2485180796767,10/01/89
17.4727358523323,11/01/89
15.9847418791726,12/01/89
14.7984209454572,01/01/90
14.1581561529732,02/01/90
14.0041981667381,03/01/90
14.3752398453258,04/01/90
15.3063984441769,05/01/90
16.8733524967957,06/01/90
18.9294575603982,07/01/90
20.2923495875308,08/01/90
20.2948742941849,09/01/90
18.8517901210542,10/01/90
17.185130860749,11/01/90
15.7513326168427,12/01/90
14.7416921393828,01/01/91
14.1596107998711,02/01/91
14.0916164099699,03/01/91
14.5128069522551,04/01/91
15.4279843694427,05/01/91
17.2982197450196,06/01/91
19.3684811837705,07/01/91
20.7004309065986,08/01/91
20.5317887841662,09/01/91
19.1935225589505,10/01/91
17.4024644466367,11/01/91
15.8283258172172,12/01/91
14.8195680619625,01/01/92
14.3091659681901,02/01/92
14.1984696300437,03/01/92
14.5626424853632,04/01/92
15.6843960618487,05/01/92
17.3576115857692,06/01/92
19.5718037710926,07/01/92
20.8818446922286,08/01/92
20.7698216826308,09/01/92
19.262712671245,10/01/92
17.6233948914764,11/01/92
16.1088824674793,12/01/92
14.9989766419543,01/01/93
14.3990494458376,02/01/93
14.1821418573909,03/01/93
14.5147589632801,04/01/93
15.4735724833909,05/01/93
17.4029488149784,06/01/93
19.5470262048339,07/01/93
20.8159411920425,08/01/93
20.6897784374963,09/01/93
19.1707812560546,10/01/93
17.4809379550786,11/01/93
15.9345737420645,12/01/93
14.778918566745,01/01/94
14.2135601598702,02/01/94
14.0198956437976,03/01/94
14.3379430424815,04/01/94
15.2498750375926,05/01/94
16.9736894318145,06/01/94
18.9249389918847,07/01/94
20.263597183205,08/01/94
20.2572277064718,09/01/94
18.8330209028811,10/01/94
17.2004303143463,11/01/94
15.7851308000621,12/01/94
14.7417166992146,01/01/95
14.235424577651,02/01/95
14.1474422292245,03/01/95
14.5293489351,04/01/95
15.3122845437724,05/01/95
16.9566318026359,06/01/95
19.0744936095348,07/01/95
20.2421802389513,08/01/95
20.4107035270407,09/01/95
19.0009669798567,10/01/95
17.4071781721992,11/01/95
15.9202126282288,12/01/95
14.7925133697756,01/01/96
14.3423192080241,02/01/96
14.259449269425,03/01/96
14.565708279253,04/01/96
15.607009243363,05/01/96
17.4896467833229,06/01/96
19.5821314556929,07/01/96
20.8773995829429,08/01/96
20.7143343044663,09/01/96
19.2006903954174,10/01/96
17.3545277299404,11/01/96
15.9623732689706,12/01/96
14.9025059531007,01/01/97
14.3202910213202,02/01/97
14.1431590165878,03/01/97
14.4621138074425,04/01/97
15.5316123219208,05/01/97
17.2313623762098,06/01/97
19.4233715267417,07/01/97
20.4544483319996,08/01/97
20.5400746987151,09/01/97
19.3147974664363,10/01/97
17.4692702728399,11/01/97
15.9891630894292,12/01/97
14.8699136245818,01/01/98
14.223256227272,02/01/98
14.1213258767991,03/01/98
14.5491164058081,04/01/98
15.4595874763962,05/01/98
17.1758600198518,06/01/98
19.4356679627009,07/01/98
20.932209307991,08/01/98
20.7107888779871,09/01/98
19.1292560871934,10/01/98
17.3831998467444,11/01/98
15.9406490514852,12/01/98
14.9759307090372,01/01/99
14.4641869656198,02/01/99
14.3211789198128,03/01/99
14.6619427311595,04/01/99
15.7400440150569,05/01/99
17.5712803601658,06/01/99
19.7831431060179,07/01/99
21.0946798640836,08/01/99
21.1591781674367,09/01/99
19.479166178138,10/01/99
17.703953562677,11/01/99
16.1828855358673,12/01/99
15.0646296979364,01/01/00
14.4909024457803,02/01/00
14.3128467490785,03/01/00
14.6652293432678,04/01/00
15.6236668666714,05/01/00
17.5261844340573,06/01/00
19.5948361575554,07/01/00
20.9940750837245,08/01/00
20.7675249528906,09/01/00
19.3908546398586,10/01/00
17.5427344566677,11/01/00
16.0383954198525,12/01/00
14.9270580755224,01/01/01
14.3183931961124,02/01/01
14.1252283569762,03/01/01
14.4493349855496,04/01/01
15.3932719657584,05/01/01
17.2043421558943,06/01/01
19.2239788429067,07/01/01
20.59812577089,08/01/01
20.4217275874993,09/01/01
19.0668725725845,10/01/01
17.419329011308,11/01/01
15.9391462761277,12/01/01
14.8945753301094,01/01/02
14.3741877373749,02/01/02
14.239770236138,03/01/02
14.57577153266,04/01/02
15.5278864963185,05/01/02
17.3864506653759,06/01/02
19.413912136822,07/01/02
20.7057517996617,08/01/02
20.6134501147204,09/01/02
19.3326054370228,10/01/02
17.4971921583699,11/01/02
15.8877679891019,12/01/02
14.8860785093817,01/01/03
14.346851763527,02/01/03
14.1814428383221,03/01/03
14.5111790649294,04/01/03
15.4884219303843,05/01/03
17.0730831811856,06/01/03
19.0669271989368,07/01/03
20.3483469952066,08/01/03
20.402617064758,09/01/03
19.1407911683672,10/01/03
17.5382304258125,11/01/03
15.9763836067336,12/01/03
14.9930219290171,01/01/04
14.3905818105602,02/01/04
14.2534101940163,03/01/04
14.5666984920224,04/01/04
15.6340534728413,05/01/04
17.5590056205603,06/01/04
19.5606748632803,07/01/04
20.8121253871462,08/01/04
20.8061386252805,09/01/04
19.3860604065067,10/01/04
17.7273926731703,11/01/04
16.0145914361633,12/01/04
14.9370939056195,01/01/05
14.4581952477342,02/01/05
14.2887480474078,03/01/05
14.608347671514,04/01/05
15.6412084236566,05/01/05
17.4321005643718,06/01/05
19.5544438247021,07/01/05
20.88615984366,08/01/05
20.7383805824601,09/01/05
19.3074902006105,10/01/05
17.5847198745739,11/01/05
15.9420860769791,12/01/05
14.9197415584594,01/01/06
14.3364858625068,02/01/06
14.1467609416935,03/01/06
14.5665944156052,04/01/06
15.5343914375947,05/01/06
17.0609415933139,06/01/06
19.2464424985564,07/01/06
20.7413796352824,08/01/06
20.5197844229779,09/01/06
19.1745641309522,10/01/06
17.5037251837587,11/01/06
15.9793861838367,12/01/06
14.9231474454459,01/01/07
14.2899161262236,02/01/07
14.2010918050885,03/01/07
14.6231158397816,04/01/07
15.5600659333156,05/01/07
17.3092788280186,06/01/07
19.3786285793815,07/01/07
20.8666522886605,08/01/07
20.7783594731227,09/01/07
19.1713293918519,10/01/07
17.2821043102846,11/01/07
15.8731598452092,12/01/07
14.8394227586203,01/01/08
14.3251743528959,02/01/08
14.170804906878,03/01/08
14.5899558817872,04/01/08
15.4357282055519,05/01/08
17.0400191497091,06/01/08
19.2970922506617,07/01/08
20.4750720928071,08/01/08
20.3909373779378,09/01/08
18.8657122416636,10/01/08
17.1565519171185,11/01/08
15.8175322667493,12/01/08
14.8480989872672,01/01/09
14.2450695429813,02/01/09
14.0871129297836,03/01/09
14.4583135314084,04/01/09
15.4505470353559,05/01/09
17.2442783146523,06/01/09
19.2473571595563,07/01/09
20.4541881960235,08/01/09
20.3984492723173,09/01/09
18.9980728845218,10/01/09
17.3678927939166,11/01/09
15.8713516688941,12/01/09
14.8289212829233,01/01/10
14.2561526351432,02/01/10
14.1826961606796,03/01/10
14.5520565370608,04/01/10
15.6048073388029,05/01/10
17.5191651680527,06/01/10
19.703987759376,07/01/10
20.9900275573659,08/01/10
20.936159255825,09/01/10
19.325297179993,10/01/10
17.4631913290047,11/01/10
16.0085672288142,12/01/10
14.9492441940594,01/01/11
14.4497949041933,02/01/11
14.3395611279012,03/01/11
14.6925445018323,04/01/11
15.6401939814567,05/01/11
17.4794252676814,06/01/11
19.6378197178628,07/01/11
20.9312331923447,08/01/11
20.7532515055396,09/01/11
19.1568208088916,10/01/11
17.4103509059843,11/01/11
16.0212532079349,12/01/11
14.97638126631,01/01/12
14.3157048306689,02/01/12
14.2387626222322,03/01/12
14.7458744694818,04/01/12
15.7713179321574,05/01/12
17.4860785591523,06/01/12
19.5843782948331,07/01/12
21.0560611255401,08/01/12
20.7680431323011,09/01/12
19.2958873871651,10/01/12
17.5647881944075,11/01/12
15.970225146313,12/01/12
14.8191688270288,01/01/13
14.2264634329286,02/01/13
14.0890757339185,03/01/13
14.4634087603669,04/01/13
15.5972117427546,05/01/13
17.3855667316991,06/01/13
19.3747343592375,07/01/13
20.7988245311606,08/01/13
20.5396957283959,09/01/13
19.1943605668432,10/01/13
17.3232984170187,11/01/13
15.8979113097632,12/01/13
14.96606118094,01/01/14
14.4519368959798,02/01/14
14.2484769718406,03/01/14
14.5032917245116,04/01/14
15.5884731783911,05/01/14
17.1641936592185,06/01/14
19.2558727030257,07/01/14
20.6784803642059,08/01/14
20.5545784357893,09/01/14
19.2619037386689,10/01/14
17.5468371600475,11/01/14
15.9762110271085,12/01/14
14.8178884117627,01/01/15
14.296029211529,02/01/15
14.1760320760988,03/01/15
14.5112615551268,04/01/15
15.6068660694557,05/01/15
17.652928034132,06/01/15
19.6400218426904,07/01/15
20.8603507644663,08/01/15
20.7577651180332,09/01/15
19.3148746702124,10/01/15
17.343183180197,11/01/15
15.9953393915213,12/01/15
14.8920861966646,01/01/16
14.3109647831343,02/01/16
14.1824772147353,03/01/16
14.5985103024792,04/01/16
15.6220758741603,05/01/16
17.5367601399186,06/01/16
19.6828623392243,07/01/16
21.1355001767859,08/01/16
20.8928643473362,09/01/16
19.1565523027486,10/01/16
17.4158497752275,11/01/16
16.0073756915043,12/01/16
14.9343389092422,01/01/17
14.4167698600731,02/01/17
14.2662836208217,03/01/17
14.6279751621944,04/01/17
15.7932053678972,05/01/17
17.4353329906629,06/01/17
19.2923606834277,07/01/17
20.7437389210066,08/01/17
20.807507367834,09/01/17
19.3688828416473,10/01/17
17.7892561360945,11/01/17
16.2456507741398,12/01/17
15.2116327362914,01/01/18
14.582282971829,02/01/18
14.3518099860696,03/01/18
14.7351382987105,04/01/18
15.7894881327293,05/01/18
17.5591444992504,06/01/18
19.6138699170556,07/01/18
20.8255027861052,08/01/18
20.5630244848468,09/01/18
19.2836412823411,10/01/18
17.5878656255842,11/01/18
16.2405601707998,12/01/18
15.1801351374942,01/01/19
14.5778640743817,02/01/19
14.3815922513239,03/01/19
14.7607082774791,04/01/19
15.7615848598073,05/01/19
17.4694763331326,06/01/19
19.5915971232378,07/01/19
21.0483482370215,08/01/19
21.1308726859691,09/01/19
19.6693088363593,10/01/19
17.8873147337135,11/01/19
16.2144760875704,12/01/19
15.2028061750418,01/01/20
14.600769036067,02/01/20
14.4312002480532,03/01/20
14.7955782825952,04/01/20
15.8222405957568,05/01/20
17.7108414390883,06/01/20
19.8861621288549,07/01/20
21.2811384374032,08/01/20
21.0546654002117,09/01/20
19.5970864108426,10/01/20
17.8462143508218,11/01/20
16.150513474898,12/01/20
15.0918405598161,01/01/21
14.5631422724334,02/01/21
14.3960371769623,03/01/21
14.8003095194278,04/01/21
15.9199143859665,05/01/21
17.6990971037424,06/01/21
19.6648599825252,07/01/21
21.0057069724863,08/01/21
21.0651507963776,09/01/21
19.4711268531109,10/01/21
17.7384116674752,11/01/21
16.2860869402355,12/01/21
15.139981464531,01/01/22
14.563121897685,02/01/22
14.4557191100748,03/01/22
14.8458148127774,04/01/22
15.8127821970411,05/01/22
17.6194560671535,06/01/22
19.616299137727,07/01/22
21.030214050194,08/01/22
20.8757573782265,09/01/22
19.4308928926258,10/01/22
17.7646026906,11/01/22
16.2562231759878,12/01/22
15.1627532744825,01/01/23
14.5105095617123,02/01/23
14.3517650514895,03/01/23
14.7700928865657,04/01/23
15.801134779417,05/01/23
17.5446525464901,06/01/23
19.6291525201854,07/01/23
21.0153923569119,08/01/23
20.9773629441975,09/01/23
19.3531425225494,10/01/23
17.5848029154401,11/01/23
16.1129184297915,12/01/23
15.0486476352028,01/01/24
14.516508548427,02/01/24
14.3316091389576,03/01/24
14.7143281915561,04/01/24
15.7312839746074,05/01/24
17.5773518149044,06/01/24
19.558497518552,07/01/24
21.0422468258963,08/01/24
20.9392959758658,09/01/24
19.4697448945044,10/01/24
17.6902509386809,11/01/24
16.1072359675456,12/01/24
15.1694107510369,01/01/25
14.6549936203694,02/01/25
14.4363645308885,03/01/25
14.7580135242767,04/01/25
15.8827724312096,05/01/25
17.4188836303226,06/01/25
19.4836704292608,07/01/25
21.1759814977292,08/01/25
21.0142298949187,09/01/25
19.5358340802349,10/01/25
17.705604798363,11/01/25
16.1465785052573,12/01/25
15.0453382254031,01/01/26
14.4703465273782,02/01/26
14.3180736980316,03/01/26
14.7365981218958,04/01/26
15.8529576764918,05/01/26
17.4339733892127,06/01/26
19.455858016703,07/01/26
20.8476361505642,08/01/26
20.7133577482849,09/01/26
19.3666777432078,10/01/26
17.678589754335,11/01/26
16.1319573655792,12/01/26
14.998215727704,01/01/27
14.5164083266919,02/01/27
14.3509191139651,03/01/27
14.8324989785984,04/01/27
15.8631560640405,05/01/27
17.691528931004,06/01/27
19.7427328213592,07/01/27
21.0685363086157,08/01/27
20.8591008562558,09/01/27
19.338664777046,10/01/27
17.4988469183366,11/01/27
15.9856890296361,12/01/27
14.9064606366871,01/01/28
14.3661337645558,02/01/28
14.2511759101264,03/01/28
14.7010298686474,04/01/28
15.5708415319782,05/01/28
17.3640215917316,06/01/28
19.4199846928983,07/01/28
20.7555077060506,08/01/28
20.6055646465767,09/01/28
18.9450938030789,10/01/28
17.1639255936105,11/01/28
15.8223233062217,12/01/28
14.7874757407813,01/01/29
14.2900477360845,02/01/29
14.2060906669941,03/01/29
14.4951438075825,04/01/29
15.5783524351536,05/01/29
17.4578125055761,06/01/29
19.4813210555762,07/01/29
20.7837011814693,08/01/29
20.9525919859653,09/01/29
19.5672821188334,10/01/29
17.6210444164541,11/01/29
16.0517636777083,12/01/29
15.0894177269037,01/01/30
14.5195298482717,02/01/30
14.4468008073909,03/01/30
14.733880130467,04/01/30
15.7129780892249,05/01/30
17.4506199991436,06/01/30
19.4571463616009,07/01/30
20.9387737215056,08/01/30
20.7668439957609,09/01/30
19.2661142630142,10/01/30
17.5430714660187,11/01/30
15.9954516178379,12/01/30
14.9991765347556,01/01/31
14.4242647938512,02/01/31
14.2950317299304,03/01/31
14.6255360294834,04/01/31
15.7436703898606,05/01/31
17.4289929196475,06/01/31
19.4165545764814,07/01/31
20.6867944730012,08/01/31
20.7856846907539,09/01/31
19.3022536700189,10/01/31
17.6241558057266,11/01/31
16.1959675560423,12/01/31
15.0894018676402,01/01/32
14.5536291372316,02/01/32
14.41096669121,03/01/32
14.8334306001997,04/01/32
15.9795260537307,05/01/32
17.9392304735604,06/01/32
19.9266985166857,07/01/32
21.2494998673742,08/01/32
20.9813432889534,09/01/32
19.3335147014677,10/01/32
17.6063130328673,11/01/32
16.1351821926398,12/01/32
15.0179850706863,01/01/33
14.4787571133602,02/01/33
14.2976978483514,03/01/33
14.7884628698051,04/01/33
15.7988356267337,05/01/33
17.5033032612673,06/01/33
19.5866023362819,07/01/33
20.8601944846398,08/01/33
20.6962721451275,09/01/33
19.2695383220735,10/01/33
17.6424613607077,11/01/33
16.1610859868799,12/01/33
15.0327860588188,01/01/34
14.5353540893061,02/01/34
14.4878108805872,03/01/34
14.8345810576115,04/01/34
15.8736656896369,05/01/34
17.6109970223106,06/01/34
19.7800394261095,07/01/34
21.2099909175288,08/01/34
21.1263157909019,09/01/34
19.5740024817732,10/01/34
17.8285249943108,11/01/34
16.2048484132428,12/01/34
15.1451488311119,01/01/35
14.5064206250544,02/01/35
14.4477393674199,03/01/35
14.7576755237218,04/01/35
15.7501268722759,05/01/35
17.5971592641728,06/01/35
19.5687995419829,07/01/35
20.8642785754117,08/01/35
20.8098920944603,09/01/35
19.4778623043779,10/01/35
17.7794559922755,11/01/35
16.3417937048794,12/01/35
15.1952675181551,01/01/36
14.6329598168429,02/01/36
14.5899782389435,03/01/36
15.0280023983093,04/01/36
15.980739838063,05/01/36
17.8510469107273,06/01/36
19.8477284150531,07/01/36
21.2022714209838,08/01/36
21.1097414287273,09/01/36
19.5417775595271,10/01/36
17.7406968331691,11/01/36
16.2809468868306,12/01/36
15.2651080805236,01/01/37
14.5667932070688,02/01/37
14.409124263291,03/01/37
14.8027545993627,04/01/37
15.9076551752233,05/01/37
17.8467157898986,06/01/37
19.9200100925406,07/01/37
21.1865276877389,08/01/37
21.0047636767049,09/01/37
19.6045599786684,10/01/37
17.6596159076082,11/01/37
16.1520789163734,12/01/37
15.0876549257039,01/01/38
14.4928502717218,02/01/38
14.3756878695218,03/01/38
14.7271831158874,04/01/38
15.7067222705474,05/01/38
17.6910108617272,06/01/38
19.8180147631405,07/01/38
21.242180596967,08/01/38
21.1391676314875,09/01/38
19.5304544858698,10/01/38
17.64140088259,11/01/38
16.1285818755146,12/01/38
15.0257890398366,01/01/39
14.4278837896919,02/01/39
14.3061377299175,03/01/39
14.7658241014535,04/01/39
15.846120902152,05/01/39
17.715724770664,06/01/39
19.7260497571488,07/01/39
21.2237782343978,08/01/39
20.9041298210293,09/01/39
19.4268710274368,10/01/39
17.5414637331738,11/01/39
16.125885250038,12/01/39
14.9824069053982,01/01/40
14.4817918495255,02/01/40
14.3089298413768,03/01/40
14.8567584755804,04/01/40
15.880321844586,05/01/40
17.5590088144398,06/01/40
19.5728803287415,07/01/40
20.754065173868,08/01/40
20.6917311093239,09/01/40
19.4710636363242,10/01/40
17.8536797687483,11/01/40
16.3154948607891,12/01/40
15.2636415391781,01/01/41
14.7469766883002,02/01/41
14.5580239153822,03/01/41
14.8439256881378,04/01/41
15.9457163064649,05/01/41
17.6432891261593,06/01/41
19.5509150284229,07/01/41
21.0934275329301,08/01/41
20.9987678838697,09/01/41
19.4234910218874,10/01/41
17.6326750937444,11/01/41
16.0924053534278,12/01/41
15.0726940233304,01/01/42
14.5253822469321,02/01/42
14.4320578597578,03/01/42
14.8113404081805,04/01/42
15.8861052995034,05/01/42
17.7299435916628,06/01/42
19.6364536185198,07/01/42
21.2685654555354,08/01/42
21.0810226152027,09/01/42
19.5448214367957,10/01/42
17.7373115411985,11/01/42
16.2130251852209,12/01/42
15.071639712704,01/01/43
14.4057806018873,02/01/43
14.2394183587275,03/01/43
14.5922181396559,04/01/43
15.5317270813141,05/01/43
17.0798600427519,06/01/43
19.2066191167838,07/01/43
20.6097829904201,08/01/43
20.5577483060963,09/01/43
19.0957405072402,10/01/43
17.5813595829702,11/01/43
16.1638094849975,12/01/43
15.0674957091587,01/01/44
14.4379643341016,02/01/44
14.3032240307707,03/01/44
14.6547045192105,04/01/44
15.8076541482177,05/01/44
17.5772079801944,06/01/44
19.5410947301231,07/01/44
20.8656771642182,08/01/44
20.8116340803767,09/01/44
19.313450640504,10/01/44
17.5584303918544,11/01/44
16.0345748792039,12/01/44
14.9683171611835,01/01/45
14.3789313091904,02/01/45
14.2804438506522,03/01/45
14.6583371716393,04/01/45
15.5602327859844,05/01/45
17.1856325200933,06/01/45
19.3688372462645,07/01/45
20.9378544348871,08/01/45
20.8291992059897,09/01/45
19.3591128744826,10/01/45
17.5536645730164,11/01/45
16.1271235942021,12/01/45
15.0272924759968,01/01/46
14.474173345652,02/01/46
14.3484855980766,03/01/46
14.6455771826219,04/01/46
15.7240303439299,05/01/46
17.3406253232767,06/01/46
19.4069232677392,07/01/46
20.7795997996948,08/01/46
20.7014547101694,09/01/46
19.3463975997778,10/01/46
17.7099258970182,11/01/46
16.0991241744947,12/01/46
15.0214824788397,01/01/47
14.3893556912451,02/01/47
14.2556247639604,03/01/47
14.7123775021364,04/01/47
15.8509016991834,05/01/47
17.4091765495434,06/01/47
19.443308162928,07/01/47
20.981210467621,08/01/47
21.0201205099989,09/01/47
19.3823309464898,10/01/47
17.6244079019372,11/01/47
16.1764461241871,12/01/47
15.1663295384186,01/01/48
14.5536304588369,02/01/48
14.4624896940159,03/01/48
14.7910359251863,04/01/48
15.8062203166033,05/01/48
17.6174228875365,06/01/48
19.7396593181052,07/01/48
21.1313837066842,08/01/48
20.8739990925115,09/01/48
19.3194230849789,10/01/48
17.7130217574285,11/01/48
16.1267369145187,12/01/48
15.007490092882,01/01/49
14.4083032159996,02/01/49
14.335264478944,03/01/49
14.725035176877,04/01/49
15.6446372184682,05/01/49
17.2834434268527,06/01/49
19.234196063331,07/01/49
20.6987573137564,08/01/49
20.7311880760276,09/01/49
19.2105295265927,10/01/49
17.5873453536319,11/01/49
16.0564955753436,12/01/49
15.066025313131,01/01/50
14.4880272934547,02/01/50
14.3273458605341,03/01/50
14.6700579383575,04/01/50
15.7923521615436,05/01/50
17.450478477243,06/01/50
19.5573091751217,07/01/50
20.9487756304001,08/01/50
20.7668398106774,09/01/50
19.252762855626,10/01/50
17.6163064614611,11/01/50
16.0686116121796,12/01/50
15.0179645858042,01/01/51
14.3529619853543,02/01/51
14.2373471829581,03/01/51
14.664839469705,04/01/51
15.7231456393167,05/01/51
17.3914088879185,06/01/51
19.401598519994,07/01/51
20.952097154915,08/01/51
20.8172676432265,09/01/51
19.2437713139818,10/01/51
17.4836222455724,11/01/51
16.0710464496734,12/01/51
15.0103551129003,01/01/52
14.4801302612647,02/01/52
14.3771483535097,03/01/52
14.7097498204029,04/01/52
15.6500119669472,05/01/52
17.5287035238889,06/01/52
19.5147951150964,07/01/52
20.9574633129595,08/01/52
20.8975317065795,09/01/52
19.2517437878075,10/01/52
17.5141661960134,11/01/52
15.9770722732276,12/01/52
14.9900555859259,01/01/53
14.3669173663636,02/01/53
14.2575831627444,03/01/53
14.6773223621449,04/01/53
15.681862874894,05/01/53
17.5697711970494,06/01/53
19.5772918472258,07/01/53
21.0526708775496,08/01/53
21.0069195453471,09/01/53
19.5278668928303,10/01/53
17.801652683655,11/01/53
16.2211438065658,12/01/53
15.0686936342275,01/01/54
14.5389561245455,02/01/54
14.3694476898402,03/01/54
14.727766824894,04/01/54
15.6370496621854,05/01/54
17.3519306653962,06/01/54
19.5472184984047,07/01/54
20.9004241499077,08/01/54
20.6671692951301,09/01/54
19.1025857618806,10/01/54
17.593550070238,11/01/54
16.0689496127345,12/01/54
15.0454980295103,01/01/55
14.4714986367966,02/01/55
14.3014411852239,03/01/55
14.6578639268089,04/01/55
15.6505519528451,05/01/55
17.6672174508803,06/01/55
19.6305244566184,07/01/55
21.0080466543987,08/01/55
20.9487291539471,09/01/55
19.498350710776,10/01/55
17.7780124688889,11/01/55
16.1032949405473,12/01/55
15.0706946547822,01/01/56
14.471559100239,02/01/56
14.3768833716475,03/01/56
14.8666785550801,04/01/56
16.0642112172065,05/01/56
17.8560579974818,06/01/56
19.9594287326907,07/01/56
21.3829913638324,08/01/56
20.8892137431021,09/01/56
19.5085951342426,10/01/56
17.6509460667202,11/01/56
16.0951969142183,12/01/56
14.9774276473046,01/01/57
14.4254313307941,02/01/57
14.2649459359927,03/01/57
14.6530535037921,04/01/57
15.6129465551638,05/01/57
17.2469684422362,06/01/57
19.2315043938743,07/01/57
20.4892964204945,08/01/57
20.3399996260113,09/01/57
19.1914716477958,10/01/57
17.5322528050501,11/01/57
16.0669314113109,12/01/57
14.9360098588739,01/01/58
14.4186953288583,02/01/58
14.2931749846206,03/01/58
14.6066044741261,04/01/58
15.553246670246,05/01/58
17.1627914359974,06/01/58
19.317227458044,07/01/58
20.5000168421359,08/01/58
20.4369003872555,09/01/58
19.246636334,10/01/58
17.5416382952069,11/01/58
16.0007693170215,12/01/58
14.9269122584045,01/01/59
14.3052523645017,02/01/59
14.1344870831581,03/01/59
14.4550757085623,04/01/59
15.3453702716025,05/01/59
17.0126878014798,06/01/59
18.961332918043,07/01/59
20.3363649911745,08/01/59
20.3499058286554,09/01/59
19.1307758231522,10/01/59
17.5165609448132,11/01/59
15.9675649751159,12/01/59
14.8973478377568,01/01/60
14.3534387544655,02/01/60
14.2236959914348,03/01/60
14.621858662742,04/01/60
15.7395601973841,05/01/60
17.5808643113848,06/01/60
19.8246400806327,07/01/60
21.1000855601533,08/01/60
20.985704806704,09/01/60
19.5208663495674,10/01/60
17.6816488300645,11/01/60
15.9560903573845,12/01/60
14.8127578298625,01/01/61
14.1285776352024,02/01/61
14.00942478529,03/01/61
14.4137177227713,04/01/61
15.4406194667595,05/01/61
17.091100516078,06/01/61
19.0805558130362,07/01/61
20.5640776941354,08/01/61
20.566046555628,09/01/61
19.3543447428354,10/01/61
17.7156009803011,11/01/61
16.2971806052398,12/01/61
15.1130888892605,01/01/62
14.5303989505092,02/01/62
14.3894246349881,03/01/62
14.7190720937729,04/01/62
15.9199041435255,05/01/62
17.7114314257201,06/01/62
19.9416235154486,07/01/62
21.357871281534,08/01/62
20.9644835701682,09/01/62
19.4963525536994,10/01/62
17.7404805304353,11/01/62
16.1190331671035,12/01/62
15.1732427455982,01/01/63
14.5920826751129,02/01/63
14.4777885969444,03/01/63
14.8237064486853,04/01/63
15.7982454198345,05/01/63
17.617367380114,06/01/63
19.6282109865444,07/01/63
21.1063236472931,08/01/63
20.9540869418248,09/01/63
19.5380517339247,10/01/63
17.6917145064146,11/01/63
16.1677760630316,12/01/63
15.086090255165,01/01/64
14.4856627213092,02/01/64
14.325836036615,03/01/64
14.7540927618929,04/01/64
15.864412800545,05/01/64
17.6134971691329,06/01/64
19.6410905808413,07/01/64
21.049854426526,08/01/64
20.9708402713835,09/01/64
19.3216658491694,10/01/64
17.6286823038719,11/01/64
15.9087888923013,12/01/64
14.8641684962181,01/01/65
14.3059172421003,02/01/65
14.2816700801011,03/01/65
14.6147527214565,04/01/65
15.6823765388198,05/01/65
17.4616317246194,06/01/65
19.5803810996097,07/01/65
21.0910086648336,08/01/65
20.8762464823205,09/01/65
19.3100695336168,10/01/65
17.5239055459886,11/01/65
15.9665395195385,12/01/65
14.9898888433909,01/01/66
14.4133126507475,02/01/66
14.2787505438643,03/01/66
14.5794379961577,04/01/66
15.5806839671667,05/01/66
17.3448376097624,06/01/66
19.428890880867,07/01/66
20.6488953485424,08/01/66
20.5124497338421,09/01/66
19.1110504235461,10/01/66
17.4114320892518,11/01/66
15.9426281554188,12/01/66
14.9141390533341,01/01/67
14.3010450340358,02/01/67
14.1635924662323,03/01/67
14.579755291563,04/01/67
15.6488697695685,05/01/67
17.5194125285109,06/01/67
19.6122736381233,07/01/67
20.8554490405502,08/01/67
20.6760090724326,09/01/67
19.2341704021614,10/01/67
17.4632788853557,11/01/67
15.9885418248054,12/01/67
14.9845254386907,01/01/68
14.3853663155196,02/01/68
14.2487570420299,03/01/68
14.7643023830867,04/01/68
15.8149606431071,05/01/68
17.533830251107,06/01/68
19.5785558525595,07/01/68
20.8673462415756,08/01/68
20.7450036972767,09/01/68
19.3770019035274,10/01/68
17.575432733878,11/01/68
16.0372798748473,12/01/68
15.0117927991968,01/01/69
14.3799285705214,02/01/69
14.3111961741952,03/01/69
14.581096390539,04/01/69
15.5694993316644,05/01/69
17.4731838765283,06/01/69
19.4593417682683,07/01/69
20.8641716355163,08/01/69
20.6959805108918,09/01/69
19.5483363562192,10/01/69
17.7637671056504,11/01/69
16.3152972807971,12/01/69
15.219179763345,01/01/70
14.6347127060031,02/01/70
14.4333246184358,03/01/70
14.7409497276067,04/01/70
15.6039498372321,05/01/70
17.5093881523264,06/01/70
19.5010884161506,07/01/70
21.0185820512984,08/01/70
20.8314847020848,09/01/70
19.5791251340416,10/01/70
17.7494070931524,11/01/70
16.1061518106663,12/01/70
15.0567560141067,01/01/71
14.4610545407962,02/01/71
14.3456345650477,03/01/71
14.5831812228964,04/01/71
15.6302425138311,05/01/71
17.402039770801,06/01/71
19.5551995626649,07/01/71
21.1826523004703,08/01/71
20.8677491109239,09/01/71
19.5252971414623,10/01/71
17.7372087863866,11/01/71
16.3136609131707,12/01/71
15.2230400622864,01/01/72
14.5734729306457,02/01/72
14.4332250575034,03/01/72
14.7693077428849,04/01/72
15.772099221156,05/01/72
17.3720790888315,06/01/72
19.5932190633396,07/01/72
20.9654001034423,08/01/72
20.9220453923137,09/01/72
19.4943796172572,10/01/72
17.6764472118795,11/01/72
16.1948143452861,12/01/72
15.2213789145607,01/01/73
14.6125356184355,02/01/73
14.3879752745114,03/01/73
14.8047981315546,04/01/73
15.7055690597912,05/01/73
17.5163093992715,06/01/73
19.5187006790192,07/01/73
21.0202968341724,08/01/73
20.8319230345086,09/01/73
19.3742445943409,10/01/73
17.7460263166666,11/01/73
16.2043916884786,12/01/73
15.2066764961567,01/01/74
14.5688413648792,02/01/74
14.4326564368239,03/01/74
14.6686722352026,04/01/74
15.7112274027403,05/01/74
17.5332003960487,06/01/74
19.5920102350272,07/01/74
20.9369147735203,08/01/74
20.7709402012479,09/01/74
19.3016413262308,10/01/74
17.6092582302737,11/01/74
15.9852150138692,12/01/74
14.9279209736481,01/01/75
14.2708743269577,02/01/75
14.1462753618802,03/01/75
14.5505732553815,04/01/75
15.6592647459053,05/01/75
17.3569110248276,06/01/75
19.4214067401988,07/01/75
20.7596861814675,08/01/75
20.7230644986628,09/01/75
19.5349467324111,10/01/75
17.7572942133027,11/01/75
16.1396880957692,12/01/75
15.0105781337943,01/01/76
14.295502441684,02/01/76
14.2443146860886,03/01/76
14.7074516589236,04/01/76
15.8345880236537,05/01/76
17.6421579421581,06/01/76
19.7028431390542,07/01/76
21.1127235209482,08/01/76
20.9637574581908,09/01/76
19.4628352116057,10/01/76
17.6865556201342,11/01/76
16.209775027392,12/01/76
15.1133039805228,01/01/77
14.5676020295111,02/01/77
14.39431864954,03/01/77
14.6505544583076,04/01/77
15.747082664606,05/01/77
17.4026632381003,06/01/77
19.6028687644222,07/01/77
20.9079147884687,08/01/77
20.7050863713942,09/01/77
19.20745635374,10/01/77
17.4993647673458,11/01/77
16.0028371887776,12/01/77
14.9890043590452,01/01/78
14.434727282192,02/01/78
14.2752639288209,03/01/78
14.6544289645059,04/01/78
15.5967690049798,05/01/78
17.4373804876706,06/01/78
19.6301709272012,07/01/78
20.9611032342175,08/01/78
20.7600685659337,09/01/78
19.4215838353088,10/01/78
17.6443038987606,11/01/78
16.0916405844954,12/01/78
15.0768384674108,01/01/79
14.441814831137,02/01/79
14.4228557423361,03/01/79
14.8521068654669,04/01/79
15.9257133697461,05/01/79
17.70114955677,06/01/79
19.692225362091,07/01/79
21.1648761585448,08/01/79
21.0794527683763,09/01/79
19.5879934359918,10/01/79
17.7372487649469,11/01/79
16.1464334590759,12/01/79
15.0758356993911,01/01/80
14.4518726879891,02/01/80
14.2700529492651,03/01/80
14.6307815910445,04/01/80
15.6840821805905,05/01/80
17.6492584868886,06/01/80
19.6676168511766,07/01/80
21.050406637273,08/01/80
21.0477241089196,09/01/80
19.4139600450141,10/01/80
17.6086822306313,11/01/80
16.0581941685527,12/01/80
15.0237462785812,01/01/81
14.4654097809216,02/01/81
14.3620888814078,03/01/81
14.7003157612514,04/01/81
15.9075159661319,05/01/81
17.6488306171734,06/01/81
19.7681731726748,07/01/81
21.0594537964735,08/01/81
21.0987800343865,09/01/81
19.7328358699522,10/01/81
17.7748305940004,11/01/81
16.0286665325859,12/01/81
14.9508137104845,01/01/82
14.4041910411152,02/01/82
14.353910016888,03/01/82
14.5828845225071,04/01/82
15.6095058659045,05/01/82
17.3830854177524,06/01/82
19.4731239088498,07/01/82
21.069109885315,08/01/82
20.9570690340457,09/01/82
19.3734254193237,10/01/82
17.6773760801364,11/01/82
16.1514270345602,12/01/82
15.0708380489571,01/01/83
14.4590280793394,02/01/83
14.352169793112,03/01/83
14.7072042984654,04/01/83
15.9197247356063,05/01/83
17.6100551582683,06/01/83
19.5754440227518,07/01/83
20.975323156554,08/01/83
20.9292530972071,09/01/83
19.25888640364,10/01/83
17.6432535529501,11/01/83
16.25157464962,12/01/83
15.1869671760817,01/01/84
14.6135225271917,02/01/84
14.4953689210183,03/01/84
14.8985460932269,04/01/84
16.0078021294804,05/01/84
17.799510912136,06/01/84
20.0603426585557,07/01/84
21.4280094253621,08/01/84
21.1370607723751,09/01/84
19.5317954747121,10/01/84
17.786854889402,11/01/84
16.1683071280938,12/01/84
15.2035178594948,01/01/85
14.7488878396947,02/01/85
14.6036985944774,03/01/85
14.9858262287051,04/01/85
16.0861830154177,05/01/85
17.9343332651291,06/01/85
20.100740387964,07/01/85
21.6196926348256,08/01/85
21.2081315290084,09/01/85
19.6299133243019,10/01/85
17.7459721308494,11/01/85
16.3149835096726,12/01/85
15.2045304294205,01/01/86
14.6271356124289,02/01/86
14.5008392656138,03/01/86
14.8974038958482,04/01/86
15.874616474515,05/01/86
17.5903033265562,06/01/86
19.6149216946052,07/01/86
21.0309218799648,08/01/86
21.001280255541,09/01/86
19.4858466726513,10/01/86
17.7114251480949,11/01/86
16.1400993352844,12/01/86
15.0198630718146,01/01/87
14.457578608729,02/01/87
14.3252881210853,03/01/87
14.6214961023552,04/01/87
15.5990918364246,05/01/87
17.2624080961288,06/01/87
19.2451924802121,07/01/87
20.6436585976832,08/01/87
20.7104972437514,09/01/87
19.2699040763397,10/01/87
17.5506492203955,11/01/87
16.015682751738,12/01/87
14.8727942835961,01/01/88
14.3480812969892,02/01/88
14.1838469484928,03/01/88
14.4876181464812,04/01/88
15.4976008095795,05/01/88
17.3134230518315,06/01/88
19.5466315955187,07/01/88
20.7819279175608,08/01/88
20.5420477452911,09/01/88
19.0217664040349,10/01/88
17.4290647268687,11/01/88
15.898208781089,12/01/88
14.8536895979449,01/01/89
14.2776031701982,02/01/89
14.1386139058346,03/01/89
14.5176453492507,04/01/89
15.6761699499395,05/01/89
17.274471709288,06/01/89
19.1871061652293,07/01/89
20.714205778351,08/01/89
20.6303196354116,09/01/89
19.2993775264893,10/01/89
17.7650380494119,11/01/89
16.1521378379429,12/01/89
15.0402401329665,01/01/90
14.520559268665,02/01/90
14.4159372487354,03/01/90
14.7822191658427,04/01/90
15.7389375010213,05/01/90
17.4340048874723,06/01/90
19.5284828710329,07/01/90
20.9588156455806,08/01/90
20.8017065117802,09/01/90
19.4476123009819,10/01/90
17.7439428059145,11/01/90
16.1600587691621,12/01/90
15.1086441103762,01/01/91
14.5860167270631,02/01/91
14.4142848015779,03/01/91
14.7155282091666,04/01/91
15.6780970707314,05/01/91
17.2891043028787,06/01/91
19.1683357355846,07/01/91
20.5276609702858,08/01/91
20.4296739596204,09/01/91
19.1122553971764,10/01/91
17.3560030819879,11/01/91
15.9803326734975,12/01/91
15.057182341949,01/01/92
14.4885658476136,02/01/92
14.2961357108892,03/01/92
14.6424080832514,04/01/92
15.7106387377139,05/01/92
17.6631636468966,06/01/92
19.7873433879221,07/01/92
21.1004861166923,08/01/92
20.6241693248903,09/01/92
19.2403013291384,10/01/92
17.6348252354303,11/01/92
16.074884611726,12/01/92
15.0107372770989,01/01/93
14.4807722310381,02/01/93
14.3535855627874,03/01/93
14.6875224017003,04/01/93
15.6820585826118,05/01/93
17.4083473523527,06/01/93
19.3290545038549,07/01/93
20.8890026166558,08/01/93
20.9481359734359,09/01/93
19.3050141730848,10/01/93
17.5691953075409,11/01/93
16.1014176002217,12/01/93
14.9408857013529,01/01/94
14.3695085938177,02/01/94
14.1954046070904,03/01/94
14.5471389538812,04/01/94
15.5929121201854,05/01/94
17.5252187811197,06/01/94
19.5627649820589,07/01/94
20.88890470773,08/01/94
20.7240400636402,09/01/94
19.2880736161089,10/01/94
17.5415668183871,11/01/94
15.9194300176248,12/01/94
14.868292675684,01/01/95
14.3246681780668,02/01/95
14.215596863768,03/01/95
14.6090865590093,04/01/95
15.6458522142721,05/01/95
17.3222390402386,06/01/95
19.3214346783761,07/01/95
20.7672379442734,08/01/95
20.7256357919036,09/01/95
19.3788828782676,10/01/95
17.516398167094,11/01/95
16.0834361689398,12/01/95
15.0284418320708,01/01/96
14.5098507414713,02/01/96
14.3721614961857,03/01/96
14.6853050784117,04/01/96
15.6898649747052,05/01/96
17.2316707507793,06/01/96
19.1617338765865,07/01/96
20.5840968205191,08/01/96
20.5787998264851,09/01/96
19.2172904187616,10/01/96
17.6451110691963,11/01/96
16.1283486121795,12/01/96
15.041032215075,01/01/97
14.48896574335,02/01/97
14.3917277524872,03/01/97
14.8511485914921,04/01/97
15.9632405724474,05/01/97
17.6380334322909,06/01/97
19.8386341185969,07/01/97
21.2691429970506,08/01/97
20.9763787887857,09/01/97
19.6406364992877,10/01/97
17.8999066585905,11/01/97
16.3447925374341,12/01/97
15.2282944345495,01/01/98
14.5835813389004,02/01/98
14.4530801946963,03/01/98
14.8642123294605,04/01/98
15.9313553027628,05/01/98
17.783601868095,06/01/98
19.8085681487387,07/01/98
21.2376321822005,08/01/98
21.0396003112872,09/01/98
19.4151913406166,10/01/98
17.6548112115477,11/01/98
16.3231027918202,12/01/98
15.3695178726692,01/01/99
14.7352004141595,02/01/99
14.5812640141443,03/01/99
15.0099228378341,04/01/99
16.1134812133808,05/01/99
17.9567758852277,06/01/99
20.113770094596,07/01/99
21.5301233688377,08/01/99
21.3608316774013,09/01/99
19.7408855475541,10/01/99
17.9372109505315,11/01/99
16.3869067017231,12/01/99
