"year","ACCESS-CM2_245","ACCESS-ESM1-5_245","BCC-CSM2-MR_245","CAMS-CSM1-0_245","CanESM5-CanOE_245","CanESM5_245","CESM2-WACCM_245","CESM2_245","CIESM_245","CMCC-CM2-SR5_245","CMCC-ESM2_245","GISS-E2-1-G_245","HadGEM3-GC31-LL_245","INM-CM4-8_245","INM-CM5-0_245","MIROC-ES2L_245","MIROC6_245","NorESM2-LM_245","NorESM2-MM_245","UKESM1-0-LL_245"
1850,0.197898467525996,0.0822141557586641,0.0332362681386215,-0.0168292677475227,0.0133699866258289,-0.0891355905216888,0.0208423043688083,-0.0374712689761396,-0.112581405383318,-0.112835201465497,-0.0558693143736866,0.00735298352553805,0.138174542096054,-0.131782394356853,-0.108325726128056,0.00652114920593381,-0.0354667848488967,-0.000633390723077367,0.13169437499472,0.177607268473958
1851,0.190119139991953,0.0781996119254739,0.0299467815703216,-0.0195253360248369,0.0096540409910553,-0.0893349738888483,0.0188346492793867,-0.0370541736173695,-0.112891077554223,-0.113543980051238,-0.0582672217107371,0.00578309040888816,0.132718724799613,-0.130141033257281,-0.107559581393255,0.0048923252587406,-0.0352205695438002,-0.000401566332723517,0.127117944023203,0.172725117434816
1852,0.182444570708698,0.0742530609245337,0.0267346225928661,-0.0221434680270973,0.00603597489232192,-0.0894726630190074,0.0168715097741623,-0.0366291875531566,-0.11312657347794,-0.114163659339892,-0.0605636830799881,0.00425608106918199,0.127341020958946,-0.128474720986387,-0.106755281240275,0.00330894977500314,-0.0349609102437976,-0.000176583124171591,0.122595623972103,0.167890562556167
1853,0.17487516896589,0.0703737028045566,0.0235997969258104,-0.024682167779147,0.00251490763818855,-0.0895501499593742,0.0149520591013034,-0.0361975909458202,-0.113287504934488,-0.114694963580385,-0.0627586309504987,0.00277132144462723,0.122040876392631,-0.126783034457675,-0.105912840407969,0.00177061428186811,-0.0346883084676851,4.03056911317701e-05,0.118127032172008,0.163101720982127
1854,0.167411344053188,0.0665607376142552,0.0205423102887096,-0.0271399393058289,-0.000910041462784972,-0.0895689267571571,0.0130754705089781,-0.0357606639576795,-0.113373483703886,-0.115138617021641,-0.0648519977913279,0.00132817747343156,0.116817736919248,-0.125065550584647,-0.10503227363519,0.000276910306482179,-0.0344032657342591,0.000247846901739926,0.113711785953509,0.158356709856813
1855,0.160053505260253,0.0628133654023427,0.0175621684011191,-0.0295152866319861,-0.00423975310203883,-0.0895304854595642,0.0112409172453546,-0.0353196867510539,-0.113384121566156,-0.115495343912589,-0.0668437160715351,-7.3984906197355e-05,0.111671048357378,-0.123321846280806,-0.104113595660794,-0.00117257062400796,-0.0341062835623156,0.000444787296206236,0.109349502647194,0.15365364632434
1856,0.152802061876744,0.0591307862175318,0.0146593769825941,-0.0318067137824616,-0.00747510797101322,-0.0894363181138038,0.00944757255860128,-0.0348759394882626,-0.113319030301315,-0.115765868502153,-0.0687337182601793,-0.00143579975605183,0.1066002565256,-0.121551498459657,-0.103156821223633,-0.00257823698245564,-0.0337978634706511,0.000629873663084057,0.105039799583654,0.148990647528826
1857,0.14565742319232,0.0555122001085355,0.0118339417526898,-0.0340127247820984,-0.0106169867611483,-0.0892879167670841,0.00769460969688624,-0.0344307023316248,-0.113177821689385,-0.11595091503926,-0.0705219368263196,-0.0027579011379242,0.101604807242493,-0.119754084034702,-0.102161965062561,-0.00394049724171417,-0.0334785069780616,0.00080185279092675,0.100782294093476,0.144365830614385
1858,0.13861999849664,0.0519568071240666,0.00908586843096161,-0.0361318236557396,-0.0136662701638843,-0.0890867734666133,0.00598120190837775,-0.03398525544346,-0.112960107510385,-0.116051207772836,-0.0722083042390152,-0.00404092311360678,0.096684146326638,-0.117929179919444,-0.101129041916433,-0.00525975987463688,-0.0331487156033435,0.000959471468287673,0.0965766035072511,0.139777312725135
1859,0.131690197079365,0.0484638073128381,0.00641516273696469,-0.0381625144282281,-0.0166238388706614,-0.0888343802595996,0.00430652244124401,-0.0335408789860873,-0.112665499544334,-0.116067470951807,-0.0737927529673253,-0.00528549974489189,0.0918377195966134,-0.116076363027387,-0.1000580665241,-0.00653643335407709,-0.032808990865293,0.00110147648372019,0.0924223451555682,0.135223211005192
1860,0.124868428230154,0.0450324007235628,0.00382183039025433,-0.0401033011244069,-0.0194905735729197,-0.0885322291932512,0.00266974454365327,-0.033098853121826,-0.112293609571253,-0.116000428825099,-0.075275215480309,-0.00649226509357187,0.0870649728709993,-0.114195210272033,-0.0989490536244183,-0.00777092615288813,-0.0324598342827064,0.00122661462577764,0.0883191363690167,0.130701642598671
1861,0.118155101238665,0.0416617874049537,0.00130587711038579,-0.0419526877691191,-0.0222673549620994,-0.0881818123147764,0.00107004146377374,-0.0326604580129954,-0.111844049371161,-0.115850805641637,-0.0766556242470255,-0.00766185322143902,0.0823653519683754,-0.112285298566886,-0.0978020179562403,-0.0089636467439233,-0.0321017473743798,0.00133363268301341,0.0842665944781859,0.12621072464969
1862,0.11155062539456,0.0383511674057236,-0.00113269138308566,-0.0437091783872076,-0.0249550637296408,-0.0877846216713835,-0.000493413550226338,-0.0322269738219148,-0.111316430724078,-0.115619325650349,-0.0779339117365338,-0.00879489819028569,0.0777383027073215,-0.11034620482545,-0.0966169742584199,-0.0101150036000359,-0.0317352316591095,0.00142127744398085,0.0802643368136652,0.121748574302363
1863,0.105055409987497,0.0350997407745855,-0.00349386937060475,-0.0453712770035156,-0.027554580566984,-0.0873421493102805,-0.00202144725017875,-0.0317996807109034,-0.110710365410023,-0.11530671310016,-0.0791100104178932,-0.00989203406190417,0.0731832709064171,-0.108377505961227,-0.0953939372698109,-0.0112254051940794,-0.0313607886556917,0.0014882956972333,0.076311980706044,0.117313308700808
1864,0.0986698643071352,0.0319067075602523,-0.00577765113261624,-0.046937487642886,-0.0300667861655691,-0.0868558872786758,-0.00351488638791528,-0.0313798588422806,-0.110025465209017,-0.114913692239996,-0.0801838527601628,-0.0109538948980868,0.0686997023842419,-0.10637877888772,-0.094132921729267,-0.0122952599989069,-0.0309789198829228,0.00153343423132414,0.0724091434859116,0.112903044989141
1865,0.0923943976431349,0.0287712678114368,-0.00798403094956485,-0.0484063143301617,-0.0324925612168364,-0.0863273276237775,-0.00497455771526769,-0.0309687883783656,-0.109261341901079,-0.114440987318783,-0.0811553712324017,-0.0119811147606259,0.0642870429593757,-0.104349600518433,-0.0928339423756418,-0.0133249764873718,-0.0305901268595989,0.00155543983480673,0.0685554424838573,0.108515900311478
1866,0.0862294192851554,0.025692621576852,-0.0101130031018953,-0.0497762610901859,-0.0348327864122261,-0.0857579623927939,-0.00640128798406775,-0.0305677494814777,-0.10841760726623,-0.113889322585447,-0.0820244983036691,-0.0129743277113139,0.059944738450398,-0.102289547766868,-0.0914970139477892,-0.0143149631323276,-0.0301949111045162,0.00155305929623441,0.0647504950304706,0.104149991811935
1867,0.0801753385228562,0.0226699689052107,-0.0121645618700524,-0.0510458319478016,-0.0370883424431783,-0.0851492836329332,-0.00779590394614725,-0.0301780223139361,-0.107493873084488,-0.113259422288915,-0.0827911664430242,-0.0139341678119429,0.0556722346758886,-0.10019819754653,-0.0901221511845626,-0.0152656284066273,-0.0297937741364711,0.00152503940416056,0.0609939184563407,0.0998034366346284
1868,0.0742325646458967,0.0197025098452259,-0.0141387015344808,-0.0522135309278517,-0.0392601100011332,-0.0845027833914036,-0.00915923235333797,-0.0298008870380603,-0.106489751135873,-0.112552010678112,-0.083455308119526,-0.0148612691243054,0.0514689774544271,-0.0980751267709207,-0.0887093688248159,-0.0161773807831245,-0.0293872174742597,0.00147012694713852,0.0572853300920571,0.0954743519236743
1869,0.0684015069439365,0.0167894444456104,-0.0160354163756253,-0.0532778620551793,-0.041348969777531,-0.0838199537154135,-0.0104920999574717,-0.0294376238161693,-0.105404853200406,-0.111767812001965,-0.0840168558022338,-0.0157562657101937,0.0473344126045932,-0.095919912353544,-0.0872586816074029,-0.0170506287346724,-0.0289757426366783,0.00138706871372166,0.0536243472682091,0.0911608548231891
1870,0.0626825747066351,0.0139299727550771,-0.0178547006739305,-0.0542373293546273,-0.0433558024638119,-0.0831022866521708,-0.0117953335103801,-0.0290895128105826,-0.104238791058105,-0.110907550509399,-0.0844757419602066,-0.0166197916314,0.0432679859449666,-0.0937321312079029,-0.085770104271177,-0.0178857807341243,-0.0285598511425232,0.00127461149246334,0.050010587315386,0.086861062477289
1871,0.0570761772236519,0.0111232948223391,-0.0195965487098414,-0.0550904368510389,-0.0452814887514161,-0.082351274248884,-0.0130697597638951,-0.0287578341836193,-0.102991176488992,-0.109971950449341,-0.0848318990625037,-0.0174524809497168,0.039269143294127,-0.0915113602475006,-0.0842436515549922,-0.0186832452543336,-0.0281400445105905,0.00113150207191692,0.0464436675641773,0.0825730920300901
1872,0.0515827237846465,0.00836861069610901,-0.0212609547638025,-0.055835688569257,-0.0471269093317837,-0.0815684085527611,-0.0143162054698484,-0.0284438680975988,-0.101661621273085,-0.108961736070716,-0.0850852595781841,-0.0182549677269364,0.0353373304706539,-0.0892571763858402,-0.082679338197702,-0.0194434307681535,-0.0277168242596765,0.000956487240635751,0.0429232053451722,0.0782950606257088
1873,0.0462026236792784,0.00566512042509992,-0.0228479131162586,-0.0564715885341246,-0.0488929448963549,-0.0807551816110105,-0.0155354973800718,-0.0281488947148403,-0.100249737190404,-0.107877631622451,-0.0852357559763071,-0.0190278860248509,0.0314719932931272,-0.086969156536425,-0.0810771789381601,-0.0201667457484375,-0.0272906919085775,0.000748313787173195,0.0394488179889602,0.0740250854082612
1874,0.0409362861972071,0.00301202405802467,-0.0243574180476544,-0.0569966407704847,-0.0505804761365699,-0.0799130854708404,-0.016728462246397,-0.0278741941976632,-0.0987551360209691,-0.106720361353472,-0.0852833207259316,-0.0197718699052529,0.0276725775801264,-0.0846468776127582,-0.0794371885152204,-0.0208535986680387,-0.0268621489760897,0.000505728500082613,0.0360201228261306,0.0697612835218635
1875,0.0357841206280921,0.000408521643596165,-0.0257894638384348,-0.0574093493031804,-0.0521903837438689,-0.079043612179459,-0.0178959268206559,-0.0276210467083867,-0.0971774295448002,-0.105490649512704,-0.0852278862961171,-0.0204875534299346,0.0239385291502313,-0.0822899165283429,-0.0777593816677364,-0.0215043979998107,-0.0264316969810093,0.000227478167917362,0.0326367371872728,0.065501772110632
1876,0.030746536261593,-0.00214618676947269,-0.0271440447690444,-0.0577082181570547,-0.0537235484096921,-0.0781482537840744,-0.0190387178546801,-0.02739073240933,-0.0955162295419168,-0.104189220349075,-0.0850693851559224,-0.0211755706606884,0.0202692938220214,-0.0798978501966824,-0.0760437731345618,-0.0221195522166065,-0.0259998374421325,-8.76904207691973e-05,0.0292982784029761,0.0612446683186829
1877,0.0258239423873691,-0.004652901132469,-0.0284211551199279,-0.0578917513569505,-0.0551808508254797,-0.077228502331895,-0.0201576621003016,-0.0271845314628125,-0.0937711477923388,-0.102816798111509,-0.0848077497744069,-0.0218365556593065,0.0166643174140766,-0.0774702555312797,-0.0742903776545505,-0.0226994697912797,-0.0255670718782557,-0.000441030477423708,0.0260043638038298,0.0569880892901325
1878,0.02101674829508,-0.00711242139667987,-0.0296207891715302,-0.057958452927711,-0.0565631716826717,-0.0762858498701289,-0.021253586309352,-0.0270037240311534,-0.0919417960760858,-0.101374107048933,-0.0844429126206296,-0.0224711424875812,0.0131230457449764,-0.0750067094456382,-0.072499209966556,-0.0232445591966834,-0.025133901808175,-0.000833795213492811,0.0227546107204234,0.0527301521690969
1879,0.0163253632743852,-0.0095255475133924,-0.0307429412042958,-0.057906826894179,-0.0578713916727085,-0.0753217884459844,-0.0223273172336632,-0.0268495902766721,-0.0900277861731777,-0.0998618714102734,-0.0839748061636497,-0.023079965207305,0.00964492463330051,-0.0725067888532609,-0.070670284809432,-0.0237552289056711,-0.0247008287506867,-0.00126723784042315,0.0195486364833462,0.0484689740996923
1880,0.0117501966149442,-0.0118930794338937,-0.0317876054986697,-0.0577353772811977,-0.0591063914870302,-0.0743378101066696,-0.0233796816250668,-0.0267234103616877,-0.0880287298636341,-0.0982808154444557,-0.0834033628725264,-0.0236636578802702,0.00622939989762865,-0.0699700706676512,-0.0688036169220323,-0.0242318873910961,-0.0242683542245871,-0.00174261156966135,0.0163860584231875,0.0442026722260351
1881,0.00729165760641659,-0.0142158171094708,-0.0327547763350965,-0.05744260811361,-0.060269051817077,-0.073335406899393,-0.0244115062353947,-0.0266264644485196,-0.0859442389274749,-0.0966316634004061,-0.0827285152163188,-0.0242228545682689,0.00287591735654046,-0.0673961318023121,-0.0668992210432106,-0.0246749431258116,-0.0238369797486723,-0.00226116961265408,0.0132664938705368,0.0399293636922413
1882,0.00294725090554481,-0.0165070367847914,-0.033647548608959,-0.0570217535231196,-0.061372971981075,-0.0723289541406889,-0.0254350604554076,-0.0265738386771642,-0.0837754740348574,-0.09492492341582,-0.0819574730868957,-0.0247656781362519,-0.000426229778778628,-0.0647874615673486,-0.0649625657514128,-0.0250915096342482,-0.0234145638467063,-0.0028391212106373,0.0101800162791478,0.0356294653603526
1883,-0.00128619011423442,-0.0187775532174007,-0.0344688518996562,-0.0564694645178253,-0.0624291089033622,-0.0713289126928555,-0.0264601549648888,-0.0265771179280762,-0.0815243433156568,-0.0931690098234906,-0.0810971948549244,-0.025298464901721,-0.00368596563421936,-0.0621471983433695,-0.0629987645407972,-0.0254874449784734,-0.0230074845364769,-0.00348910567877837,0.007118083761066,0.0312884321103465
1884,-0.00540926308822035,-0.0210244741279025,-0.0352184325136565,-0.0557893704371628,-0.0634343796845464,-0.0703309029217464,-0.0274839284492047,-0.0266323304742616,-0.0791915797394703,-0.0913615061649911,-0.0801472357076614,-0.0258191691052961,-0.00690117039681633,-0.0594758926496339,-0.0610072995237861,-0.0258612744377965,-0.0226140225778165,-0.004207021339421,0.00408239063431841,0.0269119381132435
1885,-0.00942256565171224,-0.0232449072369005,-0.0358960367574285,-0.054985100620568,-0.0643857014252358,-0.069330545193215,-0.0285035195937213,-0.0267355045887268,-0.0767779162758948,-0.0894999959818947,-0.0791071508323632,-0.0263257449875968,-0.0100697242536041,-0.056774095005401,-0.0589876528128018,-0.0262115232915263,-0.0222324587305573,-0.00498876651490887,0.00107463121693186,0.0225056575400641
1886,-0.0133266954400093,-0.0254359602649986,-0.0365014109374409,-0.0540602844074764,-0.0652799912260382,-0.0683234598731149,-0.0295160670838048,-0.0268826685444781,-0.0742840858945273,-0.0875820628157746,-0.0779764954162862,-0.0268161467892428,-0.0131895073916174,-0.0540423559299298,-0.0569393065202667,-0.0265367168189719,-0.0218610737545318,-0.0058302395275857,-0.00190350017306672,0.0180752645618288
1887,-0.0171222500884109,-0.0275947409328005,-0.0370343013601621,-0.0530185511373239,-0.0661141661875616,-0.0673052673272994,-0.0305187096048213,-0.0270698506145217,-0.0717108215649648,-0.085605290208204,-0.076754824646687,-0.0272883287508539,-0.0162583999978906,-0.0512812259424795,-0.054861742758603,-0.0268353802994423,-0.0214981484095722,-0.00672733869979517,-0.00485030921765044,0.0136264333495581
1888,-0.0208098272322161,-0.0297183569609099,-0.0374944543320608,-0.0518635301495462,-0.066885143410414,-0.0662715879216223,-0.031508585842137,-0.0272930790718639,-0.0690588562568044,-0.0835672617007559,-0.0754416937108221,-0.0277402451130499,-0.0192742822594585,-0.0484912555623091,-0.052754443640233,-0.0271060390122465,-0.0211419634555109,-0.00767596235388098,-0.0077641015987924,0.00916483807427249
1889,-0.0243900245067243,-0.0318039160699306,-0.0378816161596056,-0.050598850783579,-0.0675898399952032,-0.0652180420219368,-0.0324828344811181,-0.0275483821895109,-0.0663289229396429,-0.0814655608350037,-0.074036657795948,-0.0281698501164503,-0.0222350343633556,-0.0456729953086778,-0.050616891277579,-0.0273472182366936,-0.0207907996521801,-0.00867200881218684,-0.0106431829984657,0.00469615290699242
1890,-0.0278634395472347,-0.0338485259804664,-0.0381955331492649,-0.049228142378858,-0.0682251730425373,-0.0641402499940966,-0.0334385942071307,-0.0278317882404691,-0.0635217545830774,-0.0792977711525204,-0.0725392720893213,-0.0285750980016749,-0.0251385364966166,-0.0428269957008446,-0.0484485677830633,-0.0275574432520926,-0.0204429377594122,-0.00971137639705645,-0.0134858590986434,0.000226052018738376
1891,-0.0312306699890466,-0.035849294413121,-0.0384359516075075,-0.047755034274819,-0.0687880596530243,-0.063033832203955,-0.0343730037055409,-0.0281393254977447,-0.0606380841567049,-0.0770614761948792,-0.0709490917781984,-0.0289539430093434,-0.0279826688462759,-0.0399538072580686,-0.0462489552691083,-0.0277352393377526,-0.0200966585370395,-0.0107899634308335,-0.0162904355812987,-0.00423979041946911
1892,-0.0344923134674592,-0.0378033290884983,-0.0386026178408019,-0.0461831558108977,-0.069275416927272,-0.0618944090173657,-0.0352832016617149,-0.028467022234344,-0.0576786446301223,-0.0747542595036532,-0.0692656720498358,-0.0293043393800755,-0.0307653115993682,-0.037053980499609,-0.0440175358481362,-0.0278791317729824,-0.0197502427448944,-0.0119036682358617,-0.0190552181284046,-0.00869570023660957
1893,-0.0376489676177717,-0.0397077377272018,-0.0386952781556165,-0.0445161363265299,-0.0696841619658884,-0.0607176008001822,-0.0361663267610188,-0.0288109067232732,-0.0546441689729267,-0.0723737046204157,-0.0674885680914901,-0.029624241354491,-0.0334843449429281,-0.0341280659447249,-0.0417537916325693,-0.0279876458370913,-0.0194019711428091,-0.0130483891344847,-0.0217785124219342,-0.0131360032616625
1894,-0.0407012300752835,-0.0415596280498355,-0.0387136788584202,-0.0427576051611513,-0.0700112118694816,-0.0594990279182578,-0.0370195176888189,-0.0291670072375386,-0.0515353901547151,-0.0699173950867399,-0.0656173350904177,-0.0299116031732095,-0.0361376490639902,-0.0311766141126753,-0.03945720473483,-0.0280593068093881,-0.019050124490616,-0.0142200244490463,-0.0244586241438607,-0.0175550253236075
1895,-0.0436496984752937,-0.0433561077770031,-0.0386575662556813,-0.0409111916541976,-0.0702534837386593,-0.0582343107374462,-0.0378399131304812,-0.0295313520501465,-0.0483530411450844,-0.0673829144441988,-0.0636515282338753,-0.0301643790768508,-0.0387231041495891,-0.0282001755227194,-0.0371272572673405,-0.0280926399691819,-0.0186929835481474,-0.0154144725018901,-0.027093858976157,-0.0219470922514239
1896,-0.0464949704531016,-0.0450942846293083,-0.0385266866538685,-0.0389805251451045,-0.0704078946740297,-0.0569190696236008,-0.038624651771372,-0.0298999694341031,-0.0450978549136317,-0.0647678462343657,-0.0615907027091192,-0.0303805233060346,-0.0412385903867594,-0.0251993006941162,-0.0347634313425231,-0.0280861705957818,-0.0183288290752356,-0.0166276316153598,-0.0296825226007964,-0.0263065298740914
1897,-0.0492376436440065,-0.0467712663273549,-0.0383207863594504,-0.0369692349733079,-0.0704713617762007,-0.0555489249425751,-0.0393708722968573,-0.0302688876624148,-0.0417705644299539,-0.0620697739988137,-0.059434413703406,-0.0305579901013806,-0.0436819879625356,-0.0221745401461249,-0.0323652090728002,-0.0280384239684968,-0.017955941831713,-0.0178554001117991,-0.032222920699752,-0.0306276640205894
1898,-0.0518783156833076,-0.0483841605917467,-0.0380396116788955,-0.0348809504782433,-0.0704408021457801,-0.0541194970602226,-0.0400757133923033,-0.0306341350080877,-0.038371902663648,-0.0592862812791159,-0.0571822164039922,-0.0306947337035084,-0.0460511770639524,-0.0191264443980045,-0.0299320725705941,-0.0279479253666359,-0.0175726025774118,-0.0190936763135518,-0.0347133589549967,-0.0349048205198975
1899,-0.0544175842063041,-0.0499300751430874,-0.0376829089186724,-0.0327193009993466,-0.0703131328833761,-0.0526264063423968,-0.0407363137430761,-0.0309917397441282,-0.0349026025843111,-0.0564149516168456,-0.0548336659981343,-0.0307887083530379,-0.0483440378780444,-0.0160555639690143,-0.0274635039483269,-0.0278132000695081,-0.0171770920721643,-0.0203383585429616,-0.0371521430485038,-0.0391323252009951
1900,-0.0568560468482954,-0.0514061177019808,-0.0372504243852497,-0.0304879158760535,-0.0700852710895964,-0.0510652731549512,-0.041349812034542,-0.0313377301435425,-0.03136339716154,-0.053453368553576,-0.0523883176730889,-0.0308378682905887,-0.0505584505918461,-0.0129624493784132,-0.0249589853184211,-0.0276327733564224,-0.016767691075803,-0.021585345122372,-0.0395375786622463,-0.0433045038928618
1901,-0.0591943012445807,-0.0528093959890307,-0.036741904385096,-0.0281904244477997,-0.0697541338650491,-0.0494317178637393,-0.0419133469520671,-0.0316681344793368,-0.0277550193649319,-0.0503991156308802,-0.0498457266161124,-0.0308401677567805,-0.0526922953923922,-0.00984765114546032,-0.022417998793299,-0.027405170506688,-0.0163426803481601,-0.0228305343741269,-0.0418679714781972,-0.0474156824244771
1902,-0.0614329450304591,-0.0541370177248407,-0.0361570952246798,-0.025830456054021,-0.0693166383103422,-0.0477213608346147,-0.0424240571810174,-0.0319789810245176,-0.0240782021640837,-0.0472497763903313,-0.0472054480144613,-0.0307935609922331,-0.0547434524667172,-0.00671171978941486,-0.0198400264853828,-0.0271289167996137,-0.0159003406490679,-0.0240698246205699,-0.0441416271783299,-0.0514601866248204
1903,-0.0635725758412301,-0.0553860906300148,-0.0354957432104698,-0.0234116400341531,-0.0687697015260836,-0.0459298224334307,-0.0428790814067593,-0.0322662980520909,-0.0203336785285924,-0.0440029343735025,-0.0444670370553922,-0.0306960022375662,-0.0567098020018558,-0.00355520582953587,-0.0172245505070949,-0.0268025375145086,-0.0154389527383588,-0.0252991141840447,-0.0463568514446172,-0.0554323423228714
1904,-0.0656137913121927,-0.0565537224251566,-0.0347575946489344,-0.0209376057276317,-0.0681102406128812,-0.044052723026041,-0.0432755583146587,-0.0325261138350632,-0.0165221814280549,-0.040656173121967,-0.0416300489261616,-0.0305454457333994,-0.0585892241848426,-0.000378659785082456,-0.0145710529708575,-0.0264245579306818,-0.0149567973758651,-0.0265143013868951,-0.0485119499590323,-0.0593264753476094
1905,-0.0675571890786463,-0.0576370208308698,-0.0339423958465423,-0.0184119824738926,-0.067335172671343,-0.0420856829782989,-0.043610626590082,-0.0327544566464406,-0.0126444438320684,-0.037207076177298,-0.038694038814026,-0.0303398457203525,-0.060379599202712,0.00281736782468627,-0.011879015989093,-0.0259935033274423,-0.0144521553214191,-0.0277112845514646,-0.0506052284035484,-0.0631369115280141
1906,-0.0694033667758902,-0.0586330935677584,-0.0330498931097621,-0.0158383996123714,-0.066441414802077,-0.0400243226560581,-0.0438814249183951,-0.0329473547592294,-0.00870119871022972,-0.0336532270810686,-0.0356585619062418,-0.0300771564390452,-0.0620788072424988,0.00603232648051121,-0.00914792167422363,-0.0255078989840991,-0.013923307334853,-0.0288859620000971,-0.0526349924601384,-0.066857976693065
1907,-0.0711529220392235,-0.059539048356426,-0.0320798327450623,-0.013220486482504,-0.0654258841056912,-0.037864262425172,-0.0440850919849644,-0.033100836446436,-0.0046931790321359,-0.029992209374852,-0.0325231733900657,-0.0297553321300972,-0.0636847284912375,0.00926566566313329,-0.00637725213867172,-0.0249662701799612,-0.0133685341759994,-0.0300342320551362,-0.0545995478107756,-0.0704839966717415
1908,-0.0728064525039455,-0.0603519929174763,-0.0310319610589114,-0.010561872423726,-0.0642854976827933,-0.035601122651494,-0.0442187664751558,-0.0332109299810665,-0.000621117767383954,-0.0262216066002214,-0.029287428452754,-0.0293723270341283,-0.0651952431359627,0.0125168348532934,-0.00356648949485958,-0.0243671421943377,-0.0127861166046903,-0.0311519930389257,-0.0564972001374329,-0.0740092972930231
1909,-0.0743645558053555,-0.0610690349715132,-0.0299060243577782,-0.00786618677547328,-0.0630171726339916,-0.0332305237008778,-0.0442795870743357,-0.0332736636361273,0.00351425211442914,-0.0223390022987499,-0.0259508822815634,-0.028926095391758,-0.066608231363709,0.0157852835317323,-0.000715115855209504,-0.0237090403065375,-0.0121743353807583,-0.0322351432738091,-0.0583262551220836,-0.0774282043858894
1910,-0.0758278295787528,-0.0616872822391404,-0.0287017689481311,-0.00513705887718146,-0.0616178260598938,-0.0307480859391767,-0.04426469246787,-0.0332850656846245,0.00771219764370639,-0.0183419800120107,-0.0225130900637503,-0.0284145914436063,-0.0679215733615111,0.0190704611791911,0.00217738666785621,-0.0229904897958698,-0.0115314712640356,-0.0332795810821302,-0.0600850184467006,-0.0807350437793199
1911,-0.0771968714594365,-0.0622038424409617,-0.0274189411364388,-0.00237811806828629,-0.060084375061108,-0.0281494297322443,-0.0441712213411251,-0.0332411643995645,0.0119719858508508,-0.014228123281577,-0.0189736069865713,-0.0278357694302926,-0.0691331493164034,0.0223718172764107,0.00511153596191526,-0.0222100159416435,-0.0108558050143545,-0.0342812047862328,-0.0617717957932572,-0.0839241413022941
1912,-0.0784722790827059,-0.0626158232975808,-0.0260572872291698,0.000407006311776472,-0.058413736738242,-0.0254301754459342,-0.043996312379467,-0.0331379880539536,0.0162928837662654,-0.00999501564902195,-0.0153319882372828,-0.0271875835924369,-0.0702408394154207,0.0256888013041318,0.00808784991454533,-0.0213661440231676,-0.0101456173915473,-0.0352359127084605,-0.0633848928437263,-0.0869898227837915
1913,-0.0796444571563354,-0.0630120919303643,-0.024634619913594,0.00337234817497946,-0.0566849843086378,-0.0227748765183127,-0.043852389924755,-0.0331378162722086,0.0207123270318048,-0.0057085195379492,-0.0115533949812033,-0.0265536328425635,-0.0713256076614537,0.029045811323466,0.0111120585292703,-0.0205286928653356,-0.00947105999562086,-0.0363130687369367,-0.0649797812282865,-0.0901452916474988
1914,-0.0807037720280877,-0.0634766585044162,-0.0231671415963399,0.00666208559860925,-0.0549735611288244,-0.0203561749758967,-0.0438448221995399,-0.0333923807967907,0.0252654980286064,-0.00143103500214689,-0.00760625816735651,-0.0260121465450672,-0.0724633513656488,0.0324655588003111,0.0141889068086129,-0.0197625449978256,-0.00889762582794947,-0.0376713448244928,-0.0666086284839023,-0.0935909828168249
1915,-0.081650763793245,-0.0639993453059469,-0.0216521831629142,0.0102578054912011,-0.0532709395081914,-0.0181518240672156,-0.0439601637102253,-0.0338818880777729,0.029948283895997,0.00284504797153509,-0.00349503765855735,-0.025553024618373,-0.0736443506774242,0.0359449633225878,0.0173174351386488,-0.0190588212571238,-0.00841660775041684,-0.0392906013905344,-0.0682647841527264,-0.0973020693703331
1916,-0.0824859725470896,-0.0645699746211665,-0.0200870754988232,0.0141410947612902,-0.0515685917561278,-0.0161395770407983,-0.0441849689632146,-0.034586544565228,0.0347565717733036,0.00712733939624691,0.000775806682379455,-0.0251661669809057,-0.074858885746198,0.0394809444782165,0.0204966839054537,-0.0184086424797164,-0.00801929862490667,-0.0411506988544673,-0.0699415977769115,-0.101253724386586
1917,-0.0832099383849035,-0.0651783687362852,-0.0184691494895734,0.0182935403174117,-0.0498579901820232,-0.0142971871451742,-0.0445057924649113,-0.0354865567092288,0.0396862487998531,0.0114234492851387,0.00520181499263914,-0.0248414735510906,-0.0760972367213882,0.0430704218551178,0.0237256934951036,-0.0178031295020895,-0.00769699131330266,-0.0432314976356969,-0.0716324188986103,-0.105421120944148
1918,-0.083823201401969,-0.0658143499375133,-0.0167957360206714,0.022696729068101,-0.0481306070952666,-0.0126024076288724,-0.044909188721719,-0.0365621309598482,0.0447332021149724,0.0157409876513606,0.00977852740940692,-0.0245688442473524,-0.0773496837524128,0.0467103150412123,0.027003504293674,-0.0172334031607294,-0.0074409786774885,-0.0455128581536291,-0.0733305970599751,-0.10977943212158
1919,-0.0843263016935682,-0.0664677405110609,-0.0150641659776237,0.0273322479218932,-0.0463779148052476,-0.011032991740422,-0.0453817122400412,-0.0377934737671591,0.0498933188579884,0.0200875645080627,0.014501484069868,-0.0243381789881162,-0.0786065069886899,0.0503975436244203,0.030329156687241,-0.0166905842921221,-0.0072425535793479,-0.0479746408276694,-0.0750294818031589,-0.114303830997447
1920,-0.0847197793549833,-0.0671283627431383,-0.0132717702459367,0.0321816837873235,-0.0445913856213552,-0.00956669272835222,-0.0459099175262814,-0.0391607915812342,0.0551624861682281,0.0244707898683953,0.0193662251112077,-0.0241393776918071,-0.0798579865796376,0.0541290271926626,0.0337016910618801,-0.016165793732754,-0.00709300888076456,-0.0505967060772236,-0.0767224226703141,-0.118969490650312
1921,-0.0850041744814964,-0.0677860389199556,-0.0114158797111169,0.0372266235729272,-0.042762491852979,-0.00818126384119227,-0.046480359086843,-0.0406442908521466,0.0605365911850183,0.0288982737455084,0.0243682906706112,-0.0239623402768499,-0.081094402674674,0.0579016853338595,0.0371201478036671,-0.0156501523191111,-0.00698363744362217,-0.0533589143216972,-0.0784027692035934,-0.123751584158737
1922,-0.0851800271683898,-0.0684305913277232,-0.00949382525867083,0.0424486541872395,-0.040882705809508,-0.0068544583274713,-0.0470795914281296,-0.042224178029969,0.0660115210476859,0.0333776261525522,0.0295032208852637,-0.0237969666616697,-0.082306035423217,0.0617124376359317,0.040583567298678,-0.0151347808876796,-0.00690573212980443,-0.0562411259804959,-0.0800638709451494,-0.128625284601285
1923,-0.0852478775109455,-0.0690518422526511,-0.007502937774105,0.0478293625387956,-0.0389434998003317,-0.00556402943571848,-0.0476941690565448,-0.0438806595647743,0.0715831628955579,0.0379164571026768,0.0347665558923505,-0.0236331567646915,-0.0834831649746848,0.0655582036867997,0.0440909899329883,-0.0146108002749457,-0.00685058580119504,-0.0592232014730253,-0.0816990774371347,-0.13356576505652
1924,-0.0852082656044458,-0.0696396139809497,-0.00544054814292588,0.0533503355361307,-0.0369363461348393,-0.00428773041446299,-0.0483106464784919,-0.0455939419066353,0.0772474038679612,0.0425223766090323,0.0401538358290567,-0.0234608105043402,-0.0846160714784954,0.069435903074384,0.047641456092674,-0.0140693313173956,-0.0068094913196777,-0.0622850012186912,-0.083301738221702,-0.138548198603006
1925,-0.0850617315441728,-0.070183728798829,-0.00330398725063996,0.0589931600877801,-0.0348527171224202,-0.00300331451223398,-0.0489155782003746,-0.0473442315056249,0.0830001311042226,0.047202994684769,0.0456606008325677,-0.0232698277990409,-0.085695035084067,0.0733424553866051,0.0512340061638107,-0.0135014948515155,-0.00677374154713611,-0.0654063856368991,-0.0848652028410039,-0.143547758319304
1926,-0.0848088154254087,-0.0706740089924995,-0.00109058598275377,0.064739423102279,-0.0326840850724636,-0.00168853497756067,-0.0494955187285963,-0.049111734811816,0.0888372317436692,0.0519659213430369,0.0512823910400686,-0.0230501085672185,-0.0867103359408174,0.0772747802113836,0.0548676805324743,-0.0128984117137915,-0.00673462934545396,-0.0685672151470548,-0.086382820837193,-0.148539617283978
1927,-0.0844500573434358,-0.0711002768481711,0.00120232477522623,0.0705707114881626,-0.0304219222943589,-0.000321145058972204,-0.0500370225695605,-0.0508766582752814,0.0947545929256278,0.0568187665969862,0.0570147465887446,-0.0227915527272981,-0.0876522541981649,0.08122979713664,0.0585415195847405,-0.0122512027407099,-0.00668344757651496,-0.0717473501685638,-0.0878479417524219,-0.153498948575591
1928,-0.083985997393536,-0.0714523546520542,0.00357741413779353,0.0764686121539661,-0.0280577010974953,0.00112110199500224,-0.0505266442296708,-0.052619208346094,0.100748101789425,0.0617691404597671,0.0628532076157811,-0.0224840601977045,-0.0885110700055275,0.0852044257502948,0.0622545637066851,-0.0115509887687567,-0.00661148910220281,-0.0749266511208318,-0.0892539151288433,-0.158400925272706
1929,-0.0834171756709917,-0.071720064690359,0.00603735121944164,0.0824147120082247,-0.0255828937912621,0.00266045293583348,-0.0509509382153306,-0.0543195914743266,0.106813645474389,0.0668246529445296,0.0687933142583632,-0.0221175308968629,-0.0892770635123232,0.0891955856402686,0.0660058532843839,-0.0107888906344182,-0.00651004678440119,-0.0780849784232645,-0.0905940905086098,-0.163220720453887
1930,-0.0827441322710849,-0.0718932292492957,0.00858480513466408,0.0883905979594738,-0.0229889726850486,0.00431915451499237,-0.0512964590329435,-0.0559580141100521,0.112947111119845,0.071992914064424,0.0748306066536762,-0.0216818647431982,-0.0899405148679701,0.093200196394482,0.0697944287039126,-0.00995602917418058,-0.00637041348499382,-0.0812021924952676,-0.0918618174338741,-0.167933507197696
1931,-0.0819674072890979,-0.0719616706150744,0.0112224449979543,0.0943778569162484,-0.0202674100882442,0.00611945348394969,-0.0515497611889129,-0.0575146827033433,0.119144385865121,0.0772815338326003,0.0809606249389052,-0.0211669616551353,-0.0904917042218862,0.0972151776008553,0.0736193303513471,-0.00904352522452996,-0.00618388206586438,-0.0842581537562465,-0.0930504454467887,-0.172514458582696
1932,-0.0810875408203128,-0.0719152110739055,0.0139529399238059,0.100358075787084,-0.0174096783102381,0.0080835965941763,-0.0516973991896425,-0.0589698037042731,0.125401356849543,0.0826981222622087,0.0871789092512356,-0.0205627215510993,-0.0909209117234897,0.101237448847309,0.0774795986127631,-0.00804249962195255,-0.00594174538889659,-0.0872327226256072,-0.0941533240895062,-0.176938747687451
1933,-0.0801050729600117,-0.071743672911999,0.0167789590267123,0.106312841480515,-0.0144072496604196,0.010233830597143,-0.0517259275415356,-0.0603035835629144,0.131713911212439,0.0882502893663994,0.0934809997278525,-0.0198590443495152,-0.0912184175221986,0.105263929721764,0.0813742738742363,-0.00694407320293453,-0.00563529631597414,-0.0901057595227551,-0.0951638029041794,-0.181181547590523
1934,-0.079020543803477,-0.0714368784155653,0.019703171421167,0.112223740905078,-0.0112515964481781,0.0125924022443207,-0.0516219007509958,-0.0614962287293401,0.138077936093136,0.0939456451583224,0.0998624365059412,-0.019045829968808,-0.091374501767431,0.109291539812141,0.0853023965218427,-0.00573936680396205,-0.00525582770898072,-0.0928571248670959,-0.0960752314329608,-0.185218031370477
1935,-0.0778344934459906,-0.0709846498708145,0.0227282462216636,0.118072360969307,-0.00793419098290273,0.0151815582871801,-0.0513718733244266,-0.0625279456536229,0.144489318630959,0.099791799651128,0.106318759722687,-0.0181129783274025,-0.0913794446086048,0.11331719870636,0.0892630069416578,-0.00441950126152131,-0.00479463242980003,-0.0954666790780353,-0.096880959218003,-0.189023372105874
1936,-0.0765474619828349,-0.0703768095639569,0.0258568525426956,0.123840288581738,-0.00444650557398292,0.0180235454771921,-0.0509623997682315,-0.0633789407858357,0.150943945965237,0.105796362857966,0.112845509515275,-0.017050389343724,-0.0912235261951382,0.117337825992341,0.0932551455197576,-0.00297559741209848,-0.00424300334031578,-0.097914282574979,-0.0975743358014587,-0.192572742875278
1937,-0.0751599895092919,-0.0696031797812026,0.0290916594987563,0.129509110650906,-0.000780012530807939,0.0211406105658274,-0.0503800345888141,-0.0640294205760514,0.157437705235296,0.111966944791987,0.11943822602089,-0.0158479629361972,-0.0908970266764493,0.121350341258006,0.0972778526422177,-0.00139877609217974,-0.00359223330241166,-0.100179795777333,-0.0981487107254805,-0.195841316757252
1938,-0.0736726161206439,-0.0686535828087619,0.0324353362043395,0.135060414085346,0.00307381583723295,0.0245550003045571,-0.0496113322925778,-0.0644595914743428,0.163966483580463,0.118311155466341,0.126092449376718,-0.0144955990232472,-0.0903902262019561,0.125351664091275,0.101330168695114,0.000319841861748733,-0.00283361517797137,-0.102243079104502,-0.0985974335322211,-0.19880426683036
1939,-0.0720858819121729,-0.0675178409328449,0.0358905517739385,0.140475785793593,0.0071235072207504,0.0282889614448518,-0.0486428473859261,-0.0646496599307829,0.170526168140066,0.124836604894178,0.132803719719945,-0.0129831975232991,-0.0896934049210766,0.129338714080068,0.105411134064522,0.00218913561320076,-0.00195844182887861,-0.104083992975892,-0.098913853763833,-0.201436766173163
1940,-0.0704003269791612,-0.066185776439662,0.0394599753220468,0.145736812684183,0.0113775893103551,0.0323647407381823,-0.0474611343752625,-0.0645798323954444,0.17711264605343,0.131550903088649,0.139567577187754,-0.0113006583547777,-0.0887968429832289,0.133308410812305,0.109519789136518,0.00421798432569018,-0.000958006117017082,-0.105682397810909,-0.0990913209624689,-0.203713987864226
1941,-0.068616491416891,-0.0646472116154233,0.0431462759631581,0.150825081665651,0.0158445897966579,0.0368045849360196,-0.0460527477669906,-0.0642303153184002,0.183721804459882,0.138461660062903,0.146379561917331,-0.00943788143610816,-0.0876908205378312,0.137257673875908,0.113655174297178,0.00641526716273079,0.000176399095729522,-0.107018154028959,-0.0991231846702814,-0.205611104982111
1942,-0.0667349153206443,-0.062891968746339,0.0469521228117657,0.155722179646532,0.0205330363702693,0.0416307407898345,-0.0444042420675139,-0.0635813151497232,0.190349530498751,0.14557648583009,0.153235214045863,-0.00738476668571535,-0.0863656177343013,0.141183422858797,0.117816329932576,0.00878986328783644,0.0014534809474775,-0.108071122049446,-0.0990027944294232,-0.207103290605382
1943,-0.0647561387857035,-0.0609098701186193,0.0508801849823632,0.160409693535361,0.0254514567218001,0.0468654550510977,-0.0425021717832359,-0.0626130383394863,0.196991711309362,0.152902990403361,0.160130073710533,-0.0051312140220243,-0.0848115147220575,0.145082577348893,0.12200229642879,0.0113506518645209,0.00288194657634316,-0.108821162291778,-0.0987234997820468,-0.208165717812601
1944,-0.0630524545791721,-0.0591375605750895,0.0547437668388706,0.164864627745131,0.0301101417473144,0.052097717672134,-0.0407255132259861,-0.061751174495592,0.203559745090393,0.160215359921469,0.166866076024729,-0.0030096476582765,-0.0835146525101496,0.148699935155712,0.125975998814718,0.0138036446893651,0.00413842649961078,-0.10976990639764,-0.0987188159643158,-0.209436986969422
1945,-0.0619560464648808,-0.0579776324322534,0.0583726032919625,0.169087875902888,0.0340609171514743,0.0569341877185338,-0.0394290484193518,-0.061399887534612,0.209978684805616,0.167301754230891,0.173269397785761,-0.00132907307262828,-0.082920651864069,0.151811048760756,0.129526089630015,0.0158756310019498,0.00492350116267829,-0.111388770336932,-0.0993842738923869,-0.211516620605689
1946,-0.0614072910332021,-0.0573688291868387,0.0617940092762641,0.173096858738249,0.0373746128377876,0.0614236156116663,-0.0385630404373731,-0.0615070953696225,0.216264899742004,0.174190743906358,0.179371941656695,-4.42620808768762e-05,-0.0829590125678958,0.154458969759916,0.132690200526885,0.0176066561302888,0.00528180259583246,-0.113612291021375,-0.100656246628403,-0.214321175046252
1947,-0.0613465648745086,-0.0572498943355733,0.0650352997264007,0.176908996980831,0.0401220587097621,0.0656147517729006,-0.0380777523540901,-0.0620207159136997,0.222434759186529,0.180910899522605,0.1852056103006,0.000890013501180465,-0.0835592344057106,0.156686749749086,0.135505963157536,0.0190367654023961,0.00525796282936004,-0.116375005362694,-0.102471107234505,-0.217767206615961
1948,-0.0617142445791729,-0.057559571375185,0.0681237895769976,0.180541711360252,0.0423740846709056,0.0695563466236058,-0.037923447243543,-0.0628886670799198,0.228504632426164,0.187490791654363,0.190802306380541,0.0015189818577465,-0.0846508171615936,0.158537440324158,0.138011009174173,0.0202060041462855,0.0048966138935478,-0.119611450272611,-0.104765228772837,-0.221771271639664
1949,-0.0624507067375675,-0.0582366038024016,0.0710867937626798,0.184012422606127,0.0442015206247258,0.0732971505851512,-0.0380503881797716,-0.0640588667813589,0.234490888747881,0.193958990876365,0.196193932559588,0.00188787117302399,-0.0861632606196251,0.160054093081025,0.140242970229002,0.0211544176899709,0.00424238781868249,-0.123256162662848,-0.107474984305541,-0.226249926442213
1950,-0.0634963279400649,-0.0592197351139509,0.0739516272180728,0.187338551448074,0.0456751964747304,0.0768859140789059,-0.0384088382368162,-0.0654792329310935,0.240409897438653,0.200344067763345,0.201412391500807,0.00204190963121569,-0.0880260645638855,0.161279759615581,0.14223947797423,0.0219220513614661,0.00333991663505088,-0.12724367944513,-0.110536746894759,-0.231119727348455
1951,-0.0647914847770377,-0.0604477088065608,0.0767456048778019,0.19053751861571,0.0468659421244274,0.080371387526239,-0.0389490604887169,-0.0670976834421995,0.246278027785451,0.206674592890035,0.206489585867265,0.00202632541652435,-0.090168728778455,0.162257491523717,0.144038164062062,0.022548950488785,0.00223383237293972,-0.131508537531177,-0.113886889602634,-0.236297230683242
1952,-0.0662765538388585,-0.061859268376959,0.0794960416764921,0.193626744838652,0.0478445874773243,0.0838023213485198,-0.0396213180095136,-0.0688621362277533,0.252111649075249,0.212979136831169,0.21145741832203,0.00188634671315274,-0.092520753047414,0.163030340401328,0.145676660144705,0.0230751603999414,0.000968767062635783,-0.135985273832715,-0.117461785491307,-0.241698992771422
1953,-0.0678919117158998,-0.0633931573218735,0.0822302525487688,0.196623650846516,0.0486819624369291,0.0872274659671174,-0.0403758738732466,-0.0707205092008311,0.257927130595018,0.219286270161478,0.216347791528169,0.0016672017053036,-0.0950116371548428,0.163641357844305,0.147192597874365,0.0235407264229493,-0.000410647265574181,-0.140608425261465,-0.121197807622923,-0.247241569937845
1954,-0.0695779349985342,-0.0649881191380319,0.0849755524292573,0.19954565736892,0.0494488969067494,0.0906955718034009,-0.0411629911539558,-0.072620720274509,0.263740841631731,0.225624563455696,0.221192608148749,0.00141411857717968,-0.0975708808848217,0.164133595448542,0.148623608903248,0.0239856938858224,-0.00185977858140341,-0.14531252872915,-0.125031329059622,-0.252841518507361
1955,-0.0712750002771341,-0.0665828973221622,0.0877592562525828,0.202410185135481,0.0502162207902931,0.0942553892787395,-0.0419329329256814,-0.0745106873618633,0.269569151472361,0.232022587288556,0.226023770846839,0.00117232551298377,-0.100127984021431,0.164550104809932,0.15000732488356,0.0244501081165747,-0.00333399485456514,-0.150032121147493,-0.128898722863547,-0.25841539480482
1956,-0.0729234841420723,-0.0681162353709921,0.0906086789533705,0.205234654875814,0.051054763991068,0.0979556688145024,-0.0426359622624634,-0.0763383283759703,0.275428429403879,0.238508912234791,0.230873182285505,0.000987050696918613,-0.102612446348751,0.164933937524367,0.151381377467506,0.02497401444322,-0.00478866405477262,-0.154701739428218,-0.132736362096842,-0.26387975515507
1957,-0.0744637631837212,-0.0695268767812495,0.0935511354662457,0.208036487319539,0.0520353564125817,0.101845160832059,-0.0432223422383419,-0.078051561229906,0.281335044713258,0.245112108869132,0.235772745127814,0.000903522313186959,-0.104953767650862,0.165328145187741,0.152783398307294,0.0255974581937721,-0.00617915415173906,-0.159255920483046,-0.136480619821647,-0.269151155882963
1958,-0.0758362139924533,-0.0707535650496622,0.0966139407258337,0.21083310319627,0.053228827958342,0.105972615752778,-0.0436423359273571,-0.0795983038367468,0.287305366687471,0.251860747766315,0.240754362036835,0.000966968545991553,-0.107081447711845,0.165775779395945,0.15425101905513,0.026360484696245,-0.00746083311517774,-0.163629201223702,-0.140067869100106,-0.274146153313347
1959,-0.0769812131586413,-0.071735043672958,0.0998244096667597,0.213641923235625,0.0547060085318568,0.110386783998028,-0.0438462064035489,-0.0809264741095688,0.293355764613489,0.25878339950107,0.245849935675634,0.00122261757953517,-0.108924986315779,0.166319891744874,0.155821871363218,0.0273031392786525,-0.00858906891480188,-0.167756118561907,-0.143434482994361,-0.278781303771071
1960,-0.0778391372726576,-0.0724100561478647,0.103209857223649,0.216480368167222,0.0565377280366339,0.11513641598918,-0.0437842167409576,-0.0819839899614483,0.299502607778285,0.265908634648131,0.251091368707278,0.00171569759802057,-0.110413883246746,0.16700353383042,0.157533586883766,0.0284654672690085,-0.00951922952032472,-0.171571209409385,-0.146516834566555,-0.282973163580987
1961,-0.0783503629248749,-0.0727173459711101,0.106797598331127,0.219365858720677,0.0587948163761809,0.120270262147602,-0.043406630013623,-0.0827187693054613,0.305762265468833,0.273265023782231,0.256510563794836,0.00249143678565052,-0.111477638288824,0.167869757248475,0.15942379726898,0.0298875139953267,-0.0102066829014595,-0.175009010677859,-0.149251296878829,-0.286638289067942
1962,-0.0784552667056656,-0.0725956566394221,0.110614947923818,0.222315815625606,0.0615481034540056,0.125837072894663,-0.0426637092955854,-0.0830787300546844,0.312151106972102,0.280881137478103,0.262139423601374,0.00359506332662771,-0.112045751226096,0.168961613594934,0.161530134171065,0.0316093247856212,-0.0106067970279195,-0.178004059279051,-0.151574242993327,-0.289693236556788
1963,-0.0780942252054025,-0.0719837316495285,0.114689220936349,0.225347659611627,0.0648684191736159,0.131885598651732,-0.0415057176608849,-0.0830117901221934,0.318685501575068,0.28878554631048,0.26800985078996,0.00507180540515498,-0.11204772184264,0.170322154465687,0.163890229242228,0.0336709449679057,-0.0106749398694178,-0.180490892124684,-0.153422045972191,-0.292054562372373
1964,-0.0772076150144579,-0.0708203144981571,0.119047732303344,0.228478811408357,0.0688265934385194,0.138464589840179,-0.0398829181835614,-0.0824658674210648,0.3253818185647,0.297006820854094,0.274153748023661,0.00696689120543503,-0.111413049922538,0.17199443145663,0.166541714134675,0.0361124198701941,-0.0103664793956679,-0.182404046126482,-0.154731078877562,-0.293638822839547
1965,-0.0757358127232044,-0.0690441486820357,0.123717796959428,0.231726691745413,0.073493456152224,0.145622796881373,-0.0377455739376551,-0.0813888798643747,0.332256427227973,0.305573531683678,0.280603017965544,0.00932554891167065,-0.110071235249869,0.174021496163654,0.169522220500612,0.0389737948205003,-0.00963678357638283,-0.183678058196167,-0.155437714771585,-0.29436257428316
1966,-0.0736191949220146,-0.0665939776978922,0.128726729839227,0.235108721352411,0.0789398372182375,0.153408970196682,-0.0350439479972061,-0.0797287453651993,0.339325696851859,0.314514249373966,0.287389563278678,0.0121930067080646,-0.107951777608714,0.176446400182652,0.172869379992245,0.0422951151468381,-0.00844122038127591,-0.184247465245463,-0.1554783267164,-0.294142373028061
1967,-0.0707981382012611,-0.0634085450424543,0.134101845877366,0.238642320958969,0.0852365665400675,0.161871860207477,-0.0317283034362545,-0.0774333818366148,0.346605996723328,0.323857544499689,0.294545286626128,0.0156144927788196,-0.104984176783153,0.179312195109517,0.17662082426178,0.0461164261772214,-0.00673515778006037,-0.184046804186091,-0.15478928777415,-0.2928947753991
1968,-0.0672130191513164,-0.0594265942124499,0.139870460008471,0.242344911294703,0.0924544740212219,0.171060217335126,-0.0277489033288403,-0.0744507071916975,0.354113696129355,0.333631987635581,0.302102090670964,0.0196352353081384,-0.101097932557267,0.182661932540142,0.180814184961424,0.0504777732396641,-0.00447396374244945,-0.183010611929775,-0.153306971006979,-0.290536337721127
1969,-0.0628042143625531,-0.0545868687046067,0.146059887167166,0.246233913089231,0.100664389565209,0.181022792000998,-0.0230560107490035,-0.0707286393435236,0.361865164356912,0.343866149356376,0.310091878076251,0.0243004624802239,-0.0962225447151364,0.18653866407042,0.185487093743381,0.05541920166218,-0.00161300623815638,-0.181073425388238,-0.150967749477028,-0.286983616318991
1970,-0.0575121004253436,-0.0488281120156527,0.152697442288076,0.250326747072169,0.109937143075535,0.191808334626463,-0.0175998887707844,-0.0662150962051691,0.36987677069297,0.354588600236804,0.318546551505058,0.0296554024792786,-0.0902875130408406,0.190985441296244,0.19067718225986,0.060980756772783,0.00189234676310559,-0.178169781473203,-0.147707996246439,-0.282153167517543
1971,-0.0512770539300606,-0.0420890676423157,0.159810440305828,0.254640833973133,0.120343564455709,0.20346559563289,-0.011330800468223,-0.0608579956897106,0.378164884424503,0.3658279108516,0.327498013620451,0.0357452834895055,-0.0832223373184603,0.196045315813507,0.196422082163065,0.0672024838994869,0.00608672729162322,-0.174234217096392,-0.143464084377356,-0.27596154764163
1972,-0.0440394514670767,-0.0343084790813233,0.167426196155046,0.259193594521743,0.131954483609239,0.216043325441647,-0.00419900891535939,-0.054605255710224,0.386745874838482,0.377612651775497,0.336978167085498,0.0426153336951072,-0.0749565173320758,0.201761339218101,0.202759425105202,0.0741244283703057,0.0110147673776833,-0.169201269169529,-0.13817238693192,-0.268325313016104
1973,-0.0357396696267643,-0.0254250898294036,0.175572024770356,0.264002449447613,0.144840730439632,0.229590274474105,0.00384522281376644,-0.0474047941797855,0.39563611122188,0.389971393583227,0.347018914563267,0.0503107812802865,-0.0654195528657675,0.208176563105919,0.209726842738478,0.0817866355132531,0.0167210990515725,-0.163005474604336,-0.131769276972274,-0.259161019965814
1974,-0.026318084999496,-0.0153776433832842,0.184275241086382,0.269084819480361,0.159073134850396,0.244155193151631,0.0128516316451143,-0.0392045290114716,0.40485196286167,0.402932706849523,0.357652158716825,0.0588768544292462,-0.0545409437036158,0.215334039072855,0.217361966715099,0.0902291506563431,0.0232503543435777,-0.155581370312537,-0.12419112756056,-0.248385224815609
1975,-0.0161991464877753,-0.00441076476394688,0.193391672538591,0.274166301204092,0.174419283994124,0.259542377648283,0.0226019487732687,-0.0302525479250448,0.414229201248034,0.416252678413048,0.368448344034075,0.0681461323269627,-0.0426716290746622,0.222969464672689,0.225478653756077,0.0992412954030004,0.0303557444901035,-0.147208690036271,-0.115743023331675,-0.23633922979418
1976,-0.00583995436298222,0.00717899095937233,0.202757162453399,0.278978127799003,0.190581939669232,0.275514575559489,0.03283781056292,-0.0208369926244844,0.423599686972254,0.429677737951853,0.378984067000956,0.0779108860583881,-0.0302167337643207,0.230790832575617,0.233862571666189,0.108582820618875,0.0377589960415208,-0.138222331230243,-0.106779592847065,-0.223435053606087
1977,0.00477013773119598,0.0193749852175637,0.212369049601855,0.283546174888846,0.207534693747961,0.292058214438682,0.0435488116951868,-0.0109658619991911,0.43297392297295,0.443221970299752,0.389300458277583,0.0881558816576891,-0.01718703589123,0.238799637052153,0.242509068723288,0.118249415525318,0.0454575139990655,-0.128639576375015,-0.0973115250586956,-0.209695327289983
1978,0.015641776151072,0.0321605794415177,0.222224672755012,0.287896318097375,0.225251138102551,0.309159721839292,0.0547245468511877,-0.000647154938565559,0.442362412188739,0.45689946029056,0.399438648524073,0.0988658851590322,-0.00359331357402873,0.246997372372811,0.251413493205229,0.12823676934368,0.0534487033639734,-0.118477707951153,-0.0873495089185334,-0.19514268188452
1979,0.0267856072529586,0.0455191350621245,0.232321370683921,0.292054433048341,0.243704864605243,0.326805525314751,0.0663546107120415,0.0101111296679915,0.45177565755824,0.47072429275809,0.409439768400542,0.110025662596584,0.0105536550686444,0.255385532808106,0.260571193389866,0.138540571295314,0.0617299691374805,-0.107754008439221,-0.0769042333785449,-0.179799748428351
1980,0.0382122773931685,0.0594340135102745,0.242656482159631,0.296046395365499,0.262869465128279,0.34498205241849,0.0784285979588666,0.0213009929310795,0.461224162020073,0.484710552536157,0.419344948567107,0.121619980004511,0.0252430919181506,0.263965612628552,0.269977517555054,0.14915651060157,0.0702987163208227,-0.0964857603197833,-0.0659863873906965,-0.16368915796013
1981,0.0499324329280144,0.0738885762168582,0.253227345953195,0.299898080672601,0.282718531543899,0.36367573070394,0.0909361032727819,0.0329144359612976,0.470718428512857,0.498872324458576,0.429195319683884,0.13363360341698,0.0404642188558514,0.272739106104664,0.279627813978646,0.1600802764838,0.0791523499152357,-0.0846902460734052,-0.0546066599069547,-0.146833541518508
1982,0.061956720213809,0.0888661846127657,0.264031300835662,0.303635364593399,0.303225655724344,0.382872987724534,0.103866721334906,0.0449434598692451,0.480268959975211,0.513223693359159,0.439032012410989,0.146051298868157,0.0562062577631081,0.281707507506956,0.289517430938497,0.171307558163355,0.0882882749219556,-0.0723847481806509,-0.042775739879286,-0.12925553014214
1983,0.074295785606865,0.104350200128888,0.275065685578085,0.307284122751647,0.324364429541855,0.402560251033701,0.117210046826357,0.0573800657655214,0.489886259345752,0.527778744071722,0.44889615740854,0.158857832392209,0.0724584305212818,0.290872311105942,0.299641716712461,0.182834044861587,0.0977038963422182,-0.059586549122085,-0.0305043162596566,-0.110977754869678
1984,0.0869602754634951,0.120323984196114,0.286327838951514,0.310870230771098,0.346108444868673,0.422723948184874,0.130955674428255,0.0702162547607257,0.499580829563102,0.542551561430079,0.458828885336652,0.172037970023302,0.0892099590117341,0.300235011172137,0.309996019578392,0.194655425799846,0.107396619177259,-0.0463129313782721,-0.017803078000033,-0.0920228467397742
1985,0.0999608361400121,0.136770898245335,0.297815099726999,0.314419564275504,0.368431293577038,0.443350506731483,0.145093198821717,0.0834440279654574,0.509363173565877,0.557556230268043,0.468871326855442,0.185576477795603,0.106450065115826,0.309797101976055,0.320575687814144,0.206767390199485,0.117363848428315,-0.0325811774297767,-0.00468271405238176,-0.0724134367910822
1986,0.113308113992729,0.153674303707442,0.309524806675593,0.317957998888618,0.391306567539191,0.464426354226961,0.159612214687862,0.0970553864903157,0.519243794292697,0.572806835419429,0.479064612625027,0.199458121743279,0.124167970714919,0.31956007778821,0.331376069697571,0.219165627281854,0.127602989096621,-0.0184085697571634,0.00884608663133084,-0.0521721560622547
1987,0.127012755377957,0.171017562013325,0.321454298568345,0.321511410234193,0.414707858627374,0.485937918224737,0.174502316707809,0.1110423314459,0.529233194682182,0.588317461718052,0.489449873305522,0.213667667900496,0.142352897690375,0.329525432879117,0.342392513506528,0.231845826268304,0.138111446183414,-0.00381239084099676,0.0227726350991383,-0.0313216355919446
1988,0.141085406652011,0.188784034593873,0.333600914176307,0.325105673935983,0.438608758713827,0.507871626278245,0.189753099562677,0.12539686394281,0.53934187767295,0.604102193997725,0.500068239557044,0.228189882301421,0.160994067923555,0.33969466151929,0.353620367518869,0.244803676380188,0.148886624689928,0.0111900768381586,0.0370862423990743,-0.00988450641880483
1989,0.155536714171203,0.206957082879978,0.345961992270529,0.328766665617739,0.462982859670791,0.530213905940914,0.205354157933584,0.140110985091644,0.549580346203619,0.620175117092263,0.51096084203971,0.24300953098022,0.180080703295819,0.350069257979244,0.365054980012447,0.258034866838857,0.159925929617401,0.0265815507997382,0.0517762195791723,0.0121166004185119
1990,0.170377324291845,0.225520068302529,0.358534871622063,0.332520260903214,0.487803753370507,0.552951184766176,0.221295086501649,0.155176696003002,0.55995910321281,0.63655031583548,0.522168811413637,0.258111379971059,0.19960202568853,0.360650716529493,0.376691699265118,0.271535086865661,0.171226765967068,0.0423447485631773,0.066831877687466,0.0346590538813525
1991,0.18561788337025,0.244456352292418,0.37131689100196,0.336392335416163,0.513045031685216,0.576069890307463,0.23756547994799,0.170585997787483,0.57048865163914,0.653241875061189,0.533733278338939,0.273480195308106,0.219547256983049,0.371440531440552,0.388525873554734,0.285300025681952,0.182786538740165,0.0584623876479115,0.0822425277719889,0.0577202229310643
1992,0.201269037762731,0.263749296280533,0.384305389181269,0.340408764780336,0.538680286487158,0.599556450118205,0.254154932953727,0.186330891555686,0.581179494421228,0.670263879603207,0.545695373475735,0.289100743025527,0.239905619060737,0.382440196982934,0.400552851159151,0.299325372509082,0.194602652937927,0.0749171855733762,0.0979974808807745,0.0812774765289943
1993,0.2173414338256,0.283382261697767,0.397497704931044,0.344595424619488,0.564683109648575,0.623397291751835,0.271053040199978,0.202403378418212,0.592042134497695,0.687630414295345,0.55809622748414,0.304957789157488,0.260666333802955,0.393651207427154,0.412767980356223,0.313606816568402,0.206672513561591,0.0916918598590068,0.114086048061857,0.10530818363649
1994,0.233845717915171,0.303338609975009,0.410891177022334,0.348978190557372,0.591027093041707,0.647578842761783,0.28824939636786,0.218795459485658,0.603087074807158,0.70535556397142,0.570976971024271,0.321036099738156,0.281818623091065,0.405075057043727,0.425166609423803,0.328140047081262,0.218993525612393,0.108769128024239,0.130497540363268,0.129789713214897
1995,0.250792536387756,0.323601702543149,0.424483144226189,0.353582938217739,0.617685828538796,0.672087530701481,0.305733596138494,0.235499135868625,0.614324818288236,0.723453413465244,0.584378734756244,0.337320440801698,0.303351708806428,0.416713240103167,0.437744086639747,0.342920753269016,0.231563094091568,0.126131707588508,0.147221268833044,0.154699434225565
1996,0.268192535599668,0.344154900833078,0.438270945313663,0.358435543224343,0.644632908012082,0.69690978312436,0.323495234192998,0.252506408677712,0.625765867879549,0.741938047610632,0.598342649340176,0.35379557838228,0.325254812830405,0.428567250875987,0.450495760281907,0.357944624353013,0.244378624000352,0.143762316071248,0.164246544519216,0.180014715629839
1997,0.286056361907219,0.364981566275686,0.452251919055804,0.363561881200937,0.671841923333805,0.722032027583851,0.34152390521249,0.269809279023517,0.637420726519715,0.760823551241399,0.612909845436184,0.370446278514068,0.347517157044358,0.440638583632704,0.463416978628138,0.373207349554605,0.257437520339982,0.161643670991897,0.18156267846982,0.205712926389067
1998,0.304394661666722,0.386065060301863,0.466423404223664,0.368987827771273,0.699286466376208,0.747440691633386,0.359809203878089,0.287399748016641,0.649299897147353,0.780124009191358,0.628121453704382,0.38725730723123,0.370127963329649,0.452928732643831,0.476503089956295,0.388704618095144,0.270737188111692,0.179758489869889,0.199158981732887,0.231771435464596
1999,0.32321808123449,0.4073887443425,0.480782739588294,0.374739258559105,0.72694012901153,0.773122202826395,0.378340724870914,0.305269816767682,0.661413882701083,0.799853506294324,0.644018604804889,0.404213430567931,0.393076453567637,0.465439192179882,0.489749442544232,0.40443211919598,0.28427503231672,0.198089490224659,0.217024765356452,0.258167611817773
2000,0.342537266966836,0.428935979828488,0.495327263920746,0.380842049188186,0.754776503112013,0.799062988716311,0.397108062872083,0.323411486387241,0.673773186119522,0.82002612738411,0.66064242939782,0.421299414558339,0.416351849639685,0.478171456511372,0.503151384669802,0.420385542078466,0.298048457956301,0.216619389575643,0.235149340388549,0.284878824409945
2001,0.362362865220071,0.450690128190716,0.510054315992069,0.387322075282267,0.782769180549897,0.825249476856564,0.416100812562715,0.341816757985915,0.686388310341291,0.840655957294532,0.678034058143292,0.43850002523662,0.439943373427154,0.491127019908815,0.51670426461086,0.436560575963952,0.31205487003167,0.235330905442276,0.253522017877211,0.311882442202459
2002,0.38270552235051,0.472634550860075,0.524961234573315,0.394205212465103,0.810891753197423,0.851668094800586,0.435308568623929,0.360477632674305,0.699269758305007,0.861757080859404,0.696234621701422,0.45580002863694,0.463840246811406,0.504307376642726,0.530403430645261,0.45295291007379,0.326291673544064,0.254206755343995,0.272132108870471,0.339155834156663
2003,0.403575884714465,0.494752609267455,0.540045358435535,0.401517336360446,0.839117812926833,0.878305270101809,0.454720925736843,0.37938611156301,0.71242803294929,0.883343582912538,0.715285250732325,0.473184190793466,0.488031691673801,0.517714020983618,0.544244231050857,0.469558233629331,0.340756273494719,0.273229656800233,0.290968924416363,0.366676369233904
2004,0.424984598668248,0.517027664843746,0.555304026349779,0.409284322592049,0.867420951610367,0.905147430313663,0.474327478582576,0.398534195762629,0.725873637212759,0.905429548287751,0.735227075896119,0.490637277740364,0.512506929895701,0.531348447202007,0.558222014105504,0.486372235851927,0.35544607488487,0.292382327330427,0.310021775562921,0.394421416395528
2005,0.446942310568173,0.53944307901984,0.570734577087099,0.417532046783664,0.895774761120266,0.932181002989579,0.494117821842246,0.417913886383761,0.739617074034032,0.928029061818855,0.756101227852919,0.508144055511802,0.537255183358468,0.545212149568407,0.572332128087056,0.503390605962929,0.370358482715754,0.311647484454012,0.329279973358179,0.422368344602883
2006,0.469459666770551,0.561982213226625,0.586334349418546,0.426286384559045,0.92415283332877,0.95939241568299,0.514081550196973,0.437517184537006,0.75366884635173,0.951156208339666,0.777948837262842,0.525689290141945,0.562265673943461,0.559306622353332,0.586569921273366,0.520609033183687,0.385490901988606,0.331007845690424,0.348732828850169,0.450494522817316
2007,0.492776663421,0.584993314119227,0.602259202300654,0.435485369934338,0.952985293443793,0.987106520883132,0.534529804052992,0.457631683779051,0.768045076269597,0.974839148486461,0.800694393250588,0.543546763294923,0.58787593769563,0.573812100711033,0.6010882354352,0.538223230820994,0.40106283236525,0.350780240290703,0.368695185419842,0.479229573674309
2008,0.517088313893879,0.608804296052628,0.618649074810319,0.445039189069427,0.982684509989028,1.01562649873535,0.555749063148138,0.478519625684449,0.782745263968203,0.999082535706528,0.824213120733684,0.56197708927337,0.614396862420487,0.588884145804809,0.616026914205365,0.556410628439692,0.417270076441529,0.371266596719443,0.389457488922038,0.508980879695347
2009,0.542337790388613,0.633368022007513,0.635477425899134,0.454931945803669,1.01319743981038,1.04490626827723,0.577691931160923,0.500134983390593,0.797754979501403,1.02386519405019,0.848472254061483,0.580945283069208,0.641777697640249,0.604487240918744,0.631361808654777,0.575139489648211,0.43407449361971,0.392427281316412,0.410972454115625,0.539692449670783
2010,0.568468265104627,0.658637354964566,0.652717714518691,0.465147743976421,1.04447103975378,1.07489974854636,0.600311011769858,0.522431730034879,0.813059792923047,1.04916594756777,0.873439027583341,0.600416359674359,0.66996769287713,0.620585869336923,0.647068769854353,0.594378078054984,0.451437943302057,0.414222660421376,0.43319279575947,0.571308292390967
2011,0.595422910241344,0.684565157904468,0.670343399620582,0.475670687427039,1.07645226666511,1.10556085858033,0.623558908653456,0.545363838754702,0.828645274286992,1.07496362030959,0.899080675648612,0.620355334080748,0.698916097653344,0.637144514343431,0.663123648875007,0.61409465726844,0.469322284890837,0.436613100374102,0.456071228612441,0.603772416646252
2012,0.623144897998191,0.711104293807904,0.688327940156401,0.486484879994881,1.10908807739031,1.13684351741674,0.647388225490228,0.568885282687457,0.844496993647087,1.10123703632598,0.92536443260665,0.640727221280295,0.728572161491107,0.654127659222353,0.679502296787657,0.63425749089701,0.487689377788315,0.459558967514357,0.479560467433406,0.637028831226989
2013,0.651577400574591,0.738207625655558,0.706644795077739,0.497574425519303,1.14232542877527,1.16870164409317,0.671751565958688,0.592950034970538,0.860600521057188,1.12796501966726,0.952257532806811,0.661497036264926,0.758885133912634,0.671499787257773,0.696180564663218,0.654834842549125,0.506501081396757,0.483020628181907,0.503613226981233,0.671021544923529
2014,0.680663590169969,0.765828016428111,0.72526742333619,0.508923427839663,1.17611127766591,1.20108915764721,0.696601533737348,0.61751206874134,0.876941426571147,1.15512639438375,0.979727210598449,0.682629794026561,0.789804264440139,0.689225381733776,0.713134303572607,0.675794975833215,0.525719255118428,0.506958448716521,0.528182222014789,0.705694566526224
2015,0.710346638983751,0.793918329106247,0.744169283883345,0.520515990795317,1.21039258090815,1.23395997711644,0.72189073250472,0.642525357137258,0.893505280242818,1.18269998452579,1.00774070033092,0.704090509557125,0.821278802595837,0.707268925934447,0.73033936458674,0.697106154357711,0.545305758355594,0.531332795457963,0.553220167292943,0.740991904825426
2016,0.74056971921536,0.82243142667065,0.763323835670797,0.532336218225622,1.24511629534788,1.26726802153847,0.747571765939315,0.667943873295688,0.910277652126053,1.21066461414368,1.03626523635357,0.725844197848539,0.853257997901943,0.725594903143871,0.747771598776533,0.718736641731044,0.565222450510522,0.556104034746001,0.578679777574561,0.776857568611486
2017,0.771276003064221,0.851320172102003,0.782704537650138,0.544368213969935,1.28022937783103,1.30096720995087,0.773597237719647,0.693721590354023,0.927244112274706,1.23899910728776,1.06526805301577,0.747855873892727,0.885691099880671,0.744167796646131,0.765406857212901,0.740654701561645,0.585431190985476,0.581232532920402,0.604513767618512,0.813235566674757
2018,0.80240866272976,0.880537428380989,0.802284848772962,0.556596081867613,1.3156787852035,1.33501146139125,0.799919751524227,0.719812481449659,0.944390230742629,1.26768228800836,1.09471638466686,0.770090552681611,0.918527358054236,0.762952089725314,0.783220990966762,0.762828597457943,0.605893839182722,0.606678656320932,0.630674852183664,0.850069907805588
2019,0.8339108704114,0.910036058488291,0.822038227990859,0.569003925758014,1.35141147431121,1.36935469489718,0.826491911031568,0.746170519719992,0.961701577583677,1.29669298035578,1.1245774656562,0.792513249207115,0.951716021944854,0.781912265665503,0.801189851109031,0.785226593028371,0.626572254504526,0.632402771287359,0.657115746028885,0.887304600794334
2020,0.865725798308568,0.939768925404593,0.841938134255424,0.581575849480493,1.38737440200006,1.40395082950625,0.853266319920181,0.772749678302414,0.979163722851701,1.32601000838037,1.15481853033315,0.81508897846116,0.985206341074739,0.801012807750784,0.819289288710625,0.807816951881357,0.647428296353154,0.65836524415945,0.683789163913042,0.924883654431344
2021,0.897796618620686,0.969688892110578,0.861958026518248,0.594295956874409,1.42351452511598,1.43875378425606,0.88019558186858,0.799503930334323,0.996762236600556,1.35561219613244,1.18540681304706,0.837782755435671,1.01894756496611,0.820218199265241,0.837495154842459,0.830567937625335,0.668423824130871,0.68452644127697,0.710647820595003,0.96275107750697
2022,0.930066503547181,0.999748821586929,0.882071363730924,0.607148351779117,1.45977880050486,1.4737174781842,0.907232300555276,0.826387248953111,1.01448268888409,1.38547836766231,1.21630954814728,0.860559595122569,1.05288894314117,0.839492923492959,0.85578330057545,0.853447813868733,0.689520697239944,0.710846728979686,0.737644430833636,1.00085087881156
2023,0.962478625287477,1.02990157681433,0.902251604845045,0.620117138033975,1.49611418501262,1.50879583032825,0.934329079658782,0.853353607296175,1.03231064975617,1.41558734702032,1.24749396998317,0.883384512513777,1.08697972512214,0.858801463718023,0.874129576980514,0.876424844219982,0.710680775082636,0.737286473607367,0.764731709387808,1.03912706713548
2024,0.994976156040998,1.06010002077346,0.922472208812201,0.63318641947834,1.53246763548518,1.54394275972581,0.96143852285761,0.880356978500909,1.05023168927063,1.44591795825678,1.27892731290408,0.906222522601219,1.12116916043125,0.878108303224517,0.892509835128567,0.899467292287514,0.731865917061216,0.763806041499777,0.791862371016387,1.07752365126906
2025,1.02750226800717,1.09029701644501,0.942706634583988,0.646340299951568,1.56878610876844,1.57911218541446,0.988513233830272,0.907351335704708,1.06823137748134,1.47644902542201,1.31057681125937,0.929038640376817,1.15540649859069,0.897377925296526,0.910899926090525,0.922543421679758,0.753037982577947,0.790365798996685,0.818989130478242,1.11598464000267
2026,1.06000013338542,1.12044542680966,0.962928341111996,0.659562883293017,1.60501656170832,1.61425802643179,1.01550581625528,0.934290652044967,1.08629528444214,1.50715937256635,1.34240969939839,0.951797880832494,1.18964098912269,0.916574813218136,0.929275700937305,0.945621496005147,0.774158831035096,0.816926112437856,0.84606470253224,1.15445404212666
2027,1.09241292437516,1.15049811484809,0.983110787347818,0.672838273342043,1.64110595115072,1.64933420181539,1.04236887381115,0.96112890065908,1.10440898020689,1.53802782374012,1.3743932116705,0.974465258960172,1.22382188154945,0.935663450273429,0.947613010739821,0.968669778872109,0.795190321834928,0.843447348163059,0.873041801937248,1.19287586643136
2028,1.12468381317583,1.18040794354099,1.00322743224305,0.686150573938004,1.67700123394156,1.68429463060286,1.06905501017638,0.987820054684444,1.12255803482945,1.56903320299364,1.40649458242505,0.997005789751775,1.25789842539321,0.954608319746493,0.965887706568992,0.991656533889077,0.816094314379709,0.869889872512058,0.899873143452135,1.23119412170715
2029,1.15675597198685,1.21012777586903,1.02325173474928,0.699483888920257,1.71264936692674,1.71909323183177,1.0955168290295,1.01431808725845,1.14072801836366,1.60015433437723,1.4386810460114,1.01938448819923,1.29181987017616,0.97337390492141,0.984075639495732,1.01455002466448,0.836832668071706,0.896214051824622,0.926511441835768,1.26935281674437
2030,1.18857257300765,1.23961047481291,1.0431571538181,0.712822322128157,1.74799730695219,1.75368392453973,1.12170693404902,1.0405769715185,1.15890450086338,1.63137004194122,1.4709198367789,1.04156636929445,1.32553546542053,0.991924689082266,1.00215266059096,1.03731851480675,0.857367242313182,0.922380252440517,0.952909411847016,1.30729596033336
2031,1.22007678843764,1.2688089033533,1.0629171484011,0.726149977401063,1.78299201086381,1.78802062776431,1.14757792891344,1.06655068060198,1.17707305238245,1.66265914973593,1.5031781890769,1.06351644802936,1.35899446064853,1.01022515551315,1.02009462092559,1.05993026792432,0.877659896506405,0.94834884069951,0.979019768244745,1.34496756126449
2032,1.25121179047625,1.2976759244709,1.08250517744988,0.739450958578332,1.81758043550751,1.82205726054312,1.17308241730129,1.09219318764629,1.19521924297475,1.69400048181168,1.53542333725477,1.08519973939589,1.39214610538237,1.02823978749813,1.03787737157053,1.08235354762561,0.897672490053639,0.974080182941368,1.00479522578782,1.38231162832811
2033,1.28192075132292,1.32616440114637,1.10189469991603,0.752709369499319,1.85170953772921,1.85574774191373,1.19817300289106,1.11745846578883,1.21332864269411,1.72537286221881,1.56762251566185,1.10658125838595,1.42493964914428,1.04593306832131,1.05547676359671,1.10455661751906,0.917366882357151,0.999534645505856,1.03018849923512,1.41927217031456
2034,1.31214684317705,1.35422719636041,1.12105917475114,0.765909314003382,1.88532627437481,1.88904599091374,1.22280228936128,1.14230048816698,1.23138682159439,1.75675511500763,1.5997429586475,1.12762601999148,1.45732434145645,1.06326948126677,1.07286864807504,1.1265077412131,0.936704932819206,1.02467259473274,1.0551523033455,1.45579319601419
2035,1.34183323823809,1.3818171730937,1.13997206090681,0.779034895929879,1.91837760229022,1.92190592658073,1.24692288039045,1.16667322791815,1.24937934972945,1.78812606422847,1.63175190056107,1.1482990392044,1.48924943184112,1.08021350961859,1.09002887607644,1.14817518231616,0.95564850084207,1.0494543969618,1.07963935287784,1.49181871421737
2036,1.37092310870544,1.40888719432692,1.15860681733462,0.792070219118165,1.95081047832137,1.95428146795231,1.2704873796571,1.19053065817972,1.26729179715313,1.81946453393166,1.66361657575193,1.16856533101662,1.52066416982049,1.09672963666086,1.10693329867182,1.16952720443668,0.974159445828009,1.07384041853278,1.10360236259099,1.52729273371444
2037,1.39935962677855,1.43539012304075,1.17693690298617,0.804999387407598,1.98257185931415,1.98612653406604,1.29344839083972,1.2138267520891,1.2851097339193,1.85074934816751,1.69530421856941,1.18838991042006,1.55151780491678,1.11278234567766,1.1235577669321,1.19053207118307,0.992199627179287,1.09779102578546,1.12699404724384,1.56215926329575
2038,1.4275924478263,1.46170038372296,1.19517573463428,0.817941931975462,2.01408684660206,2.01780239409134,1.31617776455585,1.23692448838875,1.3029466174843,1.88213553921257,1.72705260747568,1.2080562516936,1.58221723967319,1.12865499215594,1.14009802302293,1.21144487845145,1.01007136672253,1.121627435412,1.15019587411204,1.59686658437968
2039,1.45610134334498,1.48821692439122,1.21355051858956,0.831026026019093,2.04580816157066,2.04969479543909,1.33907246121488,1.26021127759156,1.3209236354596,1.91379018735865,1.75911887912725,1.22786579972996,1.61319546457466,1.14464957359206,1.15676227441367,1.23253708077807,1.0280970146073,1.14569094084115,1.17361368637088,1.63189203281271
2040,1.48487465972512,1.51492939332107,1.23205539811032,0.844248736407924,2.07772419114396,2.08179437450912,1.36212274918313,1.2836777404906,1.33903795313174,1.94571018867899,1.79149930516499,1.24781052544191,1.64444086105602,1.16075853628419,1.17354507013081,1.25380147973163,1.04626847272031,1.16997202351753,1.19723676262862,1.66722319902734
2041,1.51390074335721,1.54182743878808,1.25068451645485,0.857607130011388,2.10982332224599,2.11409176770124,1.38531889682691,1.30731449787894,1.35728673578723,1.97789243924681,1.82419015722981,1.26788239974223,1.67594181055208,1.17697432653052,1.19044095920082,1.2752308768808,1.06457764294827,1.19446116488578,1.22105438149353,1.70284767345606
2042,1.54316794063178,1.5689007090678,1.26943201688144,0.871098273698921,2.14209394180076,2.1465776114153,1.40865117251254,1.33111217054962,1.37566714871261,2.01033383513533,1.8571877069626,1.28807339354367,1.70768669449765,1.19328939062924,1.20744449065018,1.29681807379426,1.08301642717788,1.21914884639054,1.2450558215739,1.73875304653135
2043,1.57266459793933,1.59613885243579,1.28829204264841,0.884719234339954,2.1745244367323,2.17924254205111,1.43210984460635,1.35506137929572,1.39417635719441,2.04303127241779,1.89048822600424,1.30837547775901,1.73966389432757,1.20969617487854,1.22455021350538,1.31855587204069,1.10157672729584,1.24402554947646,1.26923036147797,1.77492690868572
2044,1.60237906167037,1.62353151716761,1.30725873701403,0.898467078803923,2.20710319396463,2.21207719600849,1.45568518147465,1.3791527449103,1.41281152651914,2.07598164716739,1.92408798599564,1.32878062330101,1.77186179147664,1.22618712557659,1.2417526767929,1.34043707318877,1.12025044518886,1.26908175558815,1.29356727981403,1.81135685035164
2045,1.63229967821543,1.65106835153881,1.32632624323661,0.91233887396026,2.23981860042177,2.24507220968729,1.47936745148375,1.40337688818642,1.43156982197335,2.10918185545738,1.95798325857768,1.34928080108243,1.80426876737969,1.24275468902159,1.25904642953921,1.36245447880717,1.13902948274363,1.29430794617027,1.31805585519034,1.84803046196163
2046,1.662414793965,1.67873900382494,1.34548870457446,0.926331686678399,2.27265904302773,2.27821821948731,1.50314692299999,1.42772442991714,1.45044840884355,2.14262879336098,1.99217031539125,1.36986798201605,1.83687320347154,1.25939131151172,1.2764260207708,1.38460089046457,1.15790574184688,1.31969460266745,1.34268536621518,1.88493533394817
2047,1.69271275530961,1.70653312230156,1.36474026428585,0.940442583827774,2.30561290870653,2.31150586180839,1.52701386438967,1.45218599089551,1.46944445241628,2.17631935695141,2.02664542807726,1.39053413701462,1.869663481187,1.27608943934517,1.29388599951414,1.40686910972966,1.17687112438529,1.34523220652432,1.36744509149682,1.92205905674374
2048,1.72318190863976,1.73444035524424,1.38407506562909,0.954668632277819,2.33866858438221,2.34492577305035,1.55095854401911,1.47675219191462,1.48855511797806,2.2102504423019,2.06140486827658,1.41127123699092,1.90262798196089,1.29284151882011,1.31142091479572,1.42925193817111,1.19591753224557,1.37091123918553,1.39232430964352,1.95938922078085
2049,1.75381060034597,1.76245035092851,1.40348725186248,0.969006898897967,2.37181445697877,2.37846858961303,1.57497123025464,1.5014136537675,1.50777757081542,2.24441894548567,2.09644490763011,1.43207125285771,1.93575508722803,1.30963999623475,1.32902531564202,1.45174217735761,1.21503686731443,1.3967221820957,1.41731229926356,1.99691341649199
2050,1.78458717681875,1.79055275762995,1.42297096624432,0.983454450557652,2.40503891342024,2.41212494789623,1.59904219146256,1.52616099724724,1.52710897621488,2.27882176257596,2.13176181777874,1.45292615552776,1.96903317842325,1.32647731788725,1.34669375107952,1.47433262885782,1.23422103147857,1.42265551669948,1.4423983389652,2.03461923430965
2051,1.8154999844486,1.8187372236241,1.4425203520329,0.998008354126308,2.43833034063064,2.4458854842998,1.6231616960092,1.55098484314688,1.54654649946298,2.31345578964598,2.16735187036337,1.47382791591383,2.00245063698135,1.34334593007582,1.3644207701347,1.49701609424044,1.25346192662469,1.44870172444151,1.46757170735672,2.07249426466632
2052,1.84653736962605,1.84699339718653,1.46212955248652,1.01266567647337,2.47167712553398,2.47974083522355,1.64732001226089,1.57587581225949,1.56608730584624,2.34831792276896,2.20321133702488,1.49476850492869,2.03599584433716,1.36023827909863,1.38220092183403,1.51978537507413,1.27275145463951,1.47485128676641,1.49282168304638,2.1105260979945
2053,1.87768767874161,1.87531092659278,1.48179271086347,1.02742348446827,2.5050676550543,2.51368163706732,1.67150740858392,1.60082452537813,1.58572856065118,2.38340505801814,2.23933648940417,1.5157398934851,2.0696571819255,1.37714681125387,1.40002875520401,1.54263327292758,1.29208151740971,1.50109468511883,1.51813754464247,2.14870232472667
2054,1.90893925818578,1.90367946011841,1.50150397042206,1.04227884498044,2.5384903161156,2.54769852623093,1.69571415334463,1.62582160329586,1.60546742916435,2.41871409146672,2.27572359914214,1.53673405249584,2.10342303118119,1.39406397283972,1.41789881927111,1.56555258936946,1.31144401682201,1.5274224009434,1.54350857075324,2.18701053529533
2055,1.94028045434908,1.93208864603899,1.52125747442057,1.05722882487931,2.5719334956419,2.5817821391142,1.71993051490933,1.65085766680575,1.62530107667226,2.45424191918795,2.31236893787966,1.55774295287366,2.13728177353904,1.41098221015437,1.43580566306181,1.58853612596847,1.33083085476312,1.55382491568477,1.56892403998697,2.22543832013298
2056,1.97169961362202,1.96052813263006,1.54104736611732,1.07227049103433,2.60538558055724,2.61592311211696,1.74414676164434,1.67592333670086,1.64522666846144,2.48998543725504,2.34926877725764,1.57875856553134,2.17122179043387,1.42789396949601,1.45374383560259,1.61157668429326,1.35023393311972,1.58029271078756,1.59437323095192,2.2639732696721
2057,2.00318508239511,1.98898756816718,1.56086778877058,1.08740091031491,2.63883495778563,2.65011208163903,1.76835316191598,1.70100923377425,1.66524136981841,2.52594154174123,2.38641938891697,1.59977286138164,2.20523146330051,1.44479169716282,1.47170788591993,1.63466706591253,1.36964515377854,1.60681626769641,1.61984542225637,2.30260297434519
2058,2.03472520705886,2.01745660092591,1.58071288563867,1.10261714959051,2.67227001425108,2.68433968408025,1.79253998409057,1.72610597881897,1.68534234602972,2.56210712871973,2.42381704449853,1.62077781133732,2.23929917357377,1.46166783945298,1.48969236304031,1.65780007239495,1.38905641862627,1.63338606785597,1.6453298925086,2.34131502458474
2059,2.0663083340038,2.0459248791818,1.60057679997988,1.11791627573054,2.70567913687762,2.71859655584044,1.81669749653442,1.7512041926281,1.70552676238188,2.59847909426377,2.46145801564322,1.64176538631116,2.27341330268847,1.47851484266469,1.50769181599022,1.6809685053092,1.40845962954961,1.65999259271086,1.67081592031686,2.38009701082324
2060,2.09792280962042,2.07438205121041,1.6204536750525,1.13329535560445,2.73905071258928,2.75287333331942,1.84081596761386,1.77629449599468,1.72579178416141,2.63505433444659,2.49933857399194,1.66272755721592,2.30756223207943,1.49532515309613,1.52570079379613,1.70416516622397,1.42784668843528,1.68662632370573,1.69629278428942,2.41893652349319
2061,2.12955698029924,2.1028177652873,1.64033765411484,1.14875145608167,2.77237312831006,2.78716065291702,1.86488566569519,1.8013675097118,1.74613457665486,2.6718297453414,2.53745499118557,1.68365629496436,2.34173434318146,1.51209121704548,1.54371384548453,1.72738285670792,1.44720949716997,1.71327774228521,1.72174976303457,2.45782115302707
2062,2.16119919243077,2.13122166968802,1.66022288042518,1.16428164403162,2.80563477096398,2.82144915103307,1.88889685914475,1.8264138545725,1.76655230514874,2.70880222302143,2.575803538865,1.70454357046925,2.37591801742939,1.52880548081093,1.56172552008189,1.75061437832974,1.46653995764039,1.73993732989394,1.74717613516057,2.49673848985739
2063,2.19283779240553,2.15958341268812,1.68010349724184,1.17988298632376,2.83882402747508,2.85572946406739,1.91283981632884,1.85142415136985,1.78704213492959,2.74596866355991,2.61438048867113,1.72538135464336,2.41010163625804,1.54546039069067,1.5797303666147,1.77385253265811,1.48582997173324,1.76659556797655,1.77256117927568,2.53567612441663
2064,2.22446112661403,2.18789264256317,1.69997364782309,1.1955525498275,2.87192928476737,2.8899922284198,1.93670480561379,1.8763890208969,1.80760123128393,2.78332596303006,2.65318211224486,1.74616161839946,2.44427358110222,1.56204839298287,1.59772293410943,1.7970901212617,1.50507144133523,1.79324293797768,1.79789417398819,2.57462164713729
2065,2.25605754144677,2.21613900758871,1.71982747542725,1.21128740141228,2.90493892976487,2.92422808049014,1.96048209536592,1.90129908394673,1.82822675949828,2.82087101750511,2.69220468122706,1.7668763326503,2.47842223339676,1.57856193398573,1.61569777159257,1.82031994570919,1.52425626833306,1.81986992134198,1.82316439790635,2.61356264845186
2066,2.28761538329427,2.24431215604031,1.7396591233126,1.22708460794754,2.93784134939159,2.95842765667823,1.98416195395153,1.92614496131239,1.84891588485918,2.85860072305828,2.73144446725864,1.78751746830866,2.51253597457647,1.59499345999743,1.63364942809059,1.84353480756928,1.54337635461343,1.84646699951407,1.84836112963845,2.65248671879283
2067,2.31912299854705,2.27240173619352,1.75946273473745,1.24294123630271,2.97062493057157,2.99258159338389,2.00773464973696,1.95091727378695,1.86966577265316,2.8965119757628,2.77089774198048,1.8080769962873,2.54660318607617,1.61133541731616,1.65157245262999,1.86672750841062,1.56242360206306,1.87302465393859,1.87347364779275,2.69138144859269
2068,2.35056873359561,2.3003973963239,1.77923245296009,1.25885435334722,3.00327806022882,3.02668052700696,2.03119045108852,1.97560664216346,1.89047358816673,2.9346016716919,2.81056077703348,1.82854688749899,2.58061224933068,1.6275802522401,1.66946139423723,1.8898908498019,1.58138991256863,1.89953336606018,1.89849123097751,2.73023442828394
2069,2.38196792673111,2.32831627050268,1.79897658601192,1.27482695397594,3.03581866737688,3.06073960569821,2.0545455122449,2.0002284752487,1.91134318168612,2.97287343778799,2.85043342939639,1.84894028228172,2.61458308266769,1.64373911866218,1.68732480468059,1.91303650969553,1.6002878408858,1.9260129174884,1.92343119584901,2.76906672102031
2070,2.41334671936636,2.35618501248509,1.81870885212351,1.29086481332075,3.06827537003847,3.09478258431455,2.07782492851211,2.0248067812154,1.93228102646897,3.01133382695584,2.89051918708462,1.86927767476078,2.64854624787686,1.65983012907032,1.70517623837674,1.93618277765458,1.61913739666309,1.95249168576663,1.94832069893458,2.80791075123489
2071,2.44470966257436,2.38400755007264,1.83843150985194,1.30696916860658,3.10065258865137,3.12881300931504,2.10103237985749,2.04934507990562,1.95328822225895,3.04998412421223,2.930819768294,1.88956206652987,2.68250609158591,1.67585616765522,1.72301774832474,1.95933237266373,1.63794166412659,1.97897304624022,1.97316377864912,2.84677115127912
2072,2.47606130742811,2.41178781106686,1.85814681775428,1.32314125705835,3.13295474365338,3.16283442715871,2.12417154624835,2.0738468911614,1.97436586879973,3.08882561457396,2.97133689122037,1.9097964591827,2.71646696042258,1.69182011860758,1.74085138752366,1.98248801370767,1.65670372750234,2.00546037425456,1.99796447340753,2.88565255350449
2073,2.5074062050006,2.43952972326926,1.8778570343876,1.33938231590102,3.16518625548228,3.19685038430461,2.14724610765202,2.09831573482478,1.99551506583496,3.1278595830578,3.01207227405957,1.92998385431298,2.75043320101461,1.70772486611811,1.75867920897258,2.00565241977109,1.67542667101642,2.03195704515499,2.02272682162468,2.92455959026247
2074,2.53874890636484,2.46723721448138,1.89756441830897,1.35569358235951,3.19735154457585,3.23086442721178,2.17025974403581,2.12275513073781,2.01673691310832,3.16708731468053,3.05302763500746,1.95012725351441,2.78440915998974,1.7235732943775,1.77650326567054,2.02882830983866,1.6941135788949,2.0584664342869,2.04745486171549,2.96349689390453
2075,2.57009396259383,2.49491421250472,1.91727122807546,1.37207629365875,3.22945503137187,3.26488010233926,2.19321613536706,2.14716859874253,2.03803251036348,3.20651009445893,3.09420469225987,1.97022965838069,2.8183991839757,1.73936828757645,1.79432561061663,2.05201840289507,1.71276753536383,2.08499191699564,2.07215263209483,3.00246909678213
2076,2.60144592476056,2.52256464514082,1.93697972224416,1.38853168702369,3.26150113630815,3.29890095614609,2.21611896161309,2.17155965868099,2.0594029573441,3.24612920740979,3.13560516401265,1.99029407050554,2.85240761960023,1.75511272990566,1.81214829680991,2.07522541792502,1.73139162464929,2.11153686862658,2.09682417117761,3.04148083124675
2077,2.63280934393803,2.5501924401912,1.95669215937212,1.40506099967925,3.29349427982245,3.33293053509131,2.23897190274121,2.19593183039522,2.08084935379386,3.28594593854989,3.17723076846163,2.01032349148265,2.88643881349106,1.77080950555583,1.82997337724945,2.09845207391318,1.74998893097733,2.13810466452509,2.12147351737872,3.08053672964986
2078,2.66418877119925,2.57780152545737,1.97641079801642,1.42166546885037,3.32543888235258,3.36697238563396,2.26177863871875,2.22028863372728,2.10237279945641,3.32596157289601,3.21908322380266,2.03032092290574,2.92049711227594,1.78646149871766,1.84780290493431,2.12170108984423,1.76856253857403,2.16469868003653,2.14610470911305,3.11964142434294
2079,2.69558875761721,2.60539582874086,1.99613789673414,1.43834633176199,3.35733936433631,3.4010300542331,2.28454284951304,2.24463358851919,2.12397439407543,3.36617739546493,3.26116424823159,2.05028936636851,2.95458686258259,1.80207159358185,1.86563893286356,2.14497518470287,1.78711553166544,2.19132229050627,2.17072178479549,3.15879954767744
2080,2.72701385426491,2.63297927784319,2.01587571408234,1.45510482563904,3.38920014621142,3.43510708734775,2.30726821509139,2.26897021461302,2.14565523739458,3.40659469127344,3.30347555994425,2.07023182346466,2.98871241103876,1.81764267433909,1.88348351403627,2.16827707747379,1.80565099447764,2.21797887127968,2.19532878284094,3.19801573200485
2081,2.75846861221535,2.66055580056588,2.0356265086181,1.47194218770645,3.42102564841571,3.46920703143697,2.32995841542113,2.2933020318508,2.16741642915753,3.44721474533831,3.3460188771365,2.0901512957879,3.02287810427219,1.8331776251801,1.90133870145151,2.19160948714165,1.82417201123668,2.24467179770212,2.21992974166428,3.23729460967664
2082,2.78995758254152,2.68812932471045,2.05539253889849,1.48885965518917,3.45282029138696,3.50333343295978,2.35261713046958,2.31763256007458,2.18925906910795,3.48803884267633,3.38879591800416,2.11005078493194,3.0570882889106,1.84867933029556,1.91920654810834,2.21497513269115,1.84268166616864,2.27140444511896,2.24452869968042,3.27664081304427
2083,2.82148531631644,2.71570377807843,2.07517606348059,1.50585846531212,3.48458849556296,3.53748983837524,2.37524804020406,2.34196531912639,2.21118425698951,3.52906826830427,3.43180840074309,2.12993329249049,3.09134731158174,1.86415067387619,1.93708910700584,2.23837673310698,1.86118304349957,2.29818018887556,2.26912969530425,3.31605897445921
2084,2.85305636461309,2.74328308847134,2.09497934092145,1.52293985530024,3.51633468138149,3.57167979414239,2.39785482459191,2.36630382884829,2.23319309254586,3.57030430723893,3.47505804354912,2.14980182005723,3.12565951891334,1.87959454011267,1.95498843114306,2.26181700737382,1.87967922745555,2.3250024043173,2.29373676695066,3.35555372627295
2085,2.88467527850448,2.77087118369069,2.11480462977817,1.54010506237846,3.54806326928034,3.60590684672026,2.42044116360043,2.39065160908232,2.25528667552069,3.61174824449709,3.5185465646181,2.1696593692259,3.16002925753314,1.8950138131957,1.97290657351907,2.28529867447635,1.89817330226263,2.35187446678953,2.31835395303453,3.39512970083694
2086,2.9163466090636,2.79847199153801,2.1346541886078,1.55735532377173,3.57977867969729,3.64017454256791,2.44301073719695,2.41501217967052,2.27746610565765,3.65340136509552,3.56227568214588,2.18950894159018,3.19446087406888,1.91041137731599,1.99084558713295,2.30882445339927,1.91666835214689,2.37879975163762,2.34298529197078,3.43479153050267
2087,2.94807490736346,2.82608943981483,2.15453027596742,1.57469187670497,3.61148533307014,3.67448642814436,2.46556722534879,2.43938906045493,2.29973248270042,3.695264954051,3.60624711432829,2.20935353874379,3.22895871514829,1.92579011666424,2.00880752498376,2.33239706312724,1.93516746133438,2.40578163420694,2.36763482217428,3.47454384762159
2088,2.97986472447705,2.85372745632265,2.17443515041411,1.59211595840311,3.64318764983665,3.70884604990867,2.48811430802329,2.4637857712776,2.32208690639267,3.73734029638033,3.65046257936117,2.22919616228042,3.26352712739911,1.94115291543114,2.02679444007057,2.35601922264497,1.95367371405118,2.43282348984285,2.39230658205993,3.51439128454519
2089,3.01172061147738,2.88138996886302,2.19437107050492,1.6096288060911,3.67489005043463,3.74325695431987,2.51065566518775,2.48820583198058,2.34453047647805,3.77962867710027,3.69492379544038,2.2490398137938,3.29817045744907,1.9565026578074,2.04480838539244,2.37969365093713,1.97219019452335,2.45992869389073,2.41700461004263,3.55433847362492
2090,3.04364711943743,2.90908090523744,2.21434029479695,1.62723165699387,3.70659695530186,3.77772268783701,2.53319497680951,2.51265276240589,2.36706429270023,3.82213138122762,3.73963248076175,2.26888749487761,3.33289305192592,1.97184222798371,2.06285141394844,2.40342306698842,1.99071998697695,2.48710062169593,2.44173294453727,3.59439004721228
2091,3.07564879943022,2.93680419324743,2.23434508184726,1.64492574833635,3.73831278487612,3.81224679691913,2.55573592285588,2.5371300823956,2.38968945480289,3.86484969377915,3.78459035352113,2.28874220712558,3.36769925745739,1.98717451015077,2.08092557873764,2.42721018978351,2.00926617563805,2.51434264860382,2.46649562395874,3.63455063765872
2092,3.10773020252873,2.96456376069453,2.25438769021291,1.66271231734348,3.7700419595952,3.84683282802527,2.57828218329419,2.56164131179174,2.4124070625297,3.90778489977165,3.82979913191435,2.30860695213139,3.40259342067122,2.00250238849929,2.09903293275911,2.45105773830708,2.02783184473271,2.54165814995978,2.49129668672193,3.67482487731571
2093,3.13989587980598,2.99236353538025,2.27447037845099,1.6805926012402,3.80178889989689,3.88148432761447,2.60083743809176,2.58618997043636,2.43521821562431,3.95093828422189,3.87526053413726,2.32848473148877,3.43757988819513,2.01782874721995,2.11717552901191,2.47496843154384,2.046420078487,2.56905050110916,2.51614017124174,3.71521739853473
2094,3.17215038233495,3.02020744510612,2.29459540511857,1.69856783725143,3.83355802621897,3.91620484214578,2.62340536721591,2.6107795781715,2.45812401383039,3.99431113214667,3.92097627838571,2.34837854679141,3.47266300665688,2.03315647050348,2.13535542049511,2.49894498847845,2.06503396112698,2.59652307739733,2.54103011593306,3.75573283366725
2095,3.20449826118865,3.04809941767364,2.31476502877271,1.71663926260211,3.86535375899922,3.95099791807823,2.64598965063397,2.6354136548392,2.48112555689162,4.03790472856276,3.96694808285554,2.36829139963302,3.5078471226842,2.04848844254055,2.15357466020778,2.52299012809561,2.08367657687872,2.62407925416966,2.56597055921079,3.79637581506474
2096,3.23694406744007,3.07604338088436,2.33498150797049,1.73480811451718,3.89718051867543,3.98586710187086,2.66859396831326,2.66009572028151,2.50422394455167,4.08172035848694,4.01317766574258,2.38822629160731,3.54313658290482,2.06382754752187,2.17183530114899,2.54710656938,2.10235100996829,2.65172240677151,2.59096553948981,3.83715097507867
2097,3.26949235216222,3.10404326253978,2.35524710126899,1.75307563022157,3.9290427256854,4.02081593998273,2.69122200022109,2.68482929434047,2.52742027655419,4.125759306936,4.05966674524269,2.40818622430798,3.57853573394647,2.07917666963815,2.1901393963178,2.57129703131631,2.12106034462174,2.67945591054825,2.61601909518502,3.87806294606051
2098,3.30214766642809,3.13210299044143,2.37556406722526,1.77144304694022,3.9609448004669,4.05584797887287,2.71387742632481,2.70961789685812,2.55071565264285,4.17002285892671,4.1064170395517,2.42817419932874,3.61404892243691,2.09453869308007,2.20848899871327,2.59556423288922,2.13980766506514,2.70728314084525,2.64113526471132,3.91911636036173
2099,3.33491456131069,3.16022649239084,2.3959346643964,1.78991160189806,3.99289116345772,4.09096676500032,2.73656392659171,2.73446504767652,2.57411117256133,4.21451229947587,4.15343026686545,2.44819321826329,3.64968049500386,2.10991650203835,2.22688616133449,2.61991089308341,2.15859605552457,2.73520747300786,2.66631808648359,3.96031585033381
