"year","ACCESS-CM2","ACCESS-ESM1-5","CAMS-CSM1-0","CanESM5-CanOE","CanESM5","CESM2-WACCM","CMCC-ESM2","CNRM-CM6-1","EC-Earth3-CC","HadGEM3-GC31-MM","INM-CM4-8","INM-CM5-0","MIROC-ES2L","NorESM2-LM","NorESM2-MM","UKESM1-0-LL"
1850,0.226858005165798,0.109360762363774,-0.00633296491243574,0.0261575085864178,-0.080820068941866,0.0673039465068845,-0.0594460582345548,0.445383978229247,0.28757559867696,0.323480982361578,-0.134388105289607,-0.0799491115017265,0.0196069603967093,0.0145486522095574,0.167389065956294,0.233533974831894
1851,0.218244631519815,0.104730481249402,-0.00948799411520524,0.0222646804428771,-0.0807815892796546,0.0639106748141915,-0.0621182107278779,0.429057425461124,0.271434155175149,0.311989024909329,-0.13270613429738,-0.0802583046574458,0.0177869237426065,0.0147086631617002,0.161901297921573,0.227642013695366
1852,0.209742664528915,0.100170728646131,-0.0125565423610716,0.0184648570314862,-0.0806909598956726,0.0605733493598704,-0.06467810057895,0.412958447923802,0.255584745957445,0.300643063711457,-0.131000073709489,-0.0805146157939046,0.016009423168143,0.0148555269837336,0.156473164459581,0.221798320598111
1853,0.201352501782554,0.09568075134976,-0.0155370215388376,0.0147570696592298,-0.0805499857234158,0.0572911233060123,-0.0671256603009788,0.397086506769401,0.240030338668192,0.289443351571493,-0.129269426726098,-0.0807179838591408,0.0142740115084637,0.0149877714807626,0.151104168241458,0.216000629196794
1854,0.193074540870189,0.0912597961560886,-0.0184278435373063,0.0111403496330929,-0.0803604716963803,0.0540631498147082,-0.0694608224071721,0.381441063150039,0.224773900951739,0.278390141292966,-0.127513696547372,-0.0808683478011926,0.0125802415987135,0.0151039244578921,0.145793811938341,0.210246673148082
1855,0.184909179381275,0.0869071098609162,-0.0212274202452805,0.00761372826006008,-0.0801242227480618,0.0508885820480492,-0.0716835194107379,0.366021578217835,0.209818400452431,0.267483685679409,-0.125732386373475,-0.0809656465680978,0.0109276662740373,0.0152025137202268,0.14054159822137,0.204534186108644
1856,0.176856814905268,0.0826219392600418,-0.0239341635515631,0.00417623684711622,-0.0798430438119561,0.0477665731681263,-0.0737936838248837,0.350827513124908,0.195166804814616,0.256724237534349,-0.123924999404571,-0.0810098191078945,0.00931583836957999,0.0152820670728716,0.135347029761682,0.198860901735145
1857,0.168917845031624,0.0784035311492649,-0.0265464853449571,0.000826906701246077,-0.0795187398215593,0.0446962763370307,-0.0757912481628175,0.335858329023378,0.180822081682639,0.24611204966132,-0.122091038840824,-0.0810008043686206,0.00774431072048643,0.0153411123209314,0.130209609230418,0.193224553684254
1858,0.1610926673498,0.0742511323243846,-0.0290627975142654,-0.00243523087056555,-0.0791531157103671,0.0416768447168534,-0.0776761449377471,0.321113487065362,0.166787198700848,0.23564737486385,-0.120230007882398,-0.0809385412983141,0.00621263616190153,0.0153781772695111,0.125128839298714,0.187622875612637
1859,0.153381679449252,0.0701639895812002,-0.0314815119482909,-0.00561114456133389,-0.0787479764118754,0.0387074314696855,-0.0794483066628802,0.306592448402981,0.15306512351359,0.225330465945469,-0.118341409729458,-0.080822968845013,0.00472036752897017,0.0153917897237154,0.12010422263771,0.182053601176961
1860,0.145785278919435,0.0661413497155111,-0.0338010405358364,-0.00870180306407414,-0.07830512685958,0.0357871897576181,-0.0811076658514247,0.292294674188352,0.13965882376521,0.21516157570971,-0.116424747582167,-0.0806540259567552,0.00326705765683725,0.0153804774886493,0.115135261918545,0.176514464033894
1861,0.138303863349805,0.0621824595231165,-0.0360197951657049,-0.0117081750718015,-0.0778263719869769,0.0329152727427422,-0.0826541550165883,0.278219625573596,0.126571267100056,0.205140956960101,-0.114479524640691,-0.0804316515815788,0.00185225938064765,0.0153427683694176,0.110221459812356,0.171003197840102
1862,0.130937830329819,0.0582865657998156,-0.0381361877266993,-0.0146312292775313,-0.077313516727562,0.0300908335871488,-0.0840877066715789,0.26436676371083,0.113805421162474,0.195268862500173,-0.112505244105192,-0.0801557846675218,0.000475525535546259,0.0152771901711251,0.105362318990283,0.165517536252253
1863,0.123687577448932,0.0544529153414078,-0.0401486301076225,-0.0174719343742785,-0.0767683660148309,0.0273130254529292,-0.0854082533296043,0.250735549752174,0.101364253596811,0.185545545133457,-0.110501409175835,-0.079826364162622,-0.000863591043322026,0.0151822706988767,0.100557342123465,0.160055212927014
1864,0.116553502296601,0.0506807549436924,-0.0420555341972775,-0.0202312590550586,-0.0761927247822798,0.0245810015021743,-0.0866157275038723,0.237325444849746,0.0892507320474137,0.175971257663483,-0.108467523052785,-0.0794433290149176,-0.00216553752081232,0.0150565377577773,0.0958060318830387,0.154613961521052
1865,0.109536002462282,0.0469693314024685,-0.043855311884467,-0.0229101720128866,-0.0755883979634043,0.0218939148969751,-0.0877100617075906,0.224135910155666,0.0774678241586283,0.166546252893782,-0.106403088936206,-0.0790066181724464,-0.00343076106177974,0.0148985191529317,0.091107890940144,0.149191515691034
1866,0.10263547553543,0.0433178915135356,-0.0455463750579941,-0.0255096419407779,-0.0749571904917005,0.0192509187994229,-0.0886911884539671,0.211166406822053,0.0660184975748018,0.157270783627883,-0.104307610026261,-0.0785161705832465,-0.00465970883107939,0.0147067426894448,0.0864624219659193,0.143785609093627
1867,0.0958523191055022,0.0397256820726928,-0.0471271356066616,-0.0280306375317476,-0.0743009073006641,0.0166511663716086,-0.0895590402562097,0.198416396001025,0.0549057199402806,0.148145102669317,-0.102180589523115,-0.0779719251953558,-0.00585282799356639,0.0144797361724214,0.0818691276315031,0.138393975385498
1868,0.0891869307619539,0.0361919498757394,-0.0485960054192725,-0.0304741274788109,-0.073621353323791,0.0140938107756234,-0.090313549627526,0.185885338844702,0.0441324588994116,0.139169462821616,-0.100021530626932,-0.0773738209568123,-0.00701056571409584,0.0142160274069663,0.077327510608034,0.133014348223315
1869,0.0826397080942412,0.0327159417184748,-0.0499513963846297,-0.032841080474983,-0.0729203334945771,0.0115780051735582,-0.0909546490811239,0.173572696505202,0.0337016820965412,0.130344116888308,-0.097829936537877,-0.0767217968156541,-0.00813336915752285,0.0139141441981845,0.0728370735666507,0.127644461263745
1870,0.0762110486918203,0.0292969043966981,-0.051191720391536,-0.0351324652132792,-0.0721996527465183,0.00910290272750425,-0.0914822711302112,0.161477930134644,0.0236163571760163,0.121669317672924,-0.0956053104561132,-0.076015791719919,-0.00922168548870254,0.0135726143511808,0.0683973191784917,0.122282048163454
1871,0.0699013501441472,0.0259340847062087,-0.0523153893287944,-0.0373492503867147,-0.0714611160131103,0.00666765659955251,-0.0918963482879957,0.149600500885147,0.0138794517821834,0.113145317978996,-0.093347155581805,-0.0752557446176451,-0.01027596187249,0.01318996567106,0.0640077501146956,0.11692484257911
1872,0.0637110100406779,0.0226267294428059,-0.0533208150852077,-0.0394924046883047,-0.0707065282278492,0.00427141995179407,-0.0921968130676852,0.137939869908831,0.00449393355938918,0.104772370610053,-0.0910549751151166,-0.0744415944568704,-0.0112966454737404,0.0127647259629269,0.0596678690464011,0.11157057816738
1873,0.0576404259708685,0.0193740854022889,-0.054206409549579,-0.0415628968110644,-0.0699376943242307,0.00191334594632002,-0.0923835979824875,0.126495498357813,-0.00453722984801969,0.0965507283696252,-0.0887282722562124,-0.0735732801856328,-0.0122841834573088,0.0122954230318866,0.0553771786447466,0.106216988584931
1874,0.0516899955241749,0.016175399380457,-0.0549705846107111,-0.043561695448009,-0.0691564192357508,-0.00040741225477858,-0.0924566355456104,0.115266847384214,-0.0132110707956966,0.0884806440612437,-0.0863665502052563,-0.0726507407519703,-0.0132390229880503,0.0117805846830437,0.0511351815808709,0.10086180748843
1875,0.0458601162900532,0.0130299181731095,-0.0556117521574068,-0.0454897692921537,-0.0683645078959053,-0.00269170148941066,-0.0924158582702617,0.104253378140151,-0.0215246216392949,0.0805623704884386,-0.0839693121624127,-0.0716739151039208,-0.01416161123082,0.0112187387215031,0.0469413805259124,0.095502768534545
1876,0.0401511858579595,0.00993688857604559,-0.0561283240784692,-0.0473480870365137,-0.06756376523819,-0.00494036859548513,-0.0922611986696493,0.0934545517777446,-0.0294749147344679,0.0727961604547405,-0.0815360613278457,-0.0706427421895225,-0.0150523953504731,0.0106084129523698,0.0427952781510099,0.090137605379942
1877,0.0345636018173497,0.00689555738506465,-0.0565187122627011,-0.0491376173741043,-0.0667559961961009,-0.00715426041091094,-0.0919925892569809,0.0828698294491128,-0.037058982436869,0.0651822667636796,-0.0790663009017195,-0.0695571609568132,-0.0159118225118646,0.00994813518074849,0.0386963771273019,0.0847640516812885
1878,0.0290977617576799,0.00390517139596591,-0.0567813285989055,-0.0508593289979407,-0.0659430057031337,-0.00933422377359701,-0.0916099625454643,0.0724986723063748,-0.0442738571021516,0.0577209422187863,-0.0765595340841982,-0.068417110353831,-0.0167403398798497,0.00923643321174411,0.0346441801259269,0.0793798410952517
1879,0.0237540632684061,0.000964977404548658,-0.0569145849758852,-0.0525141906010381,-0.0651265986927845,-0.0114811055214523,-0.0911132510483074,0.0623405415016494,-0.0511165710859689,0.0504124396235911,-0.074015264075446,-0.0672225293286137,-0.0175383946192835,0.00847183485046149,0.0306381898180237,0.0739827072784987
1880,0.0185329039389844,-0.00192577779338783,-0.0569168932824431,-0.0541031708764117,-0.064308580098549,-0.0135957524923857,-0.0905023872787178,0.0523948981870557,-0.0575841567439743,0.0432570117816244,-0.0714329940756273,-0.0659733568291995,-0.0183064338950211,0.00765286790200549,0.0266779088747307,0.0685703838876967
1881,0.0134346813588708,-0.00476784740204428,-0.0567866654073822,-0.0556272385170767,-0.0634907548539231,-0.0156790115243061,-0.0897773037499035,0.0426612035147125,-0.0636736464318213,0.0362549114964166,-0.068812227284906,-0.0646695318036263,-0.0190449048719175,0.00677806017148095,0.0227628399671866,0.0631406045795126
1882,0.00845571998585213,-0.00757469363847659,-0.0565154874854275,-0.0571021708692245,-0.0626895103072585,-0.0177448188081105,-0.0889464421853298,0.0331367906188817,-0.0693707938790754,0.0294030773644436,-0.0661559208004281,-0.0633161105702655,-0.019762276515463,0.00582912581138473,0.0188813239551314,0.0576709281347592
1883,0.00359177111041735,-0.0103573900026658,-0.0560986565079525,-0.0585407877584449,-0.0619165682686979,-0.0198044889597496,-0.0880179130595893,0.0238202453690807,-0.074668246337291,0.0226981289762775,-0.063467799847676,-0.0619179713801824,-0.0204656118284913,0.00479190677695293,0.0150234070333442,0.0521448992695672
1884,-0.00115762742892469,-0.0131131066232003,-0.0555401506487332,-0.0599396215968507,-0.0611667353644233,-0.0218549364547131,-0.0869911520125809,0.0147129080203118,-0.0795733764451042,0.0161398406265925,-0.0607485198193187,-0.0604747860804559,-0.021153249031873,0.00367112257739933,0.011191149875522,0.0465692305435809
1885,-0.00579293779366514,-0.0158390136286686,-0.0548439480815455,-0.0612952047965549,-0.0604348182206167,-0.0238930757684907,-0.0858655946842034,0.00581611882757742,-0.0840935568411515,0.00972798661006265,-0.0579987361080252,-0.0589862265181646,-0.0218235263464789,0.0024714927219377,0.00738661315536206,0.0409506345164447
1886,-0.0103146221452951,-0.018532281147659,-0.0540140269801654,-0.0626040697696702,-0.0597156234634603,-0.025915821376572,-0.0846406767143557,-0.00286878195412014,-0.088236160164069,0.00346234122136232,-0.0552191041064643,-0.0574519645403873,-0.0224747819931795,0.00119773671978181,0.00361185754656147,0.0352958237478029
1887,-0.0147231426453058,-0.0211900793087599,-0.0530543655183686,-0.0638627489283095,-0.0590039577191359,-0.0279200877544468,-0.0833158337429365,-0.0113404540697785,-0.0920085590524932,-0.00265732124483434,-0.0524102792073052,-0.0558716719942027,-0.0231053541928455,-0.000145425919854563,-0.000131056277182646,0.0296115107972997
1888,-0.0190189614551882,-0.0238095782405598,-0.0519689418699313,-0.0650677746845857,-0.0582946276138259,-0.0299027893776048,-0.0818905014098447,-0.0195975572643953,-0.0954181261450602,-0.00863122649385309,-0.0495729168032167,-0.0542450207266897,-0.0237135811663477,-0.00155327568775765,-0.00384006764217316,0.0239044082245796
1889,-0.0232025407364335,-0.0263879480716471,-0.0507617342086292,-0.0662156794506115,-0.057582439773712,-0.0318608407215355,-0.0803641153549792,-0.0276387512829683,-0.0984722340804063,-0.0144596002310197,-0.0467076722868679,-0.0525716825849269,-0.0242978011345566,-0.00302109307471369,-0.00751311587471293,0.0181812285892869
1890,-0.0272743426505329,-0.0289223589306101,-0.0494367207082382,-0.0673029956385,-0.0568622008249765,-0.0337911562617288,-0.0787361112182386,-0.035462695870495,-0.101178255497168,-0.02014266816166,-0.0438152010509277,-0.050851329415993,-0.0248563523183429,-0.0045441585715089,-0.0111481403011048,0.0124486844510659
1891,-0.0312348293589774,-0.0314099809460373,-0.0479978795425344,-0.0683262556603638,-0.0561287173938014,-0.0356906504736743,-0.077005924639522,-0.043068050771973,-0.103543563033981,-0.0256806559910998,-0.040896158488065,-0.0490836330669669,-0.0253875729385773,-0.0061177526689295,-0.0147430802476517,0.00671348836956088
1892,-0.0350844630232582,-0.0338479842465171,-0.0464491888852935,-0.0692819919283159,-0.0553767961063687,-0.0375562378328616,-0.0751729912587281,-0.0504534757324002,-0.105575529329482,-0.0310737894246647,-0.0379511999909489,-0.0472682653849273,-0.0258898012161303,-0.00773715585776174,-0.0182958750406565,0.000982352904416246
1893,-0.0388237058048665,-0.0362335389606379,-0.0447946269102916,-0.0701667368544691,-0.0546012435888605,-0.0393848328147805,-0.0732367467157558,-0.057617630496774,-0.107281527022308,-0.0363222941676807,-0.0349809809522484,-0.0454048982169528,-0.0263613753718728,-0.00939764862879183,-0.021804464006422,-0.0047380093847237
1894,-0.0424530198652933,-0.0385638152169882,-0.0430381717913045,-0.0709770228509362,-0.0537968664674589,-0.0411733498949206,-0.0711966266505038,-0.0645591748100921,-0.108668928751094,-0.0414263959254735,-0.0319861567646323,-0.0434932034101224,-0.0268006336266753,-0.011094511472806,-0.0252667864712511,-0.0104408859382146
1895,-0.0459728673660297,-0.0408359831441562,-0.0411838017021081,-0.0717093823298301,-0.0529584713683459,-0.0429187035487717,-0.069052066702871,-0.0712767684173523,-0.109745107154477,-0.0463863204033688,-0.0289673828207697,-0.0415328528115147,-0.0272059142014084,-0.0128230248805905,-0.0286807817614467,-0.0161195641964122
1896,-0.049383710468567,-0.0430472128707306,-0.0392354948164785,-0.0723603477032638,-0.0520808649177035,-0.0446178082518234,-0.0668025025127564,-0.077769071063552,-0.110517434871093,-0.0512022933066926,-0.0259253145133296,-0.0395235182682085,-0.0275755553169429,-0.0145784693429316,-0.0320443892033116,-0.0217673315996721
1897,-0.0526860113343962,-0.0451946745252995,-0.0371972293081913,-0.0729264513833499,-0.0511588537417139,-0.0462675784795654,-0.0644473697200585,-0.0840347424936891,-0.110993284539579,-0.0558745403407704,-0.0228606072349808,-0.0374648716272825,-0.0279078951941494,-0.0163561253506154,-0.0353555481231487,-0.02737747558835
1898,-0.0558802321250084,-0.0472755382364516,-0.0350729833510227,-0.0734042257822013,-0.050187244466559,-0.0478649287074873,-0.0619861039646764,-0.0900724424527611,-0.11118002879857,-0.0604032872109282,-0.0197739163783925,-0.0353565847358154,-0.0282012720538986,-0.0181512733944282,-0.0386121978472609,-0.0329432836028015
1899,-0.0589668350018949,-0.0492869741327751,-0.0328667351187484,-0.073790203311931,-0.049160843718421,-0.049406773411079,-0.0594181408865088,-0.0958808306857657,-0.111085040286704,-0.0647887596224918,-0.0166658973362335,-0.0331983294408861,-0.0284540241170611,-0.0199591939651562,-0.0418122777019511,-0.0384580430833824
1900,-0.0619462821265467,-0.0512261523428584,-0.0305824627851445,-0.0740809163846518,-0.0480744581234818,-0.0508900270658299,-0.0567429161254545,-0.1014585669377,-0.110715691642616,-0.0690311832807868,-0.0135372055011728,-0.0309897775895732,-0.0286644896045075,-0.0217751675535858,-0.0449537270135221,-0.0439150414704483
1901,-0.0648190356604548,-0.0530902429952901,-0.0282241445239868,-0.0742728974124764,-0.0469228943079236,-0.05231160414723,-0.0539598653214125,-0.106804310953563,-0.110079355504942,-0.073130783891139,-0.0103884962658795,-0.0287306010289556,-0.0288310067371086,-0.0235944746505029,-0.0480344851082767,-0.0493075662043549
1902,-0.0675855577651106,-0.0548764162186585,-0.0257957585090512,-0.0743626788075178,-0.0457009588979284,-0.0536684191307687,-0.0510684241142815,-0.111916722478351,-0.109183404512319,-0.0770877871588744,-0.00722042502302238,-0.0264204716061119,-0.028951913735735,-0.025412395746694,-0.0510524913125179,-0.0546289047254578
1903,-0.0702463106020051,-0.056581842141552,-0.0233012829141137,-0.0743467929818888,-0.0444034585196783,-0.0549573864919359,-0.0480680281439603,-0.116794461257063,-0.108035211303383,-0.0809024187893186,-0.00403364716527052,-0.0240590611681209,-0.0290255488212573,-0.0272242113329453,-0.0540056849525486,-0.0598723444741127
1904,-0.0728017563326293,-0.058203690892559,-0.0207446959129502,-0.0742217723477023,-0.0430251997993553,-0.0561754207062211,-0.0449581130503479,-0.121436187034695,-0.106642148516771,-0.0845749044877974,-0.000828818085292896,-0.0216460415620613,-0.0290502502145462,-0.0290252019000429,-0.0568920053546715,-0.0650311728906753
1905,-0.0752523571184745,-0.059739132600268,-0.0181299756793365,-0.0739841493170711,-0.0415609893631414,-0.0573194362491141,-0.0417381144733429,-0.125840559556245,-0.105011588791119,-0.0881054699596366,0.00239340682424153,-0.019181084635012,-0.0290243561364723,-0.0308106479387732,-0.0597093918451896,-0.0700986774155012
1906,-0.0775985751210318,-0.0611853373932673,-0.0154611003870486,-0.0736304563021081,-0.0400056338372188,-0.0583863475961046,-0.0384074680528443,-0.130006238566712,-0.103150904765062,-0.091494340910162,0.0056323721706638,-0.0166638622340516,-0.0289462048079063,-0.0325758299399222,-0.0624557837504058,-0.0750681454889462
1907,-0.0798408725017924,-0.0625394754001454,-0.0127420482098625,-0.073157225714926,-0.0383539398477694,-0.0593730692226822,-0.0349656094287509,-0.133931883811093,-0.101067469077238,-0.0947417430446995,0.00888742256130495,-0.0140940462062589,-0.028814134449719,-0.0343160283942763,-0.0651291203966228,-0.0799328645513659
1908,-0.0819797114222472,-0.0637987167494906,-0.00997679732155391,-0.0725609899676379,-0.0366007140209754,-0.0602765156043366,-0.0314119742409615,-0.137616155034384,-0.0987686543662823,-0.0978479020685746,0.012157902603496,-0.0114713083987126,-0.0286264832827808,-0.0360265237926218,-0.0677273411101436,-0.0846861220431159
1909,-0.0840155540438874,-0.0649602315698914,-0.0071693258958989,-0.0718382814723564,-0.0347407629830188,-0.0610936012165576,-0.0277459981293749,-0.141057711981585,-0.0962618332708315,-0.100813043687113,0.0154431569045679,-0.00879532065849155,-0.0283815895279625,-0.0377025966257447,-0.070248385217271,-0.089321205404552
1910,-0.0859488625282043,-0.0660211899899362,-0.00432361210667333,-0.0709856326411945,-0.0327688933600816,-0.0618212405348347,-0.02396711673389,-0.144255214397693,-0.093554378429522,-0.103637393605641,0.0187425300718518,-0.00606575483267442,-0.0280777914061348,-0.0393395273844313,-0.072690192044308,-0.0938314020760297
1911,-0.0877800990366889,-0.0669787621382134,-0.00144363412765311,-0.069999575886265,-0.0306799117783459,-0.0624563480346578,-0.0200747656944056,-0.147207322027705,-0.0906536624809899,-0.106321177529485,0.0220553667126787,-0.00328228276833997,-0.0277134271381682,-0.040932596559468,-0.0750507009175573,-0.0982099994979049
1912,-0.0895097257308323,-0.0678301181433115,0.00146662986738582,-0.0688766436196808,-0.0284686248639938,-0.0629958381915164,-0.0160683806508205,-0.149912694616619,-0.0875670580638716,-0.108864621163969,0.0253810114343796,-0.000444576312566958,-0.0272868349449335,-0.0424770846416408,-0.0773278511633219,-0.102450285110533
1913,-0.0911335449099583,-0.0686655513845208,0.00457250500461612,-0.0677002682964234,-0.0263586684226125,-0.063561761667537,-0.011911342387602,-0.152456637060844,-0.0840186168269365,-0.111237627621034,0.0287470092634735,0.00245722846085764,-0.0268831973299667,-0.0441644765274406,-0.0795879356035495,-0.106810221934385
1914,-0.0926469155625422,-0.0695703062416209,0.00802883411351729,-0.0665503040849993,-0.0245590810676734,-0.0642685333394717,-0.00757059548130804,-0.154918134664975,-0.0797487255331051,-0.113412598411606,0.032179068765925,0.00543184770117745,-0.0265814621215058,-0.0461742026642857,-0.0818932581805618,-0.111532115707981
1915,-0.0940496348838027,-0.0705339793439336,0.0118159155752738,-0.0654179159678093,-0.0230427736371846,-0.065101614004749,-0.00305092125997342,-0.157286367786289,-0.0747892594922406,-0.115393506839492,0.0356737798582338,0.00847788789585962,-0.0263706155274746,-0.048483461869354,-0.0842357749012221,-0.116585767948745
1916,-0.0953415000689585,-0.0715461673207807,0.01591404777107,-0.0642942689272538,-0.0217826569691545,-0.0660464644607972,0.00164289894836703,-0.159550516782063,-0.0691720940142057,-0.117184326208494,0.0392277324568997,0.0115939555323713,-0.0262396437557968,-0.0510694529598234,-0.0866074417723937,-0.121940980174106
1917,-0.0965223083132281,-0.0725964668014841,0.0203035290820903,-0.0631705279457334,-0.0207516419015912,-0.0670885455050448,0.00650608381567845,-0.161699762009574,-0.0629291044088635,-0.11878902982242,0.0428375164784223,0.0147786570981797,-0.0261775330143962,-0.0539093747528717,-0.0890002148009403,-0.127567553901491
1918,-0.0975918568118303,-0.0736744744153656,0.0249646578895191,-0.0620378580056486,-0.0199226392725031,-0.06821331793492,0.011533852013926,-0.163723283826099,-0.0560921659860768,-0.120211590985074,0.0464997218393012,0.0180305990807519,-0.0261732695111965,-0.0569804260656769,-0.0914060499937249,-0.133435290648325
1919,-0.0985499427599837,-0.0747697867917472,0.0298777325745409,-0.0608874240894,-0.0192685599198984,-0.0694062425478514,0.0167214222150749,-0.165610262588915,-0.0486931540557086,-0.12145598300026,0.0502109384560362,0.021348387967555,-0.0262158394541214,-0.0602598057154168,-0.0938169033576112,-0.139513991932036
1920,-0.0993963633529069,-0.0758720005599505,0.0350230515183401,-0.0597103911793882,-0.0187623146817853,-0.0706527801412673,0.0220640130910903,-0.167349878655299,-0.0407639439276218,-0.122526179171784,0.0539677562451269,0.0247306302460564,-0.0262942290510947,-0.0637247125192692,-0.0962247308994625,-0.14577345927005
1921,-0.100130915785819,-0.0769707123492974,0.0403809131021011,-0.0584979242580137,-0.0183768143961721,-0.071938391512596,0.0275568433139373,-0.168931312382527,-0.0323364109116793,-0.123426152803452,0.0577667651230729,0.028175932403723,-0.0263974245100402,-0.067352345294412,-0.0986214886261422,-0.152183494179796
1922,-0.100753397253937,-0.0780555187891099,0.0459316157070082,-0.057241188307677,-0.018084969901067,-0.073248537459266,0.0331951315555811,-0.170343744127877,-0.0234424303177441,-0.124159877199068,0.061604555006374,0.031682900928022,-0.0265144120388815,-0.0711199028580231,-0.100999132544514,-0.158713898178698
1923,-0.101263604952482,-0.0791160165087096,0.051655457714246,-0.0559313483107787,-0.0178596920344783,-0.0745686787787057,0.0389740964879869,-0.171576354248625,-0.0141138774556791,-0.124731325662436,0.0654777158115298,0.0352501423064207,-0.0266341778455423,-0.0750045840272804,-0.10334961866144,-0.165334472784184
1924,-0.101661336076671,-0.0801418021374185,0.0575327375049988,-0.0545595692497194,-0.0176738916344142,-0.0758842762683433,0.0448889567831198,-0.172618323102049,-0.00438262763534724,-0.125144471497364,0.06938283745504,0.0388762630263861,-0.0267457081379465,-0.0789835876193617,-0.105664902983786,-0.172015019513681
1925,-0.101946387821723,-0.0811224723045584,0.063543753460451,-0.0531170161068996,-0.017500479538883,-0.0771807907256074,0.050934931112945,-0.173458831045425,0.00571944383338858,-0.125403288007654,0.0733165098534043,0.0425598695753854,-0.0268379891240178,-0.0830341124514449,-0.107936941518413,-0.178725339884616
1926,-0.102118557382857,-0.0820476236394511,0.0696688039617871,-0.0515948538647198,-0.0173123665858929,-0.0784436829479263,0.0571072381494277,-0.17408705843603,0.0161604616406654,-0.125511748497114,0.0772753229231222,0.0462995684408858,-0.0269000070116799,-0.0871333573407078,-0.110157690272186,-0.185435235414415
1927,-0.102177641955292,-0.0829068527714186,0.0758881873901914,-0.0499842475055807,-0.0170824636134522,-0.0796584137327285,0.063401096564533,-0.174492185631142,0.0269085504766203,-0.125473826269546,0.0812558665806936,0.0500939661103545,-0.0269207480088566,-0.0912585211043284,-0.112319105251967,-0.192114507620506
1928,-0.102123438734245,-0.0836897563297826,0.0821822021268485,-0.0482763620118828,-0.016783681459569,-0.0808104438774422,0.0698117250302262,-0.174663392988038,0.0379318350313903,-0.125293494628758,0.0852547307426181,0.0539416690712585,-0.0268891983234715,-0.0953868025594844,-0.114413142464621,-0.198732958020314
1929,-0.101955744914936,-0.0843859309438649,0.0885311465529426,-0.0464623623660266,-0.0163889309622518,-0.0818852341794958,0.0763343422184722,-0.174589860863993,0.0491984399951125,-0.124974726878553,0.0892685053253953,0.057841283811065,-0.0267943441634484,-0.0994954005233538,-0.11643175791701,-0.205260388131268
1930,-0.101674357692583,-0.0849849732429874,0.0949153190496583,-0.0445334135504127,-0.0158711229595086,-0.0828682454363178,0.0829641668012365,-0.174260769616285,0.0606764900579241,-0.124521496322737,0.093293780245525,0.0617914168172412,-0.0266251717367111,-0.103561513813114,-0.118366907615998,-0.211666599470793
1931,-0.101279074262406,-0.0854764798564719,0.10131501799818,-0.0424806805474416,-0.0152031682893478,-0.0837449384453366,0.089696417450484,-0.173665299602192,0.0723341099099619,-0.123937776265115,0.0973271454195067,0.0657906745772543,-0.0263706672511834,-0.107562341245944,-0.120210547568449,-0.217921393556317
1932,-0.100769691819622,-0.0858500474136404,0.107710541779692,-0.0402953283395139,-0.0143579777897776,-0.0845007740039805,0.09652631283818,-0.172792631178989,0.0841394242413632,-0.123227540009492,0.10136519076384,0.0698376635785714,-0.0260198169147888,-0.111475081639021,-0.121954633781225,-0.223994571905266
1933,-0.10014600755945,-0.0860952725438145,0.114082188775378,-0.0379685219090301,-0.0133084622988062,-0.0851212129096778,0.103449071636289,-0.171631944703954,0.0960605577422649,-0.122394760859673,0.105404506195025,0.0739309903086596,-0.0255616069354512,-0.115276933809522,-0.123591122261191,-0.229855936035067
1934,-0.0994078186771095,-0.0862017518763163,0.120410257366424,-0.0354914262383908,-0.0120275326544419,-0.0855917159598572,0.110459912516778,-0.170172420534364,0.108065635102804,-0.121443412119463,0.109441681629561,0.0780692612549861,-0.0249850235210944,-0.118945096574626,-0.125111969015209,-0.235475287463147
1935,-0.0985549223678183,-0.0861590820404674,0.126675045934014,-0.0328552063099966,-0.010488099694693,-0.0858977439519467,0.11755405415161,-0.168403239027496,0.120122781013118,-0.120377467092668,0.113473306983948,0.0822510829050181,-0.024279052879642,-0.122456768751511,-0.126509130050143,-0.240822427706933
1936,-0.0975871158267955,-0.0859568596655898,0.132856852859331,-0.030051027106248,-0.00866307425756768,-0.086024757683375,0.124726715212752,-0.166313580540627,0.132200120163344,-0.119200899083092,0.117495972174685,0.0864750617462227,-0.0234326812190178,-0.125789149157354,-0.127774561372857,-0.245867158283852
1937,-0.0965041962492595,-0.0855846813810052,0.138935976523561,-0.0270700536095456,-0.00652536718107419,-0.0859582179515703,0.131973114372167,-0.163892625431033,0.144265777243618,-0.11791768139454,0.121506267118272,0.0907398042660671,-0.0224348947471455,-0.128919436609334,-0.128900218990213,-0.250579280711329
1938,-0.095305960830429,-0.0850321438160356,0.144892715307888,-0.0239034508022898,-0.00404788930322077,-0.0856835855539611,0.139288470301823,-0.161129554055992,0.156287876944079,-0.116531787330818,0.12550078173121,0.0950439169520184,-0.0212746796719489,-0.131824829924627,-0.129878058909075,-0.254928596506793
1939,-0.0939922067655228,-0.0842888436000028,0.150707367593495,-0.0205423836668813,-0.00120355146201569,-0.0851863212879757,0.146668001673682,-0.15801354677278,0.168234543954862,-0.11504719019573,0.129476105929996,0.0993860062915437,-0.0199410222013517,-0.134482527920413,-0.130700037136307,-0.25888490718767
1940,-0.0925627312497594,-0.0833443773622285,0.156360231761569,-0.0169780171857207,0.0020347355045328,-0.0844518859510426,0.154106927159712,-0.154533783938675,0.180073902966105,-0.113467863293082,0.133428829631132,0.10376467877211,-0.0184229085432776,-0.136869729413869,-0.131358109678772,-0.262418014271387
1941,-0.0910173314783575,-0.0821883417320347,0.161831606193293,-0.0132015163412084,0.00569406075841647,-0.08346574034059,0.161600465431876,-0.150679445910953,0.191774078667945,-0.111797779926679,0.137355542751116,0.108178540881185,-0.0167093249056504,-0.138963633222172,-0.131844232543334,-0.26549771927537
1942,-0.0893558046465358,-0.0808103333387431,0.167101789269851,-0.00920404611574499,0.00980151346162707,-0.0822133452540465,0.169143835162141,-0.146439713046892,0.203303195750519,-0.110040913400326,0.14125283520645,0.112626199106236,-0.0147892574963939,-0.140741438162501,-0.132150361736855,-0.268093823717047
1943,-0.0875779479495128,-0.0791999488116757,0.172151079372428,-0.00497677149173109,0.0143841827761563,-0.0806801614888403,0.176732255022471,-0.141803765703767,0.214629378903965,-0.108201237017828,0.145117296913631,0.117106259934729,-0.0126516925234317,-0.142180343052033,-0.132268453266199,-0.270176129113844
1944,-0.0861332770586891,-0.0778810578567427,0.176953433684407,-0.00120521909065672,0.0188367707284551,-0.0793688195820352,0.184139873775474,-0.136813491742354,0.225901071120172,-0.106718330428564,0.148588304724665,0.121326338122916,-0.010729137714059,-0.143944934373586,-0.13271048420405,-0.2725429737389
1945,-0.085424026364849,-0.0773345341810222,0.181508291549367,0.00148645166105518,0.0225859502918851,-0.078745808729832,0.19116841145388,-0.131518828763439,0.237288144737074,-0.105980767187677,0.151347659252731,0.125026094070436,-0.00942115728232886,-0.146655782890786,-0.133943983818092,-0.275943294065365
1946,-0.0853790711422871,-0.0774854804155879,0.185834174588785,0.0031991265736047,0.0257067670488046,-0.0787423777183652,0.197854443634838,-0.125921031734319,0.248790868463871,-0.105916011457618,0.15345558605609,0.128252202729844,-0.00866732216630174,-0.150224063842024,-0.13589423640769,-0.280272788910683
1947,-0.085927286665298,-0.0782589991915135,0.189949604424136,0.00403369145719194,0.0282742665815718,-0.0792897753337689,0.204234545895499,-0.120021355622291,0.260409511009763,-0.106451527400834,0.154972310693005,0.131051339053692,-0.00840720330403822,-0.15456095246569,-0.13848652627221,-0.285427157092296
1948,-0.0869975482081762,-0.0795801931398727,0.193873102676899,0.00409103212201701,0.0303634944725449,-0.0803192503621776,0.210345293813011,-0.113821055394653,0.272144341083951,-0.107514779179774,0.155958058721737,0.133470177994534,-0.00858037163359882,-0.159577624000177,-0.141646137711018,-0.291302097427649
1949,-0.0885187310452163,-0.0813741648917392,0.197623190968549,0.00347203437828,0.0320494963040821,-0.0817620515897254,0.216223262964524,-0.1073213860187,0.283995627395635,-0.10903323095689,0.156473055700547,0.135555394504923,-0.00912639809304409,-0.165185253683874,-0.145298355023479,-0.297793308734183
1950,-0.0904197104507129,-0.0835660170781866,0.201218390920563,0.00227758403618102,0.0334073176585416,-0.0835494278025466,0.221905028927188,-0.100523602461731,0.295963638654016,-0.110934346894628,0.156577527187697,0.137353663537411,-0.00998485362043455,-0.171295016755172,-0.149368462508959,-0.304796489829343
1951,-0.0926293616989606,-0.0860808523302886,0.204677224154418,0.000608566905920161,0.0345120041182817,-0.0856126277867756,0.227427167278151,-0.0934289596910425,0.308048643568294,-0.11314559115544,0.156331698741449,0.138911660044554,-0.0110953091538307,-0.177818088452463,-0.153781744466824,-0.312207339530572
1952,-0.0950765600642539,-0.088843773279119,0.20801821229159,-0.00143413120230248,0.0354386012656604,-0.0878829003285467,0.232826253594564,-0.0860387126739309,0.320250910847669,-0.115594427901773,0.155795795920063,0.140276058978902,-0.0123973356312932,-0.184665644014138,-0.158463485196438,-0.319921556655313
1953,-0.0976901808208875,-0.0917798825557514,0.211259876953557,-0.0037496244782868,0.0362621546830361,-0.0902914942139941,0.238138863453575,-0.0783541163776937,0.332570709201342,-0.118208321296077,0.155030044281802,0.14149353529301,-0.0138305039908825,-0.191748858678588,-0.163338968997168,-0.32783484002101
1954,-0.100399099243156,-0.0948142827912594,0.214420739761795,-0.00623702711183271,0.0370577099527669,-0.0927696582292521,0.243401572432334,-0.0703764257696277,0.345008307338513,-0.120914735500802,0.154094669384928,0.142610763939431,-0.0153343851706591,-0.198978907684203,-0.168333480168378,-0.335842888445105
1955,-0.103132190605354,-0.0978720766167169,0.217519322337781,-0.00879545329274008,0.0379003126572111,-0.095248641160455,0.248650956107991,-0.0621068958170302,0.357563973968382,-0.123641134678397,0.153049896787701,0.143674419870718,-0.0168485501086836,-0.206266966269374,-0.173372303009435,-0.343841400745042
1956,-0.105818330181775,-0.100878366663197,0.22057414630299,-0.0113240172108088,0.0388650083787268,-0.0976596917937371,0.253923590057695,-0.0535467814871979,0.370237977800151,-0.126314982991311,0.151955952048384,0.144731178039424,-0.0183125697430165,-0.213524209672493,-0.178380721819704,-0.351726075738264
1957,-0.108386393246715,-0.103758255561775,0.223603733278901,-0.0137218330558389,0.0400268426996723,-0.0999340589152328,0.259256049858595,-0.0446973377474281,0.383030587543019,-0.128863744601992,0.150873060725237,0.145827713398103,-0.0196660150117184,-0.220661813131951,-0.183284020898551,-0.359392612242215
1958,-0.110765255074469,-0.106436845943522,0.22662660488699,-0.0158880150176301,0.0414608612024058,-0.102002991311076,0.264684911087841,-0.0355598195650177,0.395942071906187,-0.131214883672892,0.149861448376523,0.147010700899307,-0.0208484568528498,-0.227590951886138,-0.188007484545341,-0.366736709074337
1959,-0.11288379093933,-0.108839240439514,0.229661282748733,-0.0177216772859824,0.0432421094692855,-0.103797737767402,0.270246749322582,-0.0261354819072637,0.408972699598854,-0.133295864366458,0.148981340560503,0.14832681549559,-0.0217994662044711,-0.234222801173446,-0.19247639705944,-0.373654065052074
1960,-0.114670876115593,-0.110890541680824,0.232726288485607,-0.0191219340506957,0.0454456330826695,-0.105249547070344,0.275978140139968,-0.0164255797414632,0.422122739330223,-0.135034150845139,0.148292962835439,0.149822732139505,-0.0224586140046431,-0.240468536232264,-0.196616042740213,-0.38004037899287
1961,-0.116055385877553,-0.112515852298525,0.235840143719089,-0.0199878995015698,0.0481464776249162,-0.106289668006036,0.281915659117148,-0.00643136803491309,0.435392459809492,-0.136357207271386,0.147856540759592,0.151545125783605,-0.0227654711914261,-0.246239332300986,-0.200351705887026,-0.385791349714168
1962,-0.116966195499505,-0.113640274923691,0.239021370070656,-0.0202186878284048,0.0514196886783836,-0.106849349360614,0.288095881831271,0.00384589824508945,0.448782129745863,-0.137192497807647,0.147732299891223,0.153540671380443,-0.0226596087028808,-0.251446364618,-0.203608670799245,-0.39080267603341
1963,-0.117332180255742,-0.114188912187396,0.242288489161784,-0.0197134132210004,0.0553403118254301,-0.106859839920211,0.294555383859488,0.0144049641312475,0.462292017848536,-0.137467486616372,0.147980465788595,0.155856043882573,-0.0220805974770677,-0.2560008084217,-0.206312221776234,-0.394970056768041
1964,-0.11708221542056,-0.114086866720714,0.245660022613949,-0.0183711898691566,0.0599833926484138,-0.106252388470961,0.301330740778947,0.025244574656264,0.47592239282671,-0.13710963786001,0.148661264009969,0.158537918242548,-0.0209680084520473,-0.259813838950474,-0.20838764311736,-0.398189190735503
1965,-0.116145176268253,-0.113259241154717,0.24915449204863,-0.0160911319626733,0.0654239767296929,-0.104958243798999,0.308458528166797,0.036363474852842,0.489673523389587,-0.13604641570101,0.149834920113607,0.161632969412921,-0.0192614125658801,-0.262796631442715,-0.209760219121988,-0.400355776753239
1966,-0.114449938073116,-0.111631138120481,0.252790419087301,-0.0127723536913503,0.0717371096516257,-0.10290865469046,0.315975321600189,0.0477604097536844,0.503545678246368,-0.134205284301821,0.151561659657769,0.165187872346245,-0.0169003807566267,-0.264860361136812,-0.210355234089484,-0.401365513638694
1967,-0.111925376109443,-0.109127660249078,0.256586325351441,-0.00831396924498772,0.0789978369965703,-0.100034869931477,0.323917696656272,0.0594341243914941,0.517539126106251,-0.131513707824893,0.153901708200718,0.169249301995073,-0.0138244839623476,-0.265916203271159,-0.210097972319213,-0.40111410020931
1968,-0.108500365651529,-0.105673910171583,0.260560732462525,-0.00261509281338528,0.0872812043468849,-0.0962681383081842,0.332322228912195,0.0713833637989743,0.531654135678438,-0.127899150432675,0.156915291300715,0.173863933311958,-0.00997329312110336,-0.265875333084144,-0.208913718110541,-0.399497235282531
1969,-0.104103781973669,-0.101194990519069,0.264732162042031,0.00442516141365713,0.0966622572849279,-0.0915397086067167,0.341225493945107,0.0836068730088279,0.54589097567213,-0.123289076287615,0.160662634516022,0.179078441249454,-0.00528637917095451,-0.26464892581416,-0.206727755762833,-0.396410617675799
1970,-0.0986645003501564,-0.0956160039226088,0.269119135711435,0.0129076792463395,0.107216041393057,-0.0857808296132086,0.350664067332159,0.0961033970537577,0.560249914796525,-0.117610949552164,0.165203963404901,0.184939500760114,0.0002966869500384,-0.262148156699596,-0.203465369575454,-0.391749946206559
1971,-0.0921113960552864,-0.0888620530132774,0.273740175092213,0.022933346494862,0.119017602253631,-0.0789227501137941,0.360674524650498,0.108871680966467,0.574731221760826,-0.110792234388771,0.170599503525612,0.191493786796492,0.00683633430381484,-0.258284200978845,-0.199051843847771,-0.385410919692253
1972,-0.0843733443633537,-0.0808582404221479,0.278613801805843,0.0346030489694247,0.132141985449008,-0.0708967188946075,0.371293441477276,0.121910469779658,0.589335165274232,-0.102760394959884,0.176909480436418,0.198787974311139,0.0143929919523143,-0.252968233890297,-0.19341246287915,-0.377289236950324
1973,-0.0753792205486527,-0.0715296687802941,0.283758537473802,0.0480176724802278,0.146664236561546,-0.061633984741783,0.382557393389641,0.135218508526035,0.604062014045944,-0.0934428954279534,0.184194119695579,0.20686873825661,0.0230270889574762,-0.246111430672344,-0.186472510968954,-0.367280596798217
1974,-0.065057899885478,-0.0608014407187897,0.289192903717565,0.0632781028374712,0.162659401173604,-0.0510657964414551,0.394502955964742,0.1487945422383,0.618912036785162,-0.082767199955428,0.192513646861359,0.215782753585458,0.03279905438124,-0.237624966563375,-0.178157272416551,-0.355280698053374
1975,-0.0541413795188708,-0.0492331539213757,0.294480353150323,0.0795156670913601,0.17939532835191,-0.0397483257451653,0.406498636831631,0.162475480384486,0.633401533271443,-0.0714703695665038,0.201254390250458,0.225051537353194,0.0431711247136573,-0.228109373446432,-0.169053936606855,-0.34210703874769
1976,-0.0433776844990742,-0.0374218004070909,0.299205589450202,0.0958239687460302,0.196120022305554,-0.0282679144251597,0.417933213989362,0.176115944687629,0.647093891556841,-0.0603062647871146,0.209788495640934,0.234186877840539,0.0535829566060111,-0.218217211519146,-0.159784553145816,-0.328625032672758
1977,-0.0327197319581861,-0.0253485743099558,0.303419010836083,0.112247308292578,0.212878761330437,-0.0166010662986294,0.428873668570095,0.189741248562936,0.660060012759307,-0.0492275490323168,0.218154914783079,0.243220856837861,0.0640611093620878,-0.207937698491788,-0.150326696664348,-0.314802252285568
1978,-0.022120439028304,-0.012994669763991,0.307171015526846,0.128829986222099,0.229716823722456,-0.0047242851827651,0.439386981705986,0.203376705425616,0.672370797996789,-0.0381868857171668,0.226392599427186,0.252185556135526,0.0746321422856741,-0.197260052074632,-0.140657941793367,-0.300606270043111
1979,-0.0115327228415258,-0.000341280903216862,0.310512001741373,0.145616303025689,0.246679487777511,0.00738592510524218,0.449540134529195,0.217047628690875,0.684097148387235,-0.0271369382567209,0.234540501323549,0.261113057523901,0.0853226146805564,-0.186173489977952,-0.130755863163788,-0.286004658402379
1980,-0.000909500529948992,0.0126303981383461,0.313492367698545,0.162650559194446,0.263812031791501,0.0197530607482015,0.459400108171878,0.230779331773922,0.695309965048595,-0.0160303700660354,0.242637572222459,0.270035442793353,0.0961590858505215,-0.17466722991202,-0.120598035406526,-0.27096498982036
1981,0.0097963107743286,0.0259391732266773,0.316162511617241,0.179977055219464,0.281159734060325,0.032400617928922,0.469033883766194,0.244597128089964,0.706080149098818,-0.00481984456016677,0.250722763874211,0.278984793734249,0.107168115099356,-0.16273048958711,-0.110162033152497,-0.255454836754047
1982,0.0206317939392093,0.0396038502277563,0.318572831716344,0.197640091591841,0.298767872879882,0.0453520928302128,0.478508442444301,0.258526331054209,0.716478601655853,0.00654197484582872,0.258835028029097,0.287993192136956,0.118376261730846,-0.150352486713496,-0.0994254310326163,-0.23944177166043
1983,0.0316440318325954,0.0536432350075627,0.320773726214733,0.215683968802673,0.316681726546071,0.0586309816348828,0.487890765338358,0.272592254081865,0.726576223837648,0.0181024247368947,0.26701331643741,0.297092719791841,0.129810085048778,-0.137522439001449,-0.0883658036777985,-0.222893366996499
1984,0.0428801073223893,0.0680761334320759,0.32281559333129,0.234152987343055,0.334946573354792,0.0722607805257413,0.497247833580521,0.28682021058814,0.736443916762153,0.0299088416979748,0.275296580849442,0.306315458489271,0.141496144356939,-0.124229564161244,-0.0769607257189593,-0.205777195219245
1985,0.0543871032764931,0.0829213513672754,0.324748831284895,0.253091447704083,0.353607691601943,0.0862649856855972,0.506646628302949,0.30123551398824,0.746152581547317,0.0420085623140127,0.283723773015488,0.315693490019612,0.153460998959116,-0.110463079903154,-0.0651877717870138,-0.188060828785659
1986,0.0662121025628092,0.0981976946791408,0.32662383829443,0.272543650376855,0.372710359583424,0.10066709329726,0.516154130637801,0.315863477697375,0.755773119311088,0.054448923169952,0.292333844685839,0.325258896173232,0.165731208159095,-0.096212203937451,-0.0530245165128775,-0.169711840152731
1987,0.07840218804924,0.113923969233652,0.328491012578775,0.292553895852466,0.392299855595133,0.115490599543538,0.525837321717233,0.330729415130751,0.765376431171415,0.0672772608507364,0.301165747610789,0.335043758740498,0.178333331260662,-0.0814661539744096,-0.0404485345274656,-0.150697801777452
1988,0.0910044426036877,0.130118980896787,0.33040075235681,0.313166484622012,0.412421457932969,0.130759000607241,0.535763182673405,0.345858639703576,0.775033418246248,0.0805409119413095,0.31025843354063,0.345080159511776,0.191293927567604,-0.0662141477243025,-0.0274374004616933,-0.130986286116813
1989,0.104065949094055,0.146801535534527,0.332403455847417,0.334425717176589,0.433120444892833,0.146495792671177,0.545998694638473,0.361276464831058,0.784814981653535,0.094287213026615,0.319650854225656,0.355400180277433,0.204639556383708,-0.0504454028974029,-0.0139686889464761,-0.110544865627804
1990,0.117633790388243,0.163990439012851,0.334549521269477,0.356375894007295,0.454442094770622,0.162724471918157,0.556610838744597,0.377008203928405,0.794792022511225,0.108563500691597,0.329381961416159,0.366035902827837,0.21839677701276,-0.0341491372039841,-1.99746127290817e-05,-0.0893411127674157
1991,0.131755049354155,0.181704497197738,0.33688934684187,0.379061315605224,0.476431685862237,0.179468534530988,0.567666596123934,0.393079170410824,0.805035441937267,0.123417111521198,0.339490706862432,0.377019408953354,0.232592148758547,-0.0173145683543192,0.0144311679086324,-0.0673425999926392
1992,0.146476808859694,0.199962515955168,0.339473330783478,0.402526282461473,0.499134496463575,0.196751476692481,0.579232947908642,0.409514677693524,0.81561614104961,0.138895382100362,0.350016042314769,0.388382780444351,0.247252230924856,6.90859413184503e-05,0.0294071639866929,-0.044516899760465
1993,0.16184615177276,0.218783301151121,0.34235187131318,0.426815095067138,0.522595804870536,0.214596794585443,0.591376875230878,0.426340039191711,0.826605020966203,0.155045649014034,0.360996919523462,0.400158099091195,0.262403582815472,0.0180126079726557,0.0449304389905374,-0.0208315845278837
1994,0.177910160961258,0.238185658651575,0.345575366649858,0.451972053913316,0.54686088937902,0.233027984392685,0.604165359222803,0.443580568320594,0.838072982804996,0.171915248847156,0.372472290238805,0.412377446684254,0.278072763734182,0.0365267800294194,0.0610234182892505,0.00374577324811415
1995,0.194715919293088,0.258188394322511,0.349194215012393,0.478041459491102,0.571975028284925,0.252068542297015,0.617665381016572,0.46126157849538,0.850090927683936,0.189551518184672,0.384481106211089,0.425072905013893,0.294286332984774,0.0556223844013363,0.0777085272519168,0.0292476011105377
1996,0.212310509636154,0.278810314029908,0.353258814619666,0.505067612291593,0.59798349988415,0.271741964481243,0.631943921744344,0.479408383131277,0.862729756720973,0.208001793611526,0.397062319190608,0.43827655587048,0.311070849871033,0.0753102033781331,0.0950081912476211,0.0557063266023965
1997,0.230741014858358,0.300070223639745,0.357819563690556,0.533094812805885,0.624931582472594,0.292071747128177,0.647067962538278,0.498046295643492,0.876060371034056,0.227313411712662,0.410254880927655,0.452020481044382,0.328452873696747,0.0956010192495367,0.112944835645448,0.0831543772666999
1998,0.250054517827601,0.321986929018003,0.362926860443946,0.562167361525073,0.652864554346158,0.313081386420626,0.66310448453053,0.517200629447234,0.890153671741133,0.247533709073023,0.424097743172524,0.466336762325965,0.346458963765701,0.116505614305274,0.131540885814483,0.111624180646457
1999,0.270298101411787,0.344579236030659,0.368631103098715,0.592329558940256,0.681827693800738,0.3347943785414,0.68012046885326,0.53689669795771,0.905080559960154,0.268710022277553,0.438629857675505,0.481257481505597,0.365115679381682,0.138034770835071,0.150818767123809,0.141148164284678
2000,0.291518848478817,0.367865950543695,0.374982689873746,0.623625705542527,0.711866279132236,0.357234219673308,0.698182896638625,0.557159814590128,0.920911936809068,0.290889687911196,0.453890176186894,0.496814720373645,0.384449579848477,0.160199271128656,0.170800904942513,0.171758755724371
2001,0.313763841896594,0.391865878423089,0.382032018987918,0.656100101822984,0.743025588636549,0.380424405999158,0.717358749018784,0.578015292759695,0.937718703405823,0.314120042558894,0.469917650456982,0.513040560720475,0.404487224469873,0.183009897475754,0.191509724639678,0.203488382508546
2002,0.33708016453302,0.416597825534821,0.389829488660112,0.689797048272723,0.775350900609577,0.40438843370176,0.737715007125893,0.59948844588162,0.955571760868369,0.338448422805593,0.486751232236063,0.529967084336455,0.425255172549655,0.206477432166093,0.212967651584389,0.236369472180212
2003,0.361514899255997,0.442080597744871,0.39842549710921,0.72476084538284,0.808887493347219,0.429149798963924,0.759318652092112,0.621604587371109,0.974542010314654,0.363922165236234,0.504429873274429,0.547626373011951,0.446779983391611,0.2306126574894,0.235197111145731,0.270434452282379
2004,0.387115128933428,0.468333000919217,0.407870442554091,0.761035793644431,0.843680645145374,0.454731997968457,0.782236665049598,0.644389030643371,0.994700352862627,0.390588606435763,0.522992525322374,0.56605050853733,0.469088216299527,0.2554263557354,0.258220528692789,0.305715750358056
2005,0.413927936433215,0.495373840923841,0.418214723213638,0.798666193548592,0.879775634299941,0.481158526898169,0.806536027130509,0.667867089113613,1.01611768963024,0.418495082989123,0.54247814013019,0.585271572702959,0.492206430577189,0.280929309193822,0.282060329594648,0.342245793950252
2006,0.442000404623261,0.52322192362472,0.42950873730673,0.83769634558642,0.91721773910682,0.50845288193587,0.832283719467003,0.692064076197043,1.03886492173543,0.447688931481257,0.56292566944817,0.605321647299205,0.516161185528385,0.307132300154392,0.306738939220391,0.380057010601977
2007,0.471168037757334,0.551940638686866,0.441439286714108,0.877974202096547,0.955804734885388,0.536542042694691,0.859003886183172,0.71667704223876,1.06238363046366,0.477944485101109,0.584243591961003,0.626129603559614,0.540884559230304,0.334068355726646,0.332222638204807,0.419182691955514
2008,0.501221245404321,0.581559862411345,0.453661707088189,0.919304885394441,0.995296667854912,0.565329235158413,0.886185961302341,0.741405648648,1.08608751736139,0.508998397659303,0.606298102060375,0.647588173113301,0.566280631089726,0.361752229770411,0.358450642180109,0.459606259418972
2009,0.532139468404803,0.612048130618216,0.466179197305372,0.961668450936456,1.03568222266112,0.594802325065821,0.913844860805522,0.76627912543618,1.1100056639381,0.540841486673309,0.629064725057073,0.669675228343992,0.59233396240482,0.390167294700847,0.385404779011524,0.501285335184095
2010,0.563902147599358,0.64337397912754,0.478994956242054,1.00504495417894,1.07695008394974,0.624949178155697,0.941995500673728,0.791326702614715,1.13416715170328,0.573464569660593,0.652518986261887,0.692368641635414,0.619029114473756,0.419296922933113,0.413066876564276,0.544177541442631
2011,0.596488723828568,0.675505943759376,0.492112182774635,1.04941445057825,1.1190889363665,0.655757660166823,0.970652796887969,0.816577610195021,1.15860106216641,0.606858464138623,0.676636410985604,0.71564628537129,0.646350648594703,0.449124486882371,0.441418762703591,0.588240500386325
2012,0.62987863793301,0.708412560333786,0.505534075779511,1.09475699559074,1.16208746455712,0.687215636837984,0.999831665429258,0.842061078188513,1.18333647683698,0.641013987624868,0.701392524539013,0.739486031935346,0.674283126065831,0.479633358963779,0.470442265294695,0.633431834206923
2013,0.664051330753266,0.742062364670829,0.519263834133081,1.14105264467276,1.20593435316735,0.719310973907962,1.02954702227861,0.867806336606607,1.20840247722446,0.675921957636794,0.726762852232903,0.763865753711309,0.702811108185309,0.5108069115925,0.500119212202812,0.67970916509617
2014,0.698986243129914,0.776423892590566,0.533304656711744,1.18828145328065,1.2506182868429,0.75203153711554,1.05981378341703,0.89384261546072,1.23382814483834,0.71157319169187,0.752722919378061,0.788763323082903,0.731919156251306,0.542628517183692,0.530431431293167,0.727030115245813
2015,0.734662815903535,0.811465679913056,0.547659742391896,1.23642347687078,1.2961279502295,0.785365192199502,1.09064686482553,0.920199144762267,1.2596425611881,0.747958507307564,0.779248251285276,0.814156612433853,0.761591831561993,0.575081548152515,0.561360750430988,0.775352306847598
2016,0.771060489914707,0.847156262458361,0.562332290049937,1.2854587708995,1.34245202797289,0.81929980489863,1.12206118248513,0.946905154522664,1.28587480778324,0.785068722001342,0.806314373265338,0.840023494147886,0.791813695415537,0.608149376914131,0.592888997481498,0.82463336209327
2017,0.808158706004011,0.883464176046539,0.577325498562264,1.33536739082315,1.38957920471878,0.853823240951707,1.15407165237683,0.973989874753325,1.31255396613322,0.822894653290673,0.833896810629033,0.866341840608725,0.82256930911011,0.641815375883698,0.624998000309923,0.874830903174575
2018,0.845936905012027,0.920357956497652,0.592642566805275,1.38612939209809,1.43749816511292,0.888923366097516,1.18669319048165,1.00148253546567,1.33970911774754,0.861427118693024,0.86197108868715,0.893089524200098,0.85384323394388,0.676062917476378,0.657669586781488,0.925902552283259
2019,0.884374527779333,0.95780613963176,0.60828669365537,1.43772483018067,1.48619759380103,0.924588046074841,1.21994071278061,1.02941236667111,1.36736934413567,0.900656935725864,0.890512732750478,0.920244417305728,0.885620031215017,0.71087537410733,0.69088558476142,0.977805931611069
2020,0.923451015146511,0.995777261268923,0.624261077988944,1.49013376052725,1.53566617542883,0.960805146622465,1.2538291352547,1.05780859838106,1.39556372680711,0.94057492190666,0.919497268129805,0.947784392309342,0.91788426222169,0.746236118191715,0.724627822114942,1.03049866334975
2021,0.963145807954139,1.0342398572292,0.640568918682397,1.54333623859417,1.58589259464205,0.99756253347917,1.28837337388495,1.08670046060694,1.42432134727133,0.98117189475288,0.94890022013592,0.975687321594666,0.950620488262069,0.782128522144693,0.758878126707281,1.08393836969105
2022,1.0034383470428,1.07316246333265,0.657213414612127,1.59731231983778,1.63686553608643,1.03484807238374,1.32358834465236,1.11611718336017,1.45367128703782,1.02243867178199,0.978697114079611,1.00393107754542,0.983813270634324,0.818535958381424,0.793618326403662,1.13808267282671
2023,1.04430807325306,1.11251361539934,0.674197764654532,1.65204205971445,1.68857368440769,1.07264962907496,1.35948896353795,1.14608799665215,1.48364262761606,1.06436607051146,1.00886347527167,1.03249353254534,1.01744717063662,0.855441799317067,0.828830249069311,1.19288919494848
2024,1.08573442742552,1.15226184924933,0.69152516768601,1.70750551368052,1.74100572425156,1.11095506929161,1.39609014652273,1.17664213049431,1.51426445051554,1.10694490845876,1.03937482902287,1.06135255897814,1.05150674956714,0.892829417366784,0.864495722569452,1.2483155582481
2025,1.12769685040075,1.19237570070267,0.709198822582958,1.76368273719234,1.79415034026377,1.14975225877247,1.43340680958771,1.20780881489807,1.54556583724573,1.15016600314135,1.07020670064402,1.09048602922755,1.08597656872403,0.930682184945735,0.900596574769311,1.30431938491733
2026,1.17017478301932,1.23282370557943,0.727221928221776,1.82055378570627,1.84799621709005,1.18902906325633,1.4714538687139,1.23961727987483,1.57757586931613,1.1940201720767,1.1013346154459,1.1198718156773,1.12084118940548,0.968983474469079,0.937114633534114,1.3608582971479
2027,1.21314766612183,1.27357439969966,0.745597683478861,1.87809871467865,1.90253203937612,1.22877334848197,1.51024623988232,1.27209675543601,1.61032362823621,1.23849823278229,1.1327340987393,1.14948779071111,1.15608517290965,1.00771665835198,0.974031726729085,1.41788991713156
2028,1.25659494054884,1.31459631888343,0.764329287230611,1.93629757956585,1.95774649176772,1.26897298018817,1.54979883907397,1.30527647159303,1.64383819551546,1.28359100277557,1.164380675835,1.17931182671271,1.19169308053472,1.04686510900959,1.01132968221945,1.47537186706006
2029,1.30049604714094,1.3558579989508,0.783419938353424,1.99513043582421,2.01362825891057,1.30961582411372,1.59012658226987,1.33918565835731,1.67814865266336,1.32928929957402,1.1962498720438,1.20932179606582,1.22764947357884,1.08641219885707,1.04899032787044,1.53326176912515
2030,1.34483042673871,1.39732797572182,0.802872835723699,2.05457733891008,2.0701660254504,1.35068974599739,1.63124438545103,1.37385354574026,1.71328408118939,1.3755839406951,1.22831721267648,1.23949557115416,1.2639389133402,1.12634130030959,1.08699549154727,1.59151724551856
2031,1.38957752018272,1.43897478501656,0.822691178217833,2.11461834427981,2.12734847603294,1.39218261157798,1.67316716459846,1.40930936375329,1.74927356260305,1.42246574365628,1.26055822304383,1.26981102436147,1.30054596111696,1.16663578578231,1.12532700111517,1.65009591843205
2032,1.43471676831356,1.48076696265508,0.842878164712225,2.17523350738977,2.18516429530391,1.43408228659426,1.71590983569317,1.44558234240782,1.78614617841381,1.46992552597503,1.29294842845665,1.30024602807147,1.33745517820728,1.20727902769038,1.16396668443936,1.70895541005737
2033,1.48022761197181,1.52267304445744,0.863436994083273,2.2364028836963,2.24360216790906,1.47637663678503,1.75948731471618,1.48270171171528,1.82393101013115,1.51795410516882,1.32546335422571,1.33077845466788,1.37465112590935,1.24825439844896,1.20289636938508,1.76805334258625
2034,1.52608949199804,1.56466156624369,0.884370865207374,2.29810652865575,2.3026507784941,1.51905352788905,1.8039145176485,1.52069670168706,1.86265713926456,1.56654229875511,1.3580785256618,1.36138617653443,1.41211836552132,1.28954527047322,1.24209788381754,1.82734733821044
2035,1.57228184923284,1.60670106383391,0.905682976960927,2.36032449772447,2.36229881170476,1.56210082564512,1.84920636047113,1.5595965423346,1.90235364732353,1.61568092425137,1.39076946807573,1.39204706605484,1.44984145834138,1.33113501617832,1.28155305560198,1.88679501912169
2036,1.61878412451679,1.64876007304814,0.92737652822033,2.42303684635882,2.42253495218677,1.60550639579201,1.89537775916509,1.5994304636693,1.94304961581753,1.66536079917508,1.42351170677826,1.42273899561284,1.48780496566768,1.37300700797941,1.32124371260361,1.94635400751175
2037,1.66557575869046,1.69080712970645,0.949454717861981,2.48622363001515,2.48334788458586,1.64925810406852,1.9424436297114,1.64022769570258,1.98477412625605,1.71557274104369,1.4562807670802,1.45343983759216,1.52599344879839,1.41514461829165,1.36115168268767,2.00598192557236
2038,1.71282336422905,1.73308813820976,0.971888179978401,2.55003927505404,2.54482395556243,1.693455727191,1.99027335314444,1.68176024642724,2.02730029573779,1.76639262926437,1.48926649319062,1.48431795494654,1.56453578954907,1.45769321489259,1.40143039141282,2.0660093994986
2039,1.76070412142743,1.77586541941277,0.994646349536898,2.61464862809269,2.60705548710881,1.73820493167385,2.03872952876965,1.72378448900679,2.07038536132865,1.81790095500436,1.52267177361293,1.5155541181042,1.60356836497986,1.500805331897,1.44224211749424,2.12678997506508
2040,1.80921332285572,1.81913213381615,1.01773062672605,2.68004737497243,2.67004012686867,1.78350241795294,2.08781689997459,1.76630620120869,2.11403458448891,1.87009545342123,1.55649170009941,1.54714481066058,1.64308697925587,1.54447509122591,1.48358196853189,2.18831565383289
2041,1.85834626108403,1.86288144192062,1.04114241173443,2.74623120153457,2.73377552248568,1.82934488646413,2.13754021014685,1.80933116080042,2.15825322667884,1.92297385967256,1.59072136440232,1.57908651621113,1.6830874365422,1.58869661480036,1.52544505212572,2.25057843736309
2042,1.90809822868249,1.90710650422687,1.06488310475062,2.81319579362043,2.79825932160351,1.87572903764326,2.18790420267399,1.85286514554945,2.20304654935873,1.97653390891592,1.62535585827396,1.61137571835128,1.72356554100394,1.63346402454138,1.5678264758757,2.31357032721678
2043,1.95846451822119,1.9518004812356,1.0889541059632,2.88093683707131,2.86348917186582,1.9226515719262,2.23891362094358,1.89691393322325,2.24841981398884,2.0307733363089,1.66039027346659,1.64400890067648,1.76451709680619,1.67877144236999,1.61072134738179,2.37728332495501
2044,2.00944042227026,1.99695653344749,1.11335681556073,2.94945001772854,2.92946272091629,1.97010918974879,2.2905732083432,1.94148330158928,2.29437828202947,2.08568987700907,1.6958197017325,1.67698254678216,1.80593790811406,1.72461299020723,1.65412477424394,2.44170943213886
2045,2.0610212333998,2.04256782136325,1.13809263373181,3.01873102143343,2.99617761639857,2.0180985915469,2.34288770826042,1.98657902841501,2.34092721494087,2.141281266174,1.73163923482395,1.71029314026377,1.84782377909264,1.77098278997413,1.69803186406212,2.50684065032942
2046,2.11320224417994,2.08862750548358,1.16316296066501,3.08877553402729,3.06363150595634,2.06661647775638,2.3958618640828,2.03220689146793,2.38807187418335,2.19754523896128,1.76784396449323,1.74393716471674,1.89017051390703,1.81787496359171,1.74243772443628,2.57266898108775
2047,2.16597874718079,2.13512874630917,1.1885691965489,3.15957924135144,3.13182203723326,2.11565954881309,2.44950041919793,2.07837266851548,2.43581752121716,2.25447953052848,1.8044289824926,1.77791110373653,1.93297391672233,1.86528363298101,1.78733746296638,2.63918642597492
2048,2.21934603497245,2.18206470434072,1.21431274157206,3.23113782924718,3.200746857873,2.16522450515288,2.50380811699338,2.12508213732516,2.48416941750259,2.31208187603318,1.84138938057436,1.81221144091856,1.97622979170364,1.91320292006306,1.83272618725239,2.70638498655203
2049,2.27329940012504,2.22942854007892,1.24039499592307,3.30344698355585,3.27040361551922,2.21530804721161,2.55878970085671,2.17234107566442,2.53313282449991,2.37035001063295,1.87872025049077,1.84683465985828,2.01993394301605,1.96162694675888,1.87859900489426,2.77425666438013
2050,2.32783413520869,2.27721341402448,1.26681735979051,3.37650239011874,3.3407899578156,2.26590687542513,2.6144499141755,2.22015526130074,2.58271300366941,2.42928166948538,1.91641668399411,1.88177724415114,2.06408217482467,2.01054983498952,1.92495102349195,2.8427934610203
2051,2.38294553279349,2.32541248667808,1.29358123336295,3.45029973477718,3.41190353240579,2.3170176902293,2.67079350033731,2.26853047200158,2.63291521647136,2.48887458774803,1.95447377283665,1.91703567739256,2.1086702912946,2.05996570667599,1.97177735064543,2.91198737803363
2052,2.43862888544957,2.37401891854043,1.32068801682897,3.52483470337248,3.48374198693348,2.36863719205998,2.72782520272973,2.31747248553442,2.68374472436604,2.54912650057849,1.99288660877068,1.95260644317799,2.15369409659093,2.10986868373933,2.01907309395464,2.98183041698118
2053,2.49487948574703,2.42302587011223,1.34813911037715,3.60010298174595,3.55630296904231,2.42076208135302,2.78554976474033,2.36698707966673,2.73520678881373,2.61003514313433,2.03165028354847,1.98848602510288,2.19914939487876,2.16025288810058,2.06683336101956,3.05231457942403
2054,2.551692626256,2.47242650189416,1.37593591419607,3.67610025573891,3.62958412637597,2.47338905854427,2.84397192975667,2.41708003216597,2.7873066712747,2.67159825057312,2.0707598889223,2.02467090676266,2.2450319903232,2.21111244168075,2.11505325944015,3.12343186692325
2055,2.60906359954658,2.52221397438692,1.40407982847429,3.75282221119267,3.70358310657812,2.5265148240696,2.90309644116632,2.46775712079962,2.84004963320923,2.73381355805246,2.11021051664444,2.06115757175277,2.29133768708934,2.26244146640089,2.16372789681635,3.19517428103992
2056,2.6669876981889,2.57238144809122,1.43257225340041,3.83026453394855,3.77829755729241,2.58013607836486,2.96292804235687,2.51902412333515,2.8934409360776,2.7966788007299,2.14999725846717,2.09794250366866,2.33806228934227,2.31423408418201,2.21285238074813,3.26753382333512
2057,2.72546021475305,2.62292208350774,1.46141458916299,3.90842290984786,3.85372512616253,2.6342495218659,3.02347147671588,2.57088681754002,2.94748584134009,2.86019171376304,2.19011520614276,2.13502218610576,2.38520160124711,2.36648441694516,2.26242181883545,3.34050249536992
2058,2.78447644180916,2.67382904113719,1.49060823595062,3.98729302473192,3.92986346083214,2.68885185500859,3.08473148763092,2.62335098118171,3.00218961045697,2.92435003230944,2.2305594514235,2.17239310265952,2.43275142696894,2.41918658661136,2.31243131867828,3.41407229870539
2059,2.84403167192735,2.72509548148027,1.52015459395187,4.06687056444203,4.00671020894491,2.74393977822877,3.14671281848956,2.67642239202768,3.05755750488853,2.98915149152668,2.27132508606166,2.21005173692538,2.48070757067287,2.47233471510164,2.36287598787656,3.48823523490261
2060,2.90412119767771,2.77671456503766,1.55005506335532,4.14715121481952,4.08426301814449,2.7995099919623,3.20942021267939,2.73010682784541,3.11359478609503,3.05459382657235,2.31240720180951,2.24799457249877,2.529065836524,2.52592292433704,2.41375093403026,3.56298330552266
2061,2.96474031163038,2.82867945231007,1.58031104434954,4.22813066170571,4.16251953607457,2.85555919664504,3.27285841358796,2.78441006640237,3.17030671553677,3.12067477260401,2.35380089041934,2.28621809297514,2.57782202868742,2.57994533623858,2.46505126473934,3.6383085121266
2062,3.02588430635545,2.88098330379818,1.61092393712312,4.30980459094189,4.24147741037879,2.91208409271284,3.33703216460285,2.83933788546602,3.22769855467401,3.18739206477924,2.39550124364341,2.32471878194993,2.62697195132823,2.63439607272729,2.51677208760376,3.71420285627552
2063,3.08754847442306,2.93361928000271,1.64189514186463,4.39216868836939,4.32113428870085,2.96908138060157,3.40194620911163,2.89489606280384,3.28577556496703,3.25474343825563,2.43750335323401,2.36349312301858,2.67651140861154,2.6892692557242,2.56890851022348,3.79065833953049
2064,3.1497281084033,2.98658054142435,1.67322605876265,4.47521863982953,4.40148781868439,3.02654776074707,3.46760529050188,2.95109037618329,3.34454300787611,3.32272662819074,2.4798023109434,2.40253759977653,2.72643620470244,2.74455900715035,2.62145564019846,3.86766696345258
2065,3.21241850086629,3.03986024856378,1.70491808800575,4.55895013116361,4.48253564797309,3.0844799335852,3.53401415216117,3.00792660337185,3.40400614486153,3.39133936974216,2.52239320852388,2.44184869581922,2.77674214376603,2.80025944892677,2.67440858512865,3.94522072960287
2066,3.27561494438215,3.09345156192172,1.73697262978251,4.64335884821295,4.56427542421061,3.14287459955182,3.60117753747706,3.06541052213699,3.46417023738357,3.46057939806746,2.56527113772771,2.48142289474209,2.82742502996741,2.85636470297448,2.72776245261402,4.02331163954244
2067,3.33931273152099,3.14734764199885,1.76939108428151,4.72844047681888,4.64670479504063,3.20172845908278,3.66910018983714,3.12354791024618,3.5250405469025,3.53044444832421,2.60843119030717,2.52125668014059,2.87848066747167,2.91286889121452,2.78151235025453,4.10193169483236
2068,3.40350715485293,3.20154164929587,1.80217485169133,4.81419070282269,4.7298214081068,3.26103821261394,3.73778685262897,3.18234454546687,3.58662233487861,3.60093225567001,2.65186845801454,2.56134653561015,2.92990486044393,2.96976613556791,2.83565338565013,4.1810728970337
2069,3.46820432421773,3.25604540353389,1.83531775043722,4.90061557710093,4.813628455977,3.32081243698739,3.80722856092854,3.24179343994628,3.64891001489775,3.67204388411488,2.69558984567864,2.60169549755114,2.98170538403195,3.02707141302115,2.89019467670119,4.26074588351983
2070,3.53341470733012,3.31087701664988,1.86881243750607,4.9877251861899,4.89813133850471,3.3810626368353,3.87741204645967,3.30188220562451,3.71189308999218,3.74378255345227,2.73960681053312,2.64230989835832,3.03389382492382,3.08480494668504,2.94514977579489,4.34096869649731
2071,3.59914013357266,3.36603908746832,1.90265857092894,5.07552126942054,4.98333101426198,3.44178990427863,3.94833559758163,3.36260851995844,3.77556945579172,3.81614923251482,2.78392127293746,2.68319116561866,3.08647170459507,3.1429687276671,3.00052044226145,4.42174444477706
2072,3.66538243232787,3.4215342148137,1.93685580873687,5.1640055661238,5.06922844182086,3.50299533143834,4.01999750265371,3.42397006040494,3.8399370079262,3.88914489013519,2.82853515325117,2.72434072691915,3.13944054452122,3.20156474707482,3.05630843543107,4.50307623716995
2073,3.73214343297831,3.47736499751052,1.97140380896093,5.25317981563062,5.15582457975341,3.56468001043538,4.09239605003519,3.48596450442088,3.90499364202546,3.96277049514603,2.87345037183376,2.76576000984678,3.19280186617781,3.26059499601573,3.11251551463397,4.58496718248688
2074,3.79942496490651,3.53353403438326,2.00630222963216,5.34304575727193,5.24312038663167,3.62684503339071,4.16552952808534,3.54858952946315,3.97073725371933,4.03702701637999,2.91866884904473,2.80745044198853,3.24655719104037,3.32006146559733,3.16914343920036,4.66742038953875
2075,3.86722885749502,3.5900439242564,2.0415507287816,5.43360513037869,5.33111682102771,3.68949149242529,4.23939622516345,3.6118428129886,4.03716573863763,4.11191542266973,2.96419250524356,2.84941345093139,3.30070804058442,3.37996614692712,3.22619396846045,4.75043896713644
2076,3.93555694012638,3.64689726595445,2.07714896444032,5.52485967428184,5.41981484151358,3.75262047966007,4.31399442962881,3.67572203245412,4.10427699241019,4.18743668284789,3.01002326078977,2.89165046426235,3.35525593628551,3.44031103111262,3.28366886174445,4.83402602409086
2077,4.00441104218314,3.70409665830187,2.11309659463937,5.61681112831232,5.50921540666133,3.81623308721602,4.38932242984069,3.74022486531657,4.17206891066686,4.26359176574714,3.05616303604286,2.93416290956838,3.41020239961917,3.50109810926133,3.34156987838258,4.9181846692129
2078,4.07379299304783,3.76164470012317,2.14939327740978,5.70946123180108,5.59931947504301,3.8803304072141,4.46537851415838,3.80534898903283,4.24053938903745,4.34038164020011,3.10261375136232,2.97695221443648,3.46554895206091,3.56232937248076,3.39989877770504,5.00291801131345
2079,4.143704622103,3.81954399024284,2.18603867078263,5.80281172407905,5.69012800523068,3.94491353177525,4.54216097094116,3.87109208105977,4.3096863231518,4.41780727503947,3.14937732710766,3.02001980645362,3.52129711508628,3.62400681187842,3.45865731904205,5.08822915920339
2080,4.2141477587312,3.87779712748535,2.22303243278895,5.89686434447718,5.7816419557964,4.00998355302045,4.61966808854831,3.93745181885427,4.37950760863975,4.49586963909787,3.19645568363838,3.06336711320681,3.57744841017081,3.68613241856182,3.51784726172382,5.17412122169364
2081,4.28512423231496,3.9364067106752,2.26037422145979,5.99162083232642,5.87386228531222,4.07554156307064,4.69789815533911,4.00442587987319,4.45000114113111,4.57456970120795,3.24385074131397,3.10699556228301,3.63400435879002,3.74870818363847,3.57747036508055,5.26059730759508
2082,4.35663587223683,3.99537533863688,2.29806369482622,6.0870829269577,5.96678995235018,4.14158865404679,4.77684945967284,4.07201194157341,4.52116481625572,4.65390843020238,3.29156442049394,3.15090658126923,3.69096648241945,3.81173609821587,3.63752838844247,5.3476605257186
2083,4.42868450787934,4.05470561019487,2.33610051091928,6.18325236770197,6.06042591548236,4.20812591806985,4.85652028990879,4.14020768141181,4.59299652964342,4.7338867949138,3.33959864153779,3.19510159775244,3.74833630253463,3.87521815340153,3.69802309113978,5.4353139848751
2084,4.50127196862506,4.11440012417367,2.37448432777002,6.28013089389018,6.15477113328079,4.27515444726078,4.93690893440623,4.20901077684525,4.66549417692403,4.81450576417487,3.38795532480502,3.23958203931962,3.80611534061109,3.93915634030297,3.75895623250269,5.52356079387546
2085,4.57440008385651,4.17446147939776,2.41321480340949,6.37772024485326,6.24982656431754,4.34267533374054,5.01801368152446,4.27841890533061,4.73865565372739,4.89576630681823,3.43663639065514,3.28434933355777,3.86430511812436,4.00355265002768,3.82032957186142,5.6124040615306
2086,4.64807068295624,4.23489227469163,2.45229159586874,6.47602215992217,6.34559316716465,4.41068966963009,5.09983281962275,4.34842974432476,4.81247885568332,4.97766939167654,3.48564375944763,3.32940490805388,3.92290715654997,4.06840907368319,3.88214486854617,5.70184689665139
2087,4.72228559530679,4.29569510887976,2.49171436317883,6.57503837842784,6.44207190039419,4.47919854705038,5.18236463706038,4.41904097128457,4.88696167842165,5.06021598758246,3.534979351542,3.37475019039491,3.98192297736346,4.13372760237699,3.94440388188716,5.79189240804874
2088,4.79704665029071,4.35687258078666,2.5314827633708,6.67477063970121,6.5392637225782,4.54820305812238,5.26560742219663,4.49025026366692,4.96210201757222,5.14340706336863,3.58464508729776,3.42038660816787,4.04135410204035,4.1995102272166,4.0071083712146,5.88254370453353
2089,4.87235567729054,4.4184272892368,2.57159645447571,6.77522068307323,6.63716959228874,4.61770429496704,5.34955946339079,4.56205529892868,5.03789776876486,5.22724358786771,3.6346428870744,3.46631558895974,4.10120205205617,4.26575893930951,4.0702600958587,5.97380389491666
2090,4.94821450568882,4.48036183305467,2.61205509452461,6.87639024787485,6.73579046809786,4.68770334970532,5.43421904900214,4.63445375452672,5.1143468276294,5.31172652991235,3.68497467123142,3.5125385603575,4.16146834888647,4.33247572976325,4.13386081514967,6.06567608800902
2091,5.02462496486809,4.54267881106477,2.65285834154855,6.97828107343701,6.83512730857763,4.75820131445818,5.51958446738996,4.70744330791792,5.19144708979566,5.3968568583352,3.73564236012833,3.55905694994814,4.22215451400676,4.39966258968533,4.19791228841772,6.15816339262152
2092,5.1015888842109,4.60538082209157,2.69400585357858,7.08089489909064,6.93518107230008,4.82919928134657,5.60565400691354,4.78102163655914,5.26919645089349,5.48263554196891,3.78664787412462,3.60587218531865,4.28326206889258,4.46732151018324,4.26241627499307,6.25126891756503
2093,5.17910809309979,4.66847046495958,2.73549728864575,7.18423346416669,7.03595271783728,4.90069834249145,5.69242595593214,4.85518641790726,5.3475928065527,5.56906354964614,3.83799313357979,3.652985694056,4.34479253501946,4.53545448236449,4.32737453420593,6.34499577165045
2094,5.2571844209173,4.73195033849327,2.77733230478111,7.28829850799612,7.13744320376128,4.97269959001379,5.77989860280507,4.92993532941916,5.42663405240314,5.65614185019954,3.88968005885336,3.70039890374719,4.40674743386293,4.6040634973366,4.3927888253865,6.43934706368868
2095,5.33581969704597,4.79582304151714,2.81951056001571,7.39309176990985,7.23965348864413,5.04520411603454,5.86807023589159,5.0052660485517,5.50631808407463,5.74387141246176,3.94171057030481,3.7481132419792,4.46912828689852,4.67315054620708,4.458660907865,6.53432590249061
2096,5.41501575086836,4.86009117285567,2.86203171238061,7.49861498923883,7.34258453105789,5.11821301267465,5.95693914355099,5.08117625276176,5.586642797197,5.83225320526546,3.99408658829364,3.79613013633902,4.53193661560177,4.74271762008342,4.52499254097164,6.62993539686714
2097,5.49477441176699,4.92475733133335,2.90489541990685,7.60486990531401,7.44623728957461,5.19172737205509,6.04650361414255,5.15766361950621,5.66760608740008,5.92128819744328,4.04681003317937,3.84445101441364,4.5951739414482,4.81276671007315,4.59178548403663,6.72617865562916
2098,5.57509750912442,4.98982411577467,2.94810134062549,7.71185825746633,7.55061272276635,5.26574828629681,6.13676193602556,5.23472582624192,5.74920585031371,6.01097735782788,4.09988282532148,3.89307730379003,4.65884178591335,4.88329980728376,4.65904149639019,6.82305878758756
2099,5.65598687232319,5.05529412500412,2.99164913256758,7.81958178502673,7.65571178920515,5.34027684752078,6.22771239755929,5.31236055042577,5.83143998156772,6.10132165525191,4.15330688507948,3.94201043205518,4.72294167047275,4.95431890282277,4.72676233736251,6.92057890155323
