"region","year","annual.anomaly.unsmoothed","annual.anomaly.two.yr.running.mean","annual.anomaly.three.yr.running.mean","winter.anomaly.unsmoothed","winter.anomaly.two.yr.running.mean","winter.anomaly.three.yr.running.mean"
"North_Pacific",1950,0.372086912393002,0.458529906992189,NA,NA,NA,NA
"North_Pacific",1951,0.544972901591377,0.325544042750816,0.341058332631545,0.118298143685683,0.40563246450781,NA
"North_Pacific",1952,0.106115183910256,-0.340208653146081,-0.0451481349002614,0.692966785329937,0.0574481173088182,0.0777314594344399
"North_Pacific",1953,-0.786532490202417,-0.672815265453723,-0.413171782332396,-0.578070550712301,-0.610688996323746,-0.176137069105851
"North_Pacific",1954,-0.559098040705028,-0.654545565288824,-0.698541206926689,-0.643307441935191,-0.750266749405697,-0.692868016507898
"North_Pacific",1955,-0.74999308987262,-0.222343227412696,-0.334594831843473,-0.857226056876203,-0.577105194203917,-0.599172610114342
"North_Pacific",1956,0.305306635047228,0.520179570649347,0.0967886838086915,-0.296984331531631,-0.275943828096937,-0.469704571023359
"North_Pacific",1957,0.735052506251466,0.648143796502649,0.533864742684176,-0.254903324662244,0.333376095598084,0.123255953221513
"North_Pacific",1958,0.561235086753832,0.840747734394527,0.805515991680173,0.921655515858413,0.658210510045937,0.353839231809876
"North_Pacific",1959,1.12026038203522,0.357482118948553,0.425399774883646,0.394765504233461,0.391334474471548,0.568108154933836
"North_Pacific",1960,-0.405296144138116,-0.0790761330182201,0.320702705332927,0.387903444709635,-0.44911415314292,-0.16782093401746
"North_Pacific",1961,0.247143878101675,0.480947987292679,0.185533276815747,-1.28613175099548,-0.608636657483278,-0.276456623418973
"North_Pacific",1962,0.714752096483682,0.83455475227874,0.638751127553052,0.0688584360289197,0.0281552836113274,-0.40994039459094
"North_Pacific",1963,0.954357408073798,0.106460172415601,0.309224147104961,-0.0125478688062648,0.313648955628988,0.232052115762299
"North_Pacific",1964,-0.741437063242596,-1.16563899049678,-0.45897352430659,0.639845780064242,-0.579600349514052,-0.390582855944789
"North_Pacific",1965,-1.58984091775097,-1.041486647136,-0.941470119171531,-1.79904647909234,-1.36643451233087,-0.697674414865832
"North_Pacific",1966,-0.493132376521026,0.41533763726693,-0.253055214405704,-0.933822545569393,-0.582862341581166,-0.988257054084892
"North_Pacific",1967,1.32380765105489,0.724194713363927,0.318419016735609,-0.231902137592938,-0.301284609913972,-0.512130588465779
"North_Pacific",1968,0.124581775672968,-0.307583807147039,0.236213345586936,-0.370667082235006,-0.359507809386904,-0.316972585455582
"North_Pacific",1969,-0.739749389967047,-0.648714960816084,-0.3909493819864,-0.348348536538802,-1.10595085125612,-0.860856261582418
"North_Pacific",1970,-0.557680531665122,-1.14048367162384,-1.00690557773824,-1.86355316597345,-1.27949238822075,-0.969111104326769
"North_Pacific",1971,-1.72328681158256,-1.51374171174238,-1.19505465171663,-0.695431610468059,-1.33643565582361,-1.51214149254022
"North_Pacific",1972,-1.3041966119022,-1.01717179261,-1.25254346560085,-1.97743970117916,-1.38204936892924,-1.15317678277551
"North_Pacific",1973,-0.730146973317809,-0.628787647463231,-0.853923968942886,-0.786659036679318,-0.722109772491291,-1.14055308205391
"North_Pacific",1974,-0.527428321608653,-0.81260270298067,-0.785117459759716,-0.657560508303265,-0.59667311568433,-0.660001756015993
"North_Pacific",1975,-1.09777708435269,-1.67164556140366,-1.29023981480532,-0.535785723065396,-0.820256603072715,-0.766024571482898
"North_Pacific",1976,-2.24551403845463,-1.3963846407506,-1.29684878861796,-1.10472748308003,-1.06283581584297,-0.887152451583782
"North_Pacific",1977,-0.547255243046569,-0.353940474412629,-0.984464995759964,-1.02094414860591,-0.946421878411888,-0.99919041330127
"North_Pacific",1978,-0.16062570577869,0.0313473658352401,-0.161520170458696,-0.871899608217862,-0.276626735026001,-0.524732539552639
"North_Pacific",1979,0.223320437449171,-0.345904401538467,-0.284144836285208,0.318646138165861,0.282478682378215,-0.102314081153811
"North_Pacific",1980,-0.915129240526104,-0.474740707611359,-0.242053659257849,0.246311226590569,-0.226318389874446,-0.0446635471943439
"North_Pacific",1981,-0.0343521746966144,-0.480914025681024,-0.625652430629384,-0.698948006339461,-0.341256593177584,-0.145400653254867
"North_Pacific",1982,-0.927475876665434,-0.880817949572318,-0.598662691280417,0.0164348199842928,-0.159302824755819,-0.339184551950366
"North_Pacific",1983,-0.834160022479202,-0.26664336850692,-0.486920871226425,-0.335040469495931,-0.0213297448621741,-0.00874155658001846
"North_Pacific",1984,0.300873285465361,-0.252816528919471,-0.446597693439381,0.292380979771583,-0.0108980304068394,-0.118945510103203
"North_Pacific",1985,-0.806506343304303,-0.5528348532544,-0.268265473681146,-0.314177040585262,-0.268293708617247,-0.0814021458209706
"North_Pacific",1986,-0.299163363204497,-0.924581563196049,-0.885223156565467,-0.222410376649233,-0.178597784767801,-0.223790870040288
"North_Pacific",1987,-1.5499997631876,-0.742153289779522,-0.59448998092118,-0.134785192886369,0.0626961723672758,-0.0323393439715605
"North_Pacific",1988,0.0656931836285583,0.71438652626216,-0.0404089035544272,0.260177537620921,0.53103996042595,0.309098242655177
"North_Pacific",1989,1.36307986889576,1.67788678686444,1.14048891911915,0.801902383230979,1.14545507568363,0.850362562996063
"North_Pacific",1990,1.99269370483312,1.87709054669055,1.70575365409229,1.48900776813629,2.36018775586206,1.84075929831837
"North_Pacific",1991,1.76148738854798,1.01647735180107,1.34188280281175,3.23136774358783,2.3594068557791,2.06927382656483
"North_Pacific",1992,0.27146731505416,0.130139880701303,0.673922383316862,1.48744596797038,0.856783969334698,1.64831189408574
"North_Pacific",1993,-0.0111875536515545,0.868709837056191,0.669628996388847,0.226121970699016,0.58150512320968,0.88348540479658
"North_Pacific",1994,1.74860722776394,1.15374517378727,0.765434264640995,0.936888275720344,0.992904540488022,0.737310350558353
"North_Pacific",1995,0.558883119810603,0.975677502284984,1.2333207441113,1.0489208052557,1.4163741299796,1.25654551189318
"North_Pacific",1996,1.39247188475936,1.56922517933323,1.23244449282569,1.7838274547035,1.30431379514178,1.21918279851309
"North_Pacific",1997,1.7459784739071,1.58300988087828,1.51949721550531,0.824800135580055,1.03299776356038,1.28327432727476
"North_Pacific",1998,1.42004128784946,0.901368432169929,1.18290511274899,1.24119539154071,1.32189668057459,1.15619783224308
"North_Pacific",1999,0.382695576490396,0.966078439699997,1.11739938908315,1.40259796960846,1.13287139260316,1.16897939224901
"North_Pacific",2000,1.5494613029096,1.30300166514423,0.996232968926282,0.863144815597865,0.793978854673884,0.996851892985411
"North_Pacific",2001,1.05654202737885,0.939534027311911,1.14284311917781,0.724812893749903,0.508921929105115,0.626996224602698
"North_Pacific",2002,0.82252602724497,1.2210555411908,1.16621770325349,0.293030964460327,0.296628052326769,0.439356332801147
"North_Pacific",2003,1.61958505513664,2.26938184711703,1.78709657382634,0.300225140193212,1.01005465525136,0.771046758321013
"North_Pacific",2004,2.91917863909742,2.88299863653192,2.46186077606683,1.7198841703095,1.87368685488937,1.34919961665731
"North_Pacific",2005,2.84681863396642,2.08289686229066,2.36165745455958,2.02748953946923,1.81399078259175,1.782621911831
"North_Pacific",2006,1.3189750906149,1.28546867676351,1.80591866249782,1.60049202571427,1.545835917526,1.70638712484041
"North_Pacific",2007,1.25196226291213,1.6388868007151,1.53224956401503,1.49117980933772,1.37827831412203,1.45234955131945
"North_Pacific",2008,2.02581133851806,1.96845648614315,1.72962507839948,1.26537681890635,1.82272637284814,1.712210851678
"North_Pacific",2009,1.91110163376824,1.54881987835388,1.70781703174194,2.38007592678994,1.90320534416295,1.69059583574408
"North_Pacific",2010,1.18653812293953,1.53499096064588,1.66036118502,1.42633476153596,1.57634823673623,1.84425746675413
"North_Pacific",2011,1.88344379835223,1.50910802803904,1.40158472633921,1.72636171193649,1.96841652440274,1.78772260344715
"North_Pacific",2012,1.13477225772585,1.97673762296655,1.94563968142844,2.21047133686899,1.63317807351901,1.66423928632484
"North_Pacific",2013,2.81870298820724,3.68905877607794,2.83762993662724,1.05588481016903,2.22687628710875,2.22140797036216
"North_Pacific",2014,4.55941456394864,4.85405258899173,4.17560272206357,3.39786776404847,3.71724297738961,2.83012358831608
"North_Pacific",2015,5.14869061403483,4.8116508507621,4.72757208849094,4.03661819073074,4.2743573412718,3.98219414886402
"North_Pacific",2016,4.47461108748936,4.38754429767635,4.64125973646251,4.51209649181286,3.98259789005226,4.00060465694509
"North_Pacific",2017,4.30047750786335,4.81477195816301,4.70138500127179,3.45309928829167,4.08703382648168,4.22872138159207
"North_Pacific",2018,5.32906640846268,5.63619969318372,5.19095896474359,4.72096836467169,5.24555139715684,4.64806736086845
"North_Pacific",2019,5.94333297790476,6.20091949049049,5.91030179648122,5.77013442964198,5.59661708373929,5.30473417738343
"North_Pacific",2020,6.45850600307622,5.75867107272267,5.8202250411167,5.42309973783661,5.54240366686064,5.61831392112108
"North_Pacific",2021,5.05883614236913,NA,NA,5.66170759588466,NA,NA
"Eastern_Bering_Sea",1950,-1.56728391625836,-1.45690820060948,NA,NA,NA,NA
"Eastern_Bering_Sea",1951,-1.3465324849606,-1.69309524770493,-1.65115813722274,-2.05344586857455,-1.36736766196582,NA
"Eastern_Bering_Sea",1952,-2.03965801044926,-1.29797248600343,-1.31415915232249,-0.681289455357091,-0.978045117535173,-1.3365120345483
"Eastern_Bering_Sea",1953,-0.556286961557606,-0.712550492621018,-1.15491966523043,-1.27480077971326,-1.277188424443,-1.0785554347477
"Eastern_Bering_Sea",1954,-0.86881402368443,-1.15128344527837,-0.952951284038116,-1.27957606917275,-1.14843025682607,-1.19055376445513
"Eastern_Bering_Sea",1955,-1.43375286687231,-1.11728010877496,-1.03445808041145,-1.01728444447939,-1.52239602558394,-1.44145604011354
"Eastern_Bering_Sea",1956,-0.8008073506776,-0.0139925167874633,-0.487245966815746,-2.02750760668848,-1.89318392613555,-1.60121743225016
"Eastern_Bering_Sea",1957,0.772822317102673,0.433969231614757,0.0223770375173047,-1.75886024558262,-0.638256523435022,-1.10134021785284
"Eastern_Bering_Sea",1958,0.0951161461268406,-0.250537833556526,0.090582216663207,0.482347198712575,-0.347194664317166,-0.817749858072317
"Eastern_Bering_Sea",1959,-0.596191813239893,-0.274892985044931,-0.151556607987674,-1.17673652734691,-0.935539024169737,-0.462910283208966
"Eastern_Bering_Sea",1960,0.046405843150032,-0.407108327982576,-0.470136156401681,-0.694341520992565,-0.753228572988316,-0.894397891107847
"Eastern_Bering_Sea",1961,-0.860622499115183,-0.73391328434933,-0.473806908516209,-0.812115624984067,-0.673948602801718,-0.680746242198667
"Eastern_Bering_Sea",1962,-0.607204069583477,-0.51905495240803,-0.632910801310414,-0.535781580619369,-0.549913616053149,-0.637314285696788
"Eastern_Bering_Sea",1963,-0.430905835232583,-0.662828066282455,-0.644286734049462,-0.564045651486929,-0.551008938061085,-0.54593315224718
"Eastern_Bering_Sea",1964,-0.894750297332327,-0.990975699428847,-0.804285744696759,-0.537972224635242,-0.734324438156319,-0.677564842599855
"Eastern_Bering_Sea",1965,-1.08720110152537,-0.546635880434327,-0.662674019400327,-0.930676651677396,-0.534170517789448,-0.535437753404712
"Eastern_Bering_Sea",1966,-0.00607065934328772,0.685886226433893,0.0948571171141401,-0.137664383901499,-0.114142343836215,-0.386320446449942
"Eastern_Bering_Sea",1967,1.37784311221107,0.510721029371758,0.338457133133409,-0.0906203037709308,-0.166381973575836,-0.156809443684391
"Eastern_Bering_Sea",1968,-0.356401053467558,0.0208405694522407,0.473174750371852,-0.242143643380742,-0.278526767715941,-0.215891279734271
"Eastern_Bering_Sea",1969,0.39808219237204,0.15042488264076,-0.0185170960620125,-0.31490989205114,-0.144142806216886,-0.176809751938171
"Eastern_Bering_Sea",1970,-0.0972324270905189,-1.08406888232014,-0.590018524089411,0.0266242796173671,-0.14102817073802,-0.19898874450906
"Eastern_Bering_Sea",1971,-2.07090533754975,-1.82293444706755,-1.24770044040854,-0.308680621093407,-0.834964563494809,-0.547768282457417
"Eastern_Bering_Sea",1972,-1.57496355658535,-1.18824830351807,-1.48246731486196,-1.36124850589621,-0.979327495392523,-0.755778537292818
"Eastern_Bering_Sea",1973,-0.801533050450785,-0.288649257318431,-0.717420690407404,-0.597406484888836,-0.318426319636536,-0.666033715056427
"Eastern_Bering_Sea",1974,0.224234535813923,-0.325162886734347,-0.483952941306493,-0.0394461543842365,-0.174496867788948,-0.315466740155577
"Eastern_Bering_Sea",1975,-0.874560309282618,-0.874816979267834,-0.508466474240582,-0.30954758119366,-0.753275834758377,-0.515332607966997
"Eastern_Bering_Sea",1976,-0.875073649253051,-0.10078848720662,-0.358712427898619,-1.19700408832309,-0.462051699996332,-0.411216993728775
"Eastern_Bering_Sea",1977,0.67349667483981,0.941121977127438,0.335723435000608,0.272900688330429,0.455249776959303,-0.0955015114681622
"Eastern_Bering_Sea",1978,1.20874727941507,1.51966661469867,1.23760996807905,0.637598865588177,1.10478539622651,0.827490493594485
"Eastern_Bering_Sea",1979,1.83058594998228,0.942580590136438,1.03130281989598,1.57197192686485,1.19854893197758,1.01156557651444
"Eastern_Bering_Sea",1980,0.0545752302905969,0.792275162451024,1.13837875829478,0.825125937090305,0.521831958061267,0.871878614329128
"Eastern_Bering_Sea",1981,1.52997509461145,0.62413997544073,0.434285060390685,0.21853797903223,0.586479440535266,0.666028272720279
"Eastern_Bering_Sea",1982,-0.281695143729991,0.438216266364472,0.802135875780131,0.954420902038301,0.513440092984762,0.415139388333918
"Eastern_Bering_Sea",1983,1.15812767645893,0.997827002503656,0.571319620425774,0.0724592839312223,0.631100555437619,0.738874004304513
"Eastern_Bering_Sea",1984,0.837526328548378,0.548011656423101,0.751383663101712,1.18974182694402,1.5649132425503,1.06742858967727
"Eastern_Bering_Sea",1985,0.258496984297825,0.476943904871897,0.597138046097391,1.94008465815659,1.57569330084313,1.44704280954342
"Eastern_Bering_Sea",1986,0.695390825445969,0.745340823430654,0.583059543719711,1.21130194352967,1.47994444425715,1.63332451555696
"Eastern_Bering_Sea",1987,0.795290821415338,0.680490422763703,0.685457223657791,1.74858694498463,1.40140867382685,1.33803976372779
"Eastern_Bering_Sea",1988,0.565690024112067,0.72680090472093,0.749630876952399,1.05423040266907,0.644158251751562,1.01230114949592
"Eastern_Bering_Sea",1989,0.887911785329793,0.730019283435886,0.67524286366128,0.234086100834053,0.379689490710769,0.604536461363537
"Eastern_Bering_Sea",1990,0.572126781541979,0.801351296415278,0.830204792720116,0.525292880587486,0.612677559984425,0.486480406934301
"Eastern_Bering_Sea",1991,1.03057581128858,0.380993823534106,0.44470480953673,0.700062239381364,0.865780645522954,0.752284723877798
"Eastern_Bering_Sea",1992,-0.268588164220367,0.487308040247302,0.668397297261061,1.03149905166454,0.582452425470754,0.621655696774291
"Eastern_Bering_Sea",1993,1.24320424471497,0.966339821369471,0.554697159506192,0.133405799276966,0.821527283707159,0.891517873026287
"Eastern_Bering_Sea",1994,0.689475398023972,0.627276179583834,0.832585534627546,1.50964876813735,0.767088351456326,0.555860834063206
"Eastern_Bering_Sea",1995,0.565076961143695,1.00069258509424,0.896953522737482,0.0245279347752991,0.63926874020946,0.929395416185424
"Eastern_Bering_Sea",1996,1.43630820904478,1.55284248340442,1.22358730931751,1.25400954564362,1.20623416602388,0.812332088941021
"Eastern_Bering_Sea",1997,1.66937675776405,1.04120943406109,1.17290902572232,1.15845878640414,0.975298898516695,1.068202447559
"Eastern_Bering_Sea",1998,0.413042110358136,-0.159714201791913,0.449982784726742,0.792139010629245,0.583090983000062,0.774880250801423
"Eastern_Bering_Sea",1999,-0.732470513941961,-0.176146850749098,0.0202494696199798,0.374042955370879,-0.414791662880066,-0.0124814383769623
"Eastern_Bering_Sea",2000,0.380176812443765,0.939124681869779,0.381926283265866,-1.20362628113101,0.808443954478324,0.663643621442509
"Eastern_Bering_Sea",2001,1.49807255129579,1.63807572262331,1.2187760858968,2.82051419008766,1.5665734892735,0.643173565805332
"Eastern_Bering_Sea",2002,1.77807889395083,2.36463786571693,2.07578276090989,0.312632788459348,1.38957701691186,1.86655607463712
"Eastern_Bering_Sea",2003,2.95119683748303,2.38294727929247,2.18132448417859,2.46652124536437,2.17775658990458,1.5560486560895
"Eastern_Bering_Sea",2004,1.81469772110191,1.93272390374872,2.27221488166016,1.88899193444479,1.78237661448064,2.01042482477521
"Eastern_Bering_Sea",2005,2.05075008639554,1.45124299452141,1.57239457004824,1.67576129451648,0.82659658445209,1.18072836778299
"Eastern_Bering_Sea",2006,0.851735902647276,0.694072615517217,1.14629843914332,-0.0225681256123006,0.30902193168682,0.764601719296707
"Eastern_Bering_Sea",2007,0.536409328387158,0.0995411257365828,0.350272718040147,0.64061198898594,0.253893851467275,0.161739859107416
"Eastern_Bering_Sea",2008,-0.337327076913992,-0.267193007141513,0.000674438034710438,-0.13282428605139,-0.494944250610026,-0.116425504078037
"Eastern_Bering_Sea",2009,-0.197058937369034,-0.115003445800102,-0.189111322838065,-0.857064215168662,-0.405657618721911,-0.314713174498404
"Eastern_Bering_Sea",2010,-0.032947954231169,0.184993055796939,0.0576423914082813,0.0457489777248397,0.234872131967518,-0.129106650411209
"Eastern_Bering_Sea",2011,0.402934065825047,-0.366359696309982,-0.255222448950378,0.423995286210196,-0.166421129407436,-0.095697760363344
"Eastern_Bering_Sea",2012,-1.13565345844501,-0.296013791192449,-0.0630311721866173,-0.756837545025068,-0.796823223382061,-0.389883720184642
"Eastern_Bering_Sea",2013,0.543625876060112,1.67187641696316,0.736033125160439,-0.836808901739054,0.228709186001868,-0.0998063910071105
"Eastern_Bering_Sea",2014,2.80012695786622,2.77837895772586,2.03346126383728,1.29422727374279,1.98338336114877,1.04331927351949
"Eastern_Bering_Sea",2015,2.75663095758551,3.55467114341127,3.30315641489625,2.67253944855474,2.80263742488616,2.2998340411717
"Eastern_Bering_Sea",2016,4.35271132923703,3.57044461154835,3.29917339356073,2.93273540121757,3.11850525979066,2.96984998937869
"Eastern_Bering_Sea",2017,2.78817789385967,3.16281711645304,3.55944852071437,3.30427511836375,3.30249648118049,3.17924278785952
"Eastern_Bering_Sea",2018,3.53745633904641,3.8727345742192,3.51121568076603,3.30071784399723,3.12292776984054,3.18337688601494
"Eastern_Bering_Sea",2019,4.208012809392,3.41185840776412,3.45372438485822,2.94513769568385,2.39886338445512,2.69948153763582
"Eastern_Bering_Sea",2020,2.61570400613624,1.93222332578495,2.69081982032063,1.85258907322639,1.87319751734657,2.23051091012566
"Eastern_Bering_Sea",2021,1.24874264543366,NA,NA,1.89380596146674,NA,NA
"Gulf_of_Alaska",1950,-1.48651508806923,-0.952360092047414,NA,NA,NA,NA
"Gulf_of_Alaska",1951,-0.4182050960256,-0.450897256186254,-0.796103200147245,-0.522186913459072,-0.565182044165445,NA
"Gulf_of_Alaska",1952,-0.483589416346908,-0.191852592956743,-0.267303427313028,-0.608177174871818,-0.288715854590009,-0.366539540879697
"Gulf_of_Alaska",1953,0.0998842304334229,0.26591911052024,0.0160829348978574,0.0307454656917997,-0.187947979520986,-0.328024377971263
"Gulf_of_Alaska",1954,0.431953990607058,0.0664047328285718,0.0775645653635221,-0.406641424733772,0.363472918027718,0.252563767249078
"Gulf_of_Alaska",1955,-0.299144524949914,-0.17606421725261,0.0266085187006122,1.13358726078921,0.346303181322336,0.0953216459702998
"Gulf_of_Alaska",1956,-0.0529839095553068,0.774808693320137,0.41682428723012,-0.440980898144537,-0.680913196145321,-0.0760797105004779
"Gulf_of_Alaska",1957,1.60260129619558,1.54697990517769,1.01365863360002,-0.920845494146105,0.665116528860012,0.296417386525162
"Gulf_of_Alaska",1958,1.49135851415979,1.25718809129962,1.37232582626494,2.25107855186613,1.4692397194231,0.672544648233368
"Gulf_of_Alaska",1959,1.02301766843945,0.627792411142219,0.915647778814744,0.687400886980079,0.769027226434393,1.26304433491164
"Gulf_of_Alaska",1960,0.23256715384499,0.416078816609898,0.618391767219749,0.850653565888706,0.484334887866866,0.552023554237937
"Gulf_of_Alaska",1961,0.599590479374807,0.561629293019482,0.451941913294651,0.118016209845026,-0.0615167059692517,0.242540051316734
"Gulf_of_Alaska",1962,0.523668106664157,0.934883778903509,0.823119345727275,-0.24104962178353,0.337091917882636,0.264066681870099
"Gulf_of_Alaska",1963,1.34609945114286,0.511257962239826,0.515394677047936,0.915233457548802,1.07123637206985,0.633807707452056
"Gulf_of_Alaska",1964,-0.323583526663209,-0.822479825551054,-0.0996200666530828,1.2272392865909,-0.125367923458677,0.221499203543816
"Gulf_of_Alaska",1965,-1.3213761244389,-1.1443070709397,-0.870732556180872,-1.47797513350825,-0.919597885712588,-0.20398549494476
"Gulf_of_Alaska",1966,-0.967238017440508,-0.398480366284435,-0.706112285669256,-0.361220637916926,-0.543706189837183,-0.855129171060872
"Gulf_of_Alaska",1967,0.170277284871638,0.153040610649035,-0.220385598714146,-0.72619174175744,-0.353255868610846,-0.355910791712873
"Gulf_of_Alaska",1968,0.135803936426432,-0.356788454066397,-0.181099874420385,0.0196800045357477,-0.869010376832593,-0.821404165140875
"Gulf_of_Alaska",1969,-0.849380844559226,-0.45536923685647,-0.258311512428836,-1.75770075820093,-0.479922027094599,-0.31338801655115
"Gulf_of_Alaska",1970,-0.0613576291537141,-1.19849203461757,-1.08212163793145,0.797856704011735,0.136111388666959,-0.495159326955672
"Gulf_of_Alaska",1971,-2.33562644008142,-2.31501218152515,-1.56379399740134,-0.525633926677818,-1.4421967558305,-0.69551226921642
"Gulf_of_Alaska",1972,-2.29439792296889,-1.97558629182066,-2.09559967457424,-2.35875958498318,-1.87890147275339,-1.4278122907282
"Gulf_of_Alaska",1973,-1.65677466067243,-1.00284399384826,-1.4333619702218,-1.3990433605236,-1.38825291907825,-1.71175514104656
"Gulf_of_Alaska",1974,-0.348913327024086,-1.09270698708434,-1.28072954494703,-1.37746247763289,-1.07119715046464,-1.18047922048429
"Gulf_of_Alaska",1975,-1.83650064714459,-1.39691352946863,-1.04758012865378,-0.764931823296391,-1.02058805855697,-1.13954619824894
"Gulf_of_Alaska",1976,-0.957326411792678,-0.0487508399517239,-0.644667442349345,-1.27624429381755,-0.328105472320828,-0.473714255979349
"Gulf_of_Alaska",1977,0.85982473188923,0.332388671104054,-0.09751635652819,0.62003334917589,-0.0810933165320442,-0.479476975627211
"Gulf_of_Alaska",1978,-0.195047389681122,0.310932803239587,0.493896779456134,-0.782219982239978,-0.35570667665168,-0.0304600013758235
"Gulf_of_Alaska",1979,0.816912996160296,0.30144960122201,0.135950604254299,0.0708066289366179,0.242658349841263,-0.0989677608524841
"Gulf_of_Alaska",1980,-0.214013793716276,0.568870535029085,0.651551355406155,0.414510070745908,0.456489931983766,0.32792883096805
"Gulf_of_Alaska",1981,1.35175486377445,0.253516866110218,0.0976733128347196,0.498469793221625,0.408812935615077,0.410711980658687
"Gulf_of_Alaska",1982,-0.84472113155401,0.331107392183773,0.67132321604733,0.319156078008529,0.515937456895585,0.510114902337598
"Gulf_of_Alaska",1983,1.50693591592156,1.56929866531429,0.764625399691523,0.712718835782641,1.0341091311708,0.795791446783377
"Gulf_of_Alaska",1984,1.63166141470702,0.497377432647006,0.833896927071856,1.35549942655896,1.2808303306783,1.09145983237975
"Gulf_of_Alaska",1985,-0.636906549413013,-0.195551735987301,0.413519314244141,1.20616123479764,0.417492910523159,0.730161749201759
"Gulf_of_Alaska",1986,0.245803077438412,0.425978314274863,0.0716833597122379,-0.371175413751327,0.708044382100485,0.874083332999538
"Gulf_of_Alaska",1987,0.606153551111315,0.426270743848382,0.366114855045059,1.7872641779523,1.46256608659453,0.851318919812575
"Gulf_of_Alaska",1988,0.246387936585449,0.364481083684233,0.445038572826594,1.13786799523676,0.413655142189655,0.871524820777203
"Gulf_of_Alaska",1989,0.482574230783017,0.316429948156871,0.293082610966397,-0.310557710857444,-0.267392970811316,0.201027351204707
"Gulf_of_Alaska",1990,0.150285665530726,-0.153780549017428,0.0583377109160535,-0.224228230765188,-0.511181405638767,-0.444306840711659
"Gulf_of_Alaska",1991,-0.457846763565582,-0.328716757010865,-0.169049282830335,-0.798134580512346,-0.165381596118117,-0.184997141000474
"Gulf_of_Alaska",1992,-0.199586750456149,0.396378289481954,0.111636605132775,0.467371388276113,0.172165549406765,-0.151267827232939
"Gulf_of_Alaska",1993,0.992343329420056,0.648400196274283,0.365737880697472,-0.123040289462583,0.49004309588359,0.482485860014431
"Gulf_of_Alaska",1994,0.30445706312851,-0.0255463087627484,0.313750237298186,1.10312648122976,0.0522872392427208,-0.00615527032571371
"Gulf_of_Alaska",1995,-0.355549680654007,-0.230128776995739,-0.0519334969543228,-0.998552002744321,-0.792565065905238,-0.160667883526904
"Gulf_of_Alaska",1996,-0.104707873337472,0.797410995359201,0.413090770021465,-0.586578129066155,-0.695091264608693,-0.796244843987236
"Gulf_of_Alaska",1997,1.69952986405587,1.3670150634231,0.876440751169574,-0.803604400151231,0.472871581043155,0.119721677673385
"Gulf_of_Alaska",1998,1.03450026279032,0.0749233832990615,0.616458876884665,1.74934756223754,1.21932957566675,0.545018250394087
"Gulf_of_Alaska",1999,-0.884653496192197,-0.576368696093525,-0.0394123764655768,0.689311589095952,0.0105103252535563,0.590122737581551
"Gulf_of_Alaska",2000,-0.268083895994853,-0.104800636891533,-0.364751589991754,-0.668290938588839,-0.113367117906114,0.154192451094575
"Gulf_of_Alaska",2001,0.0584826222117884,0.269924121417097,0.0905881156131133,0.441556702776611,-0.198766091861684,-0.355274374104069
"Gulf_of_Alaska",2002,0.481365620622405,1.09823550786576,0.751651212647767,-0.839088886499978,0.829551964694693,0.700220210721999
"Gulf_of_Alaska",2003,1.71510539510911,1.48937362986964,1.15337096012056,2.49819281588936,1.36581494434887,0.630847000732587
"Gulf_of_Alaska",2004,1.26364186463018,1.59020846063185,1.63184077212427,0.233437072808376,0.222216922714338,0.98087555377268
"Gulf_of_Alaska",2005,1.91677505663353,0.910258574751269,1.0280530047109,0.2109967726203,0.10483480297196,0.147702226250766
"Gulf_of_Alaska",2006,-0.0962579071309874,-0.376535189464862,0.3879015592346,-0.00132716667637936,-0.552950603594118,-0.298301478189312
"Gulf_of_Alaska",2007,-0.656812471798737,-0.804303279891751,-0.568288155638163,-1.10457404051186,-1.10857009647834,-0.739489119877684
"Gulf_of_Alaska",2008,-0.951794087984765,-0.760477448096768,-0.725922455997425,-1.11256615244482,-1.1635002855568,-1.14385820387516
"Gulf_of_Alaska",2009,-0.569160808208772,0.0147652630097125,-0.30742118732178,-1.21443441866879,-0.411467952767587,-0.645167352659997
"Gulf_of_Alaska",2010,0.598691334228197,0.366532040135504,0.0546344240207453,0.391498513133617,0.429581733726723,-0.118423650405115
"Gulf_of_Alaska",2011,0.134372746042811,-0.445810275893845,-0.0976430725198308,0.467664954319829,-0.404606709563031,-0.139238301997482
"Gulf_of_Alaska",2012,-1.0259932978305,-0.193778364744144,-0.0843946611484926,-1.27687837344589,-0.619821653287786,-0.257326117418581
"Gulf_of_Alaska",2013,0.638436568342211,1.52160871001143,0.672408040730787,0.0372350668703188,0.390548244458356,-0.165260628176393
"Gulf_of_Alaska",2014,2.40478085168065,2.38040292641853,1.79974747372642,0.743861422046394,1.71001481266709,1.15242156406817
"Gulf_of_Alaska",2015,2.35602500115641,2.87413784200532,2.7176855118971,2.67616820328779,2.44517002563238,1.87806715777039
"Gulf_of_Alaska",2016,3.39225068285424,2.32287145563896,2.33392263747811,2.21417184797698,2.07891724498315,2.27800089775136
"Gulf_of_Alaska",2017,1.25349222842368,1.759436598033,2.30370795964008,1.94366264198933,1.45677280168488,1.70923915044891
"Gulf_of_Alaska",2018,2.26538096764232,2.81520991478936,2.29463735266747,0.969882961380434,1.87769581849806,1.89968475966181
"Gulf_of_Alaska",2019,3.3650388619364,2.44195169741264,2.3830947874892,2.78550867561568,2.24518039131084,1.82008124800071
"Gulf_of_Alaska",2020,1.51886453288888,0.847609313996462,1.68675249664311,1.704852107006,1.16111771328837,1.70258136739747
"Gulf_of_Alaska",2021,0.176354095104042,NA,NA,0.617383319570735,NA,NA
"British_Columbia_Coast",1950,-1.97813018258409,-1.37945541499668,NA,NA,NA,NA
"British_Columbia_Coast",1951,-0.780780647409267,-0.716899865993268,-1.13730997152354,-0.895181658073951,-0.969618784249444,NA
"British_Columbia_Coast",1952,-0.653019084577269,-0.395920395759113,-0.524207146309164,-1.04405591042494,-0.539881314832058,-0.658314762579356
"British_Columbia_Coast",1953,-0.138821706940956,-0.139734215669809,-0.310829171972296,-0.0357067192391796,-0.000375197875005055,-0.348268768724982
"British_Columbia_Coast",1954,-0.140646724398663,-0.626500005925913,-0.463940572930927,0.0349563234891695,0.312009784477615,0.196104283238684
"British_Columbia_Coast",1955,-1.11235328745316,-0.545047606031926,-0.410247312154171,0.589063245466061,-0.306908226962597,-0.192953376812008
"British_Columbia_Coast",1956,0.0222580753893125,0.503628754801506,-0.0350319259500508,-1.20287969939126,-1.07930045209788,-0.523179219576565
"British_Columbia_Coast",1957,0.984999434213699,1.69865668517524,1.13985714857993,-0.9557212048045,0.404252379405023,-0.13145831352707
"British_Columbia_Coast",1958,2.41231393613679,1.52392228618015,1.34428133552467,1.76422596361455,1.3664891405819,0.5924190254531
"British_Columbia_Coast",1959,0.63553063622352,0.566860849758721,1.18201187855141,0.968752317549254,0.997784866814236,1.25326523241434
"British_Columbia_Coast",1960,0.498191063293922,0.655062084696597,0.648551601872238,1.02681741607922,1.00021376160536,0.989726613586656
"British_Columbia_Coast",1961,0.811933106099272,0.871145772592641,0.746827536159735,0.973610107131497,0.66444727028117,0.78523731888052
"British_Columbia_Coast",1962,0.930358439086011,1.34996846803356,1.1706233473888,0.355284433430844,1.11407846313205,1.06725567779853
"British_Columbia_Coast",1963,1.76957849698111,0.677886137943299,0.762043571657537,1.87287249283326,1.2159277317441,0.929046632306346
"British_Columbia_Coast",1964,-0.413806221094508,-0.640682114376791,0.162738089409175,0.558982970654938,-0.195063131949122,0.494248742978337
"British_Columbia_Coast",1965,-0.867558007659075,-0.659697531779077,-0.577733761550887,-0.949109234553181,-0.493169761946981,-0.142452184413008
"British_Columbia_Coast",1966,-0.45183705589908,-0.0731262935305355,-0.337936864906715,-0.03723028934078,-0.30868308969659,-0.522158471315453
"British_Columbia_Coast",1967,0.305584468838009,-0.115048464542707,-0.227311328328164,-0.580135890052399,-0.488867748289868,-0.338321928640172
"British_Columbia_Coast",1968,-0.535681397923422,-0.860161881011675,-0.471579764395114,-0.397599606527337,-1.13402329061526,-0.949394157094304
"British_Columbia_Coast",1969,-1.18464236409993,-0.960522413236753,-0.818908741465643,-1.87044697470318,-0.772247254715574,-0.647364705319495
"British_Columbia_Coast",1970,-0.73640246237358,-1.29470058803028,-1.25801451338683,0.325952465272028,-0.45632391233914,-0.927698266460485
"British_Columbia_Coast",1971,-1.85299871368697,-1.61365681145374,-1.32123869509369,-1.23860028995031,-1.69098785960586,-1.0186744179799
"British_Columbia_Coast",1972,-1.3743149092205,-1.28728102590965,-1.47585358850209,-2.14337542926141,-1.59720672214557,-1.47767124474715
"British_Columbia_Coast",1973,-1.2002471425988,-0.960826907837759,-1.09865624163201,-1.05103801502973,-1.32535139345461,-1.59802607205688
"British_Columbia_Coast",1974,-0.721406673076723,-1.22197478323833,-1.21473223635848,-1.59966477187949,-1.02694065607718,-1.03497310906136
"British_Columbia_Coast",1975,-1.72254289339994,-1.41467558957137,-1.18358595073982,-0.454216540274862,-1.03247396143907,-1.22153756491921
"British_Columbia_Coast",1976,-1.1068082857428,-0.572845028160292,-0.95607764990684,-1.61073138260327,-0.303218979007232,-0.353551499429775
"British_Columbia_Coast",1977,-0.0388817705777854,0.160259130539838,-0.262096674887707,1.00429342458881,0.469245934882811,-0.22407983761255
"British_Columbia_Coast",1978,0.359400031657461,0.369973544828428,0.233688439693023,-0.0658015548231873,-0.452037636619871,0.0334060504496889
"British_Columbia_Coast",1979,0.380547057999394,0.132147567685093,0.207898389009215,-0.838273718416555,-0.17230309698539,-0.136802582931322
"British_Columbia_Coast",1980,-0.116251922629209,0.142875185021587,0.222099142680856,0.493667524445776,0.673199209470253,0.16937490017465
"British_Columbia_Coast",1981,0.402002292672382,-0.149580928562431,-0.138471259918023,0.85273089449473,0.293428005275593,0.360174511665654
"British_Columbia_Coast",1982,-0.701164149797244,0.263644306412058,0.3097636351655,-0.265874883943543,0.156317093407065,0.388455027102954
"British_Columbia_Coast",1983,1.22845276262136,0.489703167944512,0.0927473953639269,0.578509070757674,0.657285362640604,0.349565280445888
"British_Columbia_Coast",1984,-0.249046426732336,-0.631436836046278,-0.0114736364903989,0.736061654523534,0.188174078481353,0.31828574257346
"British_Columbia_Coast",1985,-1.01382724536022,-0.352697737013458,-0.318147300253084,-0.359713497560828,-0.523081487367223,-0.103367106736971
"British_Columbia_Coast",1986,0.308431771333304,0.343613432131728,-0.108866793698922,-0.686449477173619,0.316821072349057,0.0913095490457623
"British_Columbia_Coast",1987,0.378795092930152,0.0431690535383443,0.131589959469998,1.32009162187173,1.06759243765733,0.482911799380344
"British_Columbia_Coast",1988,-0.292456985853463,0.0345086000197547,0.14927076432322,0.815093253442918,0.0462124864931343,0.470838864952667
"British_Columbia_Coast",1989,0.361474185892973,0.415374059448218,0.179430377680991,-0.72266828045665,-0.425992129424437,-0.012297001801985
"British_Columbia_Coast",1990,0.469273933003463,0.235664609746944,0.277601135128953,-0.129315978392224,-0.333177436763528,-0.463007717994569
"British_Columbia_Coast",1991,0.00205528649042443,0.58144376785736,0.544053822906061,-0.537038895134833,0.287770577528692,0.148741725555054
"British_Columbia_Coast",1992,1.1608322492243,1.10093345030182,0.734640729031352,1.11258005019222,0.708628638751239,0.293406127455882
"British_Columbia_Coast",1993,1.04103465137934,1.14782623293994,1.15216157170139,0.30467722731026,0.705163864832273,0.840969259952254
"British_Columbia_Coast",1994,1.25461781450054,1.26095199112701,1.18764621121112,1.10565050235429,0.535287591781602,0.458417470291155
"British_Columbia_Coast",1995,1.26728616775347,0.692979375155242,0.880192188270342,-0.0350753187910818,0.27607535186017,0.552600402024875
"British_Columbia_Coast",1996,0.118672582557014,0.864271472552174,0.998609704285939,0.587226022511422,0.11488534898854,0.0648984597286664
"British_Columbia_Coast",1997,1.60987036254733,1.59383487171732,1.10211410866388,-0.357455324534341,0.954452005522055,0.832043344518511
"British_Columbia_Coast",1998,1.5777993808873,0.335066181132177,0.760000908270563,2.26635933557845,1.34113078166121,0.774935412929357
"British_Columbia_Coast",1999,-0.907667018622948,-0.427246139968992,0.241102366983106,0.41590222774396,0.113915062233414,0.83139648668176
"British_Columbia_Coast",2000,0.053174738684964,-0.294484912576833,-0.498878947925538,-0.188072103277132,0.0721447071863352,0.18673054737221
"British_Columbia_Coast",2001,-0.64214456383863,-0.179821947599122,-0.102156385504427,0.332361517649802,-0.138754479497174,-0.155193687423826
"British_Columbia_Coast",2002,0.282500668640386,0.834831477440639,0.342506130347549,-0.60987047664415,0.622252902331337,0.525622440770825
"British_Columbia_Coast",2003,1.38716228624089,1.37931635806341,1.01371112825574,1.85437628130682,1.10180008293016,0.531243229738721
"British_Columbia_Coast",2004,1.37147042988594,1.46385997965189,1.43829408184823,0.34922388455349,0.439381118304106,0.911046172638346
"British_Columbia_Coast",2005,1.55624952941785,0.912395326092796,1.06542036069051,0.529538352054723,0.57794259431881,0.501703024397037
"British_Columbia_Coast",2006,0.268541122767739,-0.0975174620262595,0.453738201788445,0.626346836582898,0.108226752065483,0.248663952061896
"British_Columbia_Coast",2007,-0.463576046820258,-1.08672168625269,-0.634967416579214,-0.409893332451932,-0.905625785026562,-0.394968244490076
"British_Columbia_Coast",2008,-1.70986732568512,-1.30434835326592,-1.02409091778403,-1.40135823760119,-1.35881745467345,-1.04250941393294
"British_Columbia_Coast",2009,-0.898829380846713,-0.343420694372984,-0.798902904810364,-1.3162766717457,-0.497367946050791,-0.798698043234258
"British_Columbia_Coast",2010,0.211987992100746,-0.0198882071520382,-0.312868598383597,0.321540779644119,0.156855469259469,-0.334188577742254
"British_Columbia_Coast",2011,-0.251764406404822,-0.435507350399768,-0.219675569566263,-0.00782984112517998,-0.493923219148266,-0.222101886217471
"British_Columbia_Coast",2012,-0.619250294394714,0.0322384728427914,-0.0624291535730799,-0.980016597171351,-0.594252072385755,-0.398777995298896
"British_Columbia_Coast",2013,0.683727240080296,1.29634234273702,0.657811463693109,-0.208487547600158,-0.18091781571973,-0.447284076203604
"British_Columbia_Coast",2014,1.90895744539374,2.44803240881472,1.85993068590324,-0.153348083839302,1.40207137347476,0.865218399783122
"British_Columbia_Coast",2015,2.98710737223569,2.78607371367104,2.49370162424527,2.95749083078883,2.60219116900714,1.68367808472499
"British_Columbia_Coast",2016,2.58504005510638,1.76219611765983,2.17049986918512,2.24689150722545,1.70936342066488,2.12540589070619
"British_Columbia_Coast",2017,0.939352180213277,1.33992465294239,1.75496312033039,1.17183533410431,0.869971889724883,1.3289450955584
"British_Columbia_Coast",2018,1.7404971256715,1.84416878079606,1.54256324726847,0.568108445345455,1.02560213752082,1.07434653638198
"British_Columbia_Coast",2019,1.94784043592062,1.61781649842681,1.65871004084171,1.48309582969619,1.05821634524632,0.894847045279362
"British_Columbia_Coast",2020,1.28779256093301,0.842439256155369,1.21090631607712,0.633336860796444,0.545125883755897,0.85778253240266
"British_Columbia_Coast",2021,0.397085951377731,NA,NA,0.45691490671535,NA,NA
"Northern_California_Current",1950,-1.35202054637657,-1.00782281642294,NA,NA,NA,NA
"Northern_California_Current",1951,-0.663625086469301,-0.675365174755754,-0.900916965296028,-0.136971867980904,-0.415490537822636,NA
"Northern_California_Current",1952,-0.687105263042207,-0.172398123216186,-0.336140444300557,-0.694009207664367,-0.31927529568154,-0.258507486447995
"Northern_California_Current",1953,0.342309016609836,0.338593335822943,-0.00330619713210706,0.0554586163012872,0.342599548989672,-0.00293670322834119
"Northern_California_Current",1954,0.33487765503605,-0.42371044335152,-0.168370623364401,0.629740481678057,0.699380179830531,0.484739658654116
"Northern_California_Current",1955,-1.18229854173909,-0.626440738082096,-0.30600127370938,0.769019877983005,-0.1974889585893,0.0782541881664855
"Northern_California_Current",1956,-0.0705829344251023,0.45361792455523,-0.091687564209543,-1.16399779516161,-0.83851089670884,-0.302667305144891
"Northern_California_Current",1957,0.977818783535562,1.65308553537868,1.07852937877742,-0.513023998256074,0.455153298812724,-0.0845637325120525
"Northern_California_Current",1958,2.3283522872218,1.61385674302186,1.40184408985976,1.42333059588152,1.43043873067412,0.78261782103072
"Northern_California_Current",1959,0.899361198821924,0.753184030855164,1.27824011631071,1.43754686546671,1.18090629111182,1.26171439270172
"Northern_California_Current",1960,0.607006862888403,0.748748932674356,0.798953021390212,0.924265716756932,1.13337658334122,1.23476667738305
"Northern_California_Current",1961,0.890491002460309,0.724229357363682,0.685155192538589,1.34248744992552,0.628798773726701,0.727287754736778
"Northern_California_Current",1962,0.557967712267055,1.15980516822568,1.07003377963722,-0.0848899024721155,0.838263754097091,1.00633831937323
"Northern_California_Current",1963,1.76164262418431,0.74594766842852,0.683287683041365,1.7614174106663,1.41682314454125,0.916252128870128
"Northern_California_Current",1964,-0.269747287327267,-0.323871815303048,0.37129966452607,1.0722288784162,0.177448120387744,0.705437883813928
"Northern_California_Current",1965,-0.37799634327883,-0.351625397211597,-0.32433269391682,-0.717332637640714,-0.253767719564005,0.188231146429397
"Northern_California_Current",1966,-0.325254451144365,0.0304326470339964,-0.105710349736946,0.209797198512704,-0.0913724671599914,-0.300025857320232
"Northern_California_Current",1967,0.386119745212357,-0.0666766393160097,-0.152869243258795,-0.392542132832687,-0.257093392126126,-0.101463195246516
"Northern_California_Current",1968,-0.519473023844377,-0.77172201056357,-0.385774758638261,-0.121644651419565,-0.744020265627683,-0.626860888029351
"Northern_California_Current",1969,-1.02397099728276,-1.00868422577968,-0.845613825134581,-1.3663958798358,-0.386266419655832,-0.298059163577076
"Northern_California_Current",1970,-0.993397454276602,-1.35427498432958,-1.24417365531397,0.593863040524137,-0.467604365212511,-0.767201536753607
"Northern_California_Current",1971,-1.71515251438255,-1.62925969292446,-1.41730561337517,-1.52907177094916,-1.92570338177687,-1.08584790767653
"Northern_California_Current",1972,-1.54336687146636,-1.44878213267719,-1.53757225991231,-2.32233499260457,-1.82121838034007,-1.72383617720977
"Northern_California_Current",1973,-1.35419739388803,-1.16886845591211,-1.29370126109686,-1.32010176807557,-1.51733804565555,-1.78567036130523
"Northern_California_Current",1974,-0.983539517936192,-1.24965836324131,-1.28450470679021,-1.71457432323554,-1.12540004374477,-1.1903006185217
"Northern_California_Current",1975,-1.51577720854642,-1.11058046989233,-1.06823348590695,-0.536225764254005,-0.976858440413013,-1.22276373468719
"Northern_California_Current",1976,-0.705383731238251,-0.395883943121216,-0.76918169826295,-1.41749111657202,-0.167377783291009,-0.290327110278674
"Northern_California_Current",1977,-0.0863841550041814,0.131920592854259,-0.147180848509911,1.08273554999,0.681424599831407,-0.0182139723030686
"Northern_California_Current",1978,0.350225340712699,0.280930924115203,0.158492564408742,0.280113649672811,-0.501223195689525,0.0267630528703176
"Northern_California_Current",1979,0.211636507517707,0.10898814806409,0.189400545613626,-1.28256004105186,-0.338135545171821,-0.13205248022361
"Northern_California_Current",1980,0.00633978861047177,0.12503743627256,0.153903793354276,0.60628895070822,0.750593424702847,0.0728756027846102
"Northern_California_Current",1981,0.243735083934649,-0.205762954600921,-0.135062040197124,0.894897898697473,0.255882714363696,0.372684793145204
"Northern_California_Current",1982,-0.655260993136491,0.341991932184167,0.309239649434327,-0.383132469970081,0.0869978743108863,0.356297882439749
"Northern_California_Current",1983,1.33924485750482,0.549329758214911,0.147799507764444,0.557128218591853,0.530156452336787,0.225726811567831
"Northern_California_Current",1984,-0.240585341075002,-0.705966387677127,-0.0242293059498101,0.50318468608172,-0.0733373399049445,0.136817846260655
"Northern_California_Current",1985,-1.17134743427925,-0.7881314235183,-0.605616062703868,-0.649859365891609,-0.861822264458916,-0.406819947612037
"Northern_California_Current",1986,-0.404915412757348,-0.131038727123375,-0.477808296175334,-1.07378516302622,-0.352609894391021,-0.451693051557884
"Northern_California_Current",1987,0.142837958510597,-0.242579365038219,-0.296691380944595,0.368565374244181,0.271100636914954,-0.177194629732105
"Northern_California_Current",1988,-0.627996688587036,-0.360211996279664,-0.192528678016243,0.173635899585727,-0.532103505873436,-0.23188054583423
"Northern_California_Current",1989,-0.0924273039722916,0.0895448781958103,-0.149635644065138,-1.2378429113326,-0.733015550576904,-0.430798400522694
"Northern_California_Current",1990,0.271517060363912,-0.298879439989119,-0.230062061316843,-0.22818818982121,-0.503448016692876,-0.748246314906116
"Northern_California_Current",1991,-0.86927594034215,0.240821540813649,0.251053380663737,-0.778707843564541,-0.195328141829617,-0.206281491160148
"Northern_California_Current",1992,1.35091902196945,0.917856953998616,0.322145989218361,0.388051559905307,0.308926974703304,-0.0536179647193108
"Northern_California_Current",1993,0.484794886027785,0.760399743471929,0.957239502971102,0.229802389501302,0.324024331028883,0.345366740654358
"Northern_California_Current",1994,1.03600460091607,1.28004416058964,1.01496106906902,0.418246272556465,0.366025431694741,0.320617750963594
"Northern_California_Current",1995,1.5240837202632,0.980348484706698,0.998900523443156,0.313804590833017,0.6483764629922,0.571666399513622
"Northern_California_Current",1996,0.436613249150195,1.31876698065206,1.38720589385578,0.982948335151384,0.555422296958551,0.474883061583373
"Northern_California_Current",1997,2.20092071215393,1.90912718132817,1.41828920393551,0.127896258765718,1.29430193157168,1.19051739943158
"Northern_California_Current",1998,1.6173336505024,0.373131379972445,0.982394490699607,2.46070760437764,1.25911401360765,0.882041428660342
"Northern_California_Current",1999,-0.871070890557515,-0.353121151712233,0.303697115692646,0.0575204228376721,-0.0129987776564494,0.811570016354913
"Northern_California_Current",2000,0.164828587133048,-0.247383791855463,-0.455279491422814,-0.0835179781505709,-0.102476166599696,-0.0491439701205736
"Northern_California_Current",2001,-0.659596170843974,-0.697215091636376,-0.409867198713234,-0.121434355048822,-0.478887649659268,-0.347097759156369
"Northern_California_Current",2002,-0.734834012428777,0.104129597692399,-0.150445658486392,-0.836340944269713,0.0132171746222728,-0.0316666686014255
"Northern_California_Current",2003,0.943093207813576,0.956400805003008,0.39265586585908,0.862775293514259,0.502950070886161,0.0565197325008698
"Northern_California_Current",2004,0.969708402192441,0.807508367966223,0.852703314582007,0.143124848258064,0.171368032010227,0.401837119178237
"Northern_California_Current",2005,0.645308333740005,0.293877017938071,0.519154146022861,0.19961121576239,0.341601681568317,0.275442737131566
"Northern_California_Current",2006,-0.0575542978638626,-0.115627839987497,0.138017551255004,0.483592147374245,0.0724985168776776,0.114869416505915
"Northern_California_Current",2007,-0.17370138211113,-1.05810583078974,-0.724588653147781,-0.338595113618889,-0.902241749673,-0.440297117323918
"Northern_California_Current",2008,-1.94251027946835,-1.55807849835963,-1.09661945961013,-1.46588838572711,-1.41007889611235,-1.0529176352812
"Northern_California_Current",2009,-1.17364671725091,-0.627539792277827,-1.065863288008,-1.3542694064976,-0.536762326560453,-0.846471012949339
"Northern_California_Current",2010,-0.0814328673047464,-0.23652396853602,-0.54889821810765,0.28074475337669,-0.0345262777851431,-0.474440654022627
"Northern_California_Current",2011,-0.391615069767294,-0.434341211251813,-0.316705096602791,-0.349797308946976,-0.531514110480569,-0.260761155861483
"Northern_California_Current",2012,-0.477067352736331,-0.157081478162925,-0.235259342031048,-0.713230912014162,-0.438375383304925,-0.408849358518942
"Northern_California_Current",2013,0.162904396410481,0.890125825339589,0.434394765980949,-0.163519854595688,-0.420521917981624,-0.518091582659137
"Northern_California_Current",2014,1.6173472542687,2.18184364669186,1.50886389659807,-0.67752398136756,1.11664895414198,0.689926017896092
"Northern_California_Current",2015,2.74634003911502,2.33425583658528,2.09528630914642,2.91082188965152,2.29982508789626,1.30737539814165
"Northern_California_Current",2016,1.92217163405554,1.32891195870523,1.80138798550849,1.68882828614099,1.25864076154522,1.80936780424732
"Northern_California_Current",2017,0.735652283354922,1.05082155695566,1.34127158265562,0.828453236949444,0.738335295509542,1.05516629238669
"Northern_California_Current",2018,1.3659908305564,1.20905518762915,1.05125421953774,0.64821735406964,0.785913873042978,0.8000936610118
"Northern_California_Current",2019,1.0521195447019,0.884390948826045,1.04492424273616,0.923610392016316,0.308272154831421,0.42158722124416
"Northern_California_Current",2020,0.716662352950191,0.479445029092786,0.670336534295823,-0.307066082353475,-0.138970540584298,0.215223103615907
"Northern_California_Current",2021,0.24222770523538,NA,NA,0.0291250011848786,NA,NA
"Southern_California_Current",1950,-0.735211217724949,-0.563597975606125,NA,NA,NA,NA
"Southern_California_Current",1951,-0.391984733487301,-0.57985079596405,-0.631637603217683,0.149002897395538,-0.17667904041061,NA
"Southern_California_Current",1952,-0.767716858440799,-0.504345462406575,-0.466891886100151,-0.502360978216757,-0.466922067601481,-0.261613745935808
"Southern_California_Current",1953,-0.240974066372352,-0.167014738333686,-0.36724877836939,-0.431483156986204,-0.260505151792112,-0.341123760600327
"Southern_California_Current",1954,-0.0930554102950203,-0.720547732691284,-0.560689843918307,-0.0895271465980197,-0.0943584214682905,-0.206733333307595
"Southern_California_Current",1955,-1.34804005508755,-0.907605996906877,-0.636089134702925,-0.0991896963385613,-0.600421421536502,-0.430123329890341
"Southern_California_Current",1956,-0.467171938726205,0.316307401070995,-0.238475084315186,-1.10165314673444,-0.722005845216269,-0.514400462257033
"Southern_California_Current",1957,1.0997867408682,1.88981686734267,1.10415393198638,-0.342358543698094,0.701769121170548,0.100628365202218
"Southern_California_Current",1958,2.67984699381714,2.25918337758896,1.87271783201537,1.74589678603919,1.82458697921543,1.10227180491092
"Southern_California_Current",1959,1.83851976136078,1.13450761776591,1.64962074311632,1.90327717239166,1.44863623374799,1.54772308451173
"Southern_California_Current",1960,0.430495474171027,0.528737483463088,0.965331576095653,0.993995295104324,0.810037809847463,1.17445093069553
"Southern_California_Current",1961,0.62697949275515,0.0573907499741094,0.181758991373082,0.626080324590601,0.0275075100554968,0.349670105071773
"Southern_California_Current",1962,-0.512197992806931,0.467029680623482,0.520346284667371,-0.571065304479608,-0.0542217509654135,0.172545607553258
"Southern_California_Current",1963,1.44625735405389,0.465161838811543,0.139375228272052,0.462621802548781,0.81927436657842,0.355827809559078
"Southern_California_Current",1964,-0.515933676430808,-0.357542949357041,0.243723818446604,1.17592693060806,0.18492479741822,0.277490465795074
"Southern_California_Current",1965,-0.199152222283273,-0.314392614909784,-0.381572968750125,-0.80607733577162,-0.37386520260277,0.142732175134173
"Southern_California_Current",1966,-0.429633007536295,-0.0692698468489969,-0.112563971993756,0.0583469305660795,0.0175149998847326,-0.257015778667385
"Southern_California_Current",1967,0.291093313838301,0.139628738274806,-0.0501251769955609,-0.0233169307966143,0.190283225243637,0.146304460351118
"Southern_California_Current",1968,-0.0118358372886888,-0.283336261299987,-0.091859736253891,0.403883381283888,-0.159948874693325,-0.114404893394421
"Southern_California_Current",1969,-0.554836685311285,-0.605570251508181,-0.407658780101683,-0.723781130670538,-0.053538487982272,0.0989354684397815
"Southern_California_Current",1970,-0.656303817705076,-1.070887806319,-0.898870765983097,0.616704154705994,-0.409505986621266,-0.514264367971023
"Southern_California_Current",1971,-1.48547179493293,-1.13713746991017,-0.976859585841806,-1.43571612794853,-1.8356037056228,-1.01816775217987
"Southern_California_Current",1972,-0.788803144887412,-1.13577129245855,-1.25233812661668,-2.23549128329707,-1.43089990676775,-1.43250531382801
"Southern_California_Current",1973,-1.48273944002969,-1.42688843850535,-1.2141933406327,-0.626308530238419,-1.20862248088919,-1.55091208169182
"Southern_California_Current",1974,-1.37103743698101,-1.75189917644835,-1.66217926430879,-1.79093643153996,-1.52958709269024,-1.22849423853963
"Southern_California_Current",1975,-2.13276091591569,-1.24564049841149,-1.28743947793466,-1.26823775384052,-1.53043691171496,-1.61727008498996
"Southern_California_Current",1976,-0.358520080907293,-0.283782981825825,-0.900108959855779,-1.79263606958939,-0.333622804796407,-0.645161121144444
"Southern_California_Current",1977,-0.209045882744357,0.00489492179353992,-0.116243412440071,1.12539045999658,0.916943265793225,0.0137501539990194
"Southern_California_Current",1978,0.218835726331437,0.238630566512883,0.0894050834271362,0.708496071589872,-0.12027278919928,0.294948293866006
"Southern_California_Current",1979,0.258425406694329,0.243352882140768,0.235180496870991,-0.949041649988432,0.114697280642595,0.312630210958354
"Southern_California_Current",1980,0.228280357587208,0.263576432902454,0.261859424166413,1.17843621127362,0.930934958291595,0.304276088864919
"Southern_California_Current",1981,0.298872508217701,0.11037412771274,0.149676204337563,0.683433705309568,0.248022794400179,0.55816060002466
"Southern_California_Current",1982,-0.0781242527922207,0.798153210897362,0.631726310004142,-0.187388116509209,0.519618969097644,0.574223881168286
"Southern_California_Current",1983,1.67443067458695,1.00908915697176,0.64668468705043,1.2266260547045,1.1124055550587,0.679140997869399
"Southern_California_Current",1984,0.343747639356565,-0.231547143316853,0.403778795984413,0.998185055412908,0.0380883624253041,0.434267593185035
"Southern_California_Current",1985,-0.806841925990271,-0.282283511471855,-0.0736064611957152,-0.9220083305623,-0.590340007274768,-0.0608316530455427
"Southern_California_Current",1986,0.24227490304656,0.319677900030961,-0.0558287086427833,-0.258671683987236,0.109916413910034,-0.234058500914077
"Southern_California_Current",1987,0.397080897015361,-0.0642191240492323,0.0379455516493652,0.478504511807305,0.136827864161629,0.00499468144534067
"Southern_California_Current",1988,-0.525519145113826,-0.485760911280962,-0.191480308515521,-0.204848783484047,-0.863492984282447,-0.416160485585863
"Southern_California_Current",1989,-0.446002677448098,-0.128486178566604,-0.260830500749011,-1.52213718508085,-0.700090742662198,-0.535010089602814
"Southern_California_Current",1990,0.18903032031489,-0.598035385488038,-0.547357816141391,0.121955699756452,-0.204054504451484,-0.643415397994605
"Southern_California_Current",1991,-1.38510109129097,0.155401976349193,0.166611424337759,-0.53006470865942,-0.281104328776205,-0.146750985931986
"Southern_California_Current",1992,1.69590504398935,1.16183180506089,0.312854172943602,-0.0321439488929899,0.315337796319232,0.033536961326348
"Southern_California_Current",1993,0.627758566132419,0.510034489437216,0.905324674287928,0.662819541531454,0.561420181131815,0.363565471123547
"Southern_California_Current",1994,0.392310412742013,0.666229588903149,0.653405914646239,0.460020820732176,0.448974106542737,0.520255918205643
"Southern_California_Current",1995,0.940148765064285,0.692453972765335,0.592406119424227,0.437927392353298,0.745998054708289,0.650672310049585
"Southern_California_Current",1996,0.444759180466385,1.22572332199992,1.13053180302137,1.05406871706328,0.49405381534709,0.475345007682492
"Southern_California_Current",1997,2.00668746353345,1.50938571449462,1.15451020315187,-0.0659610863691003,1.10069567395763,1.08515335499285
"Southern_California_Current",1998,1.01208396545578,-0.188755843706581,0.543058592040096,2.26735243428436,0.620402571756407,0.391614685714571
"Southern_California_Current",1999,-1.38959565286894,-0.727834626515563,-0.147861762525115,-1.02654729077155,-0.647444771113281,0.3241542973526
"Southern_California_Current",2000,-0.0660736001621831,-0.499763103596781,-0.796373953354169,-0.268342251455012,-0.538069108516932,-0.700895169268472
"Southern_California_Current",2001,-0.93345260703138,-1.02853236446089,-0.707712776361319,-0.807795965578853,-0.844471188780988,-0.652428209672329
"Southern_California_Current",2002,-1.12361212189039,-0.338011156079107,-0.536491639729865,-0.881146411983123,-0.141406875021625,-0.363536571874034
"Southern_California_Current",2003,0.447589809732179,0.416001932362096,-0.0972027523887334,0.598332661939873,0.173863962483477,-0.177806162338723
"Southern_California_Current",2004,0.384414054992014,0.367668889337633,0.394309196135815,-0.250604736972919,-0.0007450949722871,0.1989474906651
"Southern_California_Current",2005,0.350923723683252,0.295883603857583,0.325393754235726,0.249114547028345,0.143219437514208,0.0119447126851655
"Southern_California_Current",2006,0.240843484031913,-0.194489062347123,-0.0126848003369981,0.0373243280000707,-0.233810437145033,-0.072835442420574
"Southern_California_Current",2007,-0.62982160872616,-0.949944428668972,-0.553015124435343,-0.504945202290137,-1.05214874156656,-0.688991051711016
"Southern_California_Current",2008,-1.27006724861178,-1.04616343677739,-0.907382827426978,-1.59935228084298,-1.13808889284741,-0.927040995994985
"Southern_California_Current",2009,-0.82225962494299,-0.788553807546201,-0.949058287901395,-0.676825504851836,-0.3608136137265,-0.77365983609866
"Southern_California_Current",2010,-0.754847990149412,-0.745483274795154,-0.771075391511099,-0.0448017226011638,-0.377790199781547,-0.477468634804977
"Southern_California_Current",2011,-0.736118559440896,-0.608118994610472,-0.657028659790118,-0.71077867696193,-0.447725991405311,-0.313417901803929
"Southern_California_Current",2012,-0.480119429780047,-0.488735865451917,-0.571196763448243,-0.184673305848692,-0.264391182543785,-0.4131870140165
"Southern_California_Current",2013,-0.497352301123786,0.90677720488666,0.444478326664424,-0.344109059238878,-0.19922842944173,-0.194376721577384
"Southern_California_Current",2014,2.31090671089711,2.7289406072964,1.65350963782301,-0.0543477996445811,1.53495732086368,0.908601860829493
"Southern_California_Current",2015,3.1469745036957,2.19209763009766,2.23170065703081,3.12426244137194,2.33253482335663,1.53690728235622
"Southern_California_Current",2016,1.23722075649962,1.1557038420063,1.8194607292361,1.54080720534132,1.14855143707349,1.80712177183964
"Southern_California_Current",2017,1.07418692751297,1.23736462991371,1.23731667210901,0.756295668805667,0.970050320142179,1.16030261520856
"Southern_California_Current",2018,1.40054233231444,1.19360072587642,1.15379612642194,1.18380497147869,1.08054013191094,0.972458644209184
"Southern_California_Current",2019,0.986659119438397,0.850150427554673,1.03361439580793,0.977275292343197,0.58349893093333,0.78360094444845
"Southern_California_Current",2020,0.71364173567095,0.296281945867735,0.526407670391289,0.189722569523463,-0.13174017420636,0.237931647976826
"Southern_California_Current",2021,-0.12107784393548,NA,NA,-0.453202917936182,NA,NA
