"region","year","annual.unsmoothed","annual.two.yr.running.mean","annual.three.yr.running.mean","winter.unsmoothed","winter.two.yr.running.mean","winter.three.yr.running.mean"
"North_Pacific",1950,16.1585242209143,16.1711516186073,NA,NA,NA,NA
"North_Pacific",1951,16.1837790163003,16.1517253434868,16.1539916359626,14.0658138301503,14.1054921525978,NA
"North_Pacific",1952,16.1196716706733,16.0544736911665,16.0975754662111,14.1451704750454,14.0574109809515,14.0602119306844
"North_Pacific",1953,15.9892757116597,16.0058872673804,16.0438154018113,13.9696514868575,13.9651471686856,14.0251549374722
"North_Pacific",1954,16.022498823101,16.0085560639761,16.0021292798706,13.9606428505136,13.9458727183608,13.9537989745264
"North_Pacific",1955,15.9946133048512,16.0716912067314,16.0552937455213,13.931102586208,13.9697847940333,13.9667374795268
"North_Pacific",1956,16.1487691086116,16.1801572624336,16.1183092765728,14.0084670018587,14.0113725088561,13.9846158679734
"North_Pacific",1957,16.2115454162556,16.1988499879439,16.1821563614998,14.0142780158535,14.095514188614,14.0664984596955
"North_Pacific",1958,16.1861545596322,16.2269851368045,16.2218385632882,14.1767503613745,14.1403709415478,14.0983399663163
"North_Pacific",1959,16.2678157139768,16.1563907856267,16.1663120436285,14.103991521721,14.1035177269275,14.1279286050765
"North_Pacific",1960,16.0449658572765,16.0926193407651,16.1510181318356,14.1030439321339,13.9874592221458,14.0263033220042
"North_Pacific",1961,16.1402728242536,16.1744264012173,16.1312728865704,13.8718745121577,13.9654305784852,14.0113016963681
"North_Pacific",1962,16.208579978181,16.2260804799443,16.1974779280474,14.0589866448127,14.0533659003028,13.9928687709211
"North_Pacific",1963,16.2435809817075,16.1197220658161,16.1493413699377,14.0477451557929,14.092790045468,14.0815222452496
"North_Pacific",1964,15.9958631499246,15.9338966891093,16.0371247866421,14.1378349351432,13.9694402352049,13.9955418754009
"North_Pacific",1965,15.8719302282941,15.9520325834222,15.9666427722563,13.8010455352666,13.8607854127122,13.9531352535225
"North_Pacific",1966,16.0321349385503,16.164842189259,16.0672048689373,13.9205252901578,13.9689897830184,13.9130083671012
"North_Pacific",1967,16.2975494399676,16.2099593343586,16.1506845357558,14.0174542758791,14.0078731715366,13.978757211077
"North_Pacific",1968,16.1223692287496,16.05923945509,16.1386761167159,13.9982920671942,13.999833063846,14.0057068011904
"North_Pacific",1969,15.9961096814304,16.0094077855275,16.0470615999349,14.0013740604979,13.8967558970834,13.9306012871203
"North_Pacific",1970,16.0227058896246,15.9375713213566,15.9570841080479,13.7921377336689,13.872791349298,13.9156522530313
"North_Pacific",1971,15.8524367530886,15.8830466286785,15.9295997156606,13.9534449649271,13.8649279888519,13.8406645704576
"North_Pacific",1972,15.9136565042685,15.9555844425332,15.921201879385,13.7764110127767,13.8586291394438,13.8902344146049
"North_Pacific",1973,15.9975123807979,16.0123187225193,15.9794313164357,13.9408472661109,13.9497609472572,13.8919776357637
"North_Pacific",1974,16.0271250642408,15.9854674337741,15.9894824161154,13.9586746284036,13.9670826375492,13.9583375137364
"North_Pacific",1975,15.9438098033074,15.8599803904463,15.9156952817111,13.9754906466948,13.936207740039,13.9436967028272
"North_Pacific",1976,15.7761509775852,15.9001898849293,15.914729857722,13.8969248333832,13.9027097012533,13.9269700164005
"North_Pacific",1977,16.0242287922735,16.0524677776857,15.9603621776522,13.9084945691234,13.9187854339871,13.9114985671191
"North_Pacific",1978,16.0807067630979,16.1087497564354,16.0805761017148,13.9290762988507,14.0112782054632,13.9770169933499
"North_Pacific",1979,16.136792749773,16.0536416690871,16.0626633670907,14.0934801120757,14.0884857070608,14.0353492376575
"North_Pacific",1980,15.9704905884013,16.0348215520652,16.0688119513011,14.083491302046,14.0182253419383,14.0433102653174
"North_Pacific",1981,16.0991525157291,16.0339197676845,16.0127767079234,13.9529593818306,14.002353395005,14.0293993640187
"North_Pacific",1982,15.9686870196399,15.9755027044003,16.0167193081766,14.0517474081794,14.027479597379,14.0026395255296
"North_Pacific",1983,15.9823183891608,16.0652199420321,16.0330423012347,14.0032117865787,14.0465324565622,14.0482707737679
"North_Pacific",1984,16.1481214949034,16.0672397355748,16.0389326201035,14.0898531265457,14.0479729838499,14.0330525847595
"North_Pacific",1985,15.9863579762463,16.0234137353982,16.0649829885666,14.0060928411541,14.0124289225368,14.0382369905398
"North_Pacific",1986,16.0604694945502,15.9691098144238,15.974859201698,14.0187650039196,14.0248151344538,14.0185743700206
"North_Pacific",1987,15.8777501342975,15.9957585251674,16.017328848295,14.0308652649881,14.0581356908303,14.0450121285267
"North_Pacific",1988,16.1137669160373,16.2085265765075,16.0982677624375,14.0854061166726,14.1228098160296,14.0921616323491
"North_Pacific",1989,16.3032862369778,16.3492725215591,16.2707706530519,14.1602135153866,14.2076550965727,14.166905436606
"North_Pacific",1990,16.3952588061405,16.378371757523,16.3533432506746,14.2550966777589,14.3753989109343,14.3036704457517
"North_Pacific",1991,16.3614847089056,16.2526553229858,16.3001898173707,14.4957011441096,14.3752910755556,14.33522627629
"North_Pacific",1992,16.1438259370661,16.1231811441967,16.2026156657663,14.2548810070016,14.1677921758947,14.2770951652997
"North_Pacific",1993,16.1025363513274,16.2310697776973,16.2019884974869,14.0807033447879,14.1297786076294,14.1714794074201
"North_Pacific",1994,16.3596032040673,16.2727070968365,16.2159835150001,14.178853870471,14.1865892200435,14.1512939282917
"North_Pacific",1995,16.1858109896056,16.2466953729859,16.2843313166797,14.1943245696161,14.2450666162366,14.2229957009814
"North_Pacific",1996,16.3075797563662,16.3333994789994,16.2842033158682,14.295808662857,14.2295920774257,14.2178362414891
"North_Pacific",1997,16.3592192016327,16.335413117112,16.3261353301967,14.1633754919943,14.1921257387179,14.226686713431
"North_Pacific",1998,16.3116070325913,16.2358404716154,16.2769667149545,14.2208759854416,14.2320201180292,14.2091385760176
"North_Pacific",1999,16.1600739106395,16.2452931635726,16.2673977865789,14.2431642506169,14.2059174014954,14.2109035961441
"North_Pacific",2000,16.3305124165057,16.2945101484703,16.2496980691934,14.1686705523739,14.159119346336,14.1871343144296
"North_Pacific",2001,16.2585078804349,16.2414156156775,16.2711145492869,14.1495681402981,14.1197555119835,14.136060525447
"North_Pacific",2002,16.2243233509202,16.2825396434992,16.2745290558111,14.089942883669,14.0904396096146,14.1101491198425
"North_Pacific",2003,16.3407559360783,16.4356767859405,16.3652256409337,14.0909363355603,14.1889574988543,14.1559526271258
"North_Pacific",2004,16.5305976358026,16.5253125426259,16.4637936737767,14.2869786621482,14.3082174494069,14.235790411458
"North_Pacific",2005,16.5200274494492,16.4084354799434,16.4491561985632,14.3294562366655,14.2999739510364,14.2956421880737
"North_Pacific",2006,16.2968435104376,16.2919489690704,16.3679751291967,14.2704916654073,14.2629441414003,14.2851148398221
"North_Pacific",2007,16.2870544277032,16.3435754915405,16.3279981645062,14.2553966173934,14.2398059217913,14.2500345029966
"North_Pacific",2008,16.4000965553778,16.3917182878973,16.3568303344993,14.2242152261892,14.3011802586086,14.2859190448702
"North_Pacific",2009,16.3833400204169,16.3304187186532,16.3536446642281,14.378145291028,14.3122936910901,14.2829342027898
"North_Pacific",2010,16.2774974168895,16.3283986215433,16.3467124211678,14.2464420911522,14.2671576221874,14.3041535118009
"North_Pacific",2011,16.379299826197,16.3246177011228,16.3089109397117,14.2878731532226,14.3212987769752,14.2963465483675
"North_Pacific",2012,16.2699355760485,16.3929279776877,16.3883852605242,14.3547244007278,14.2750053188428,14.2792945969694
"North_Pacific",2013,16.515920379327,16.6430599898741,16.5186851852655,14.1952862369578,14.3569897789238,14.3562346528585
"North_Pacific",2014,16.7701996004211,16.8132396586116,16.7141332321834,14.5186933208898,14.5627962065473,14.4402928833508
"North_Pacific",2015,16.856279716802,16.8070457083212,16.7947636723545,14.6068990922048,14.6397287613045,14.5993836144996
"North_Pacific",2016,16.7578116998403,16.7450931795493,16.7821553586336,14.6725584304042,14.5994393675785,14.6019259424539
"North_Pacific",2017,16.7323746592584,16.8075016326511,16.7909383217142,14.5263203047528,14.6138610445605,14.6334268398418
"North_Pacific",2018,16.8826286060439,16.9274939435871,16.8624541821442,14.7014017843683,14.7738420506543,14.6913348020204
"North_Pacific",2019,16.9723592811303,17.0099869379446,16.9675341606444,14.8462823169403,14.8223211097261,14.7820146679401
"North_Pacific",2020,17.0476145947589,16.945384286496,16.9543759513741,14.7983599025119,14.8148347174645,14.8253172506231
"North_Pacific",2021,16.8431539782331,NA,NA,14.8313095324171,NA,NA
"Eastern_Bering_Sea",1950,2.8885963485432,2.94610170194798,NA,NA,NA,NA
"Eastern_Bering_Sea",1951,3.00360705535275,2.8230490944699,2.844898179161,0.281620906435855,0.613244926328243,NA
"Eastern_Bering_Sea",1952,2.64249113358705,3.02890664127118,3.02047344596504,0.94486894622063,0.801428585239383,0.62815935897154
"Eastern_Bering_Sea",1953,3.41532214895531,3.33390940770827,3.10343664966786,0.657988224258136,0.656834127923743,0.752845734022705
"Eastern_Bering_Sea",1954,3.25249666646123,3.10533110726817,3.20866145449722,0.65568003158935,0.719070911905217,0.698710016022856
"Eastern_Bering_Sea",1955,2.95816554807512,3.12304672406916,3.16619670486652,0.782461792221084,0.538310132240405,0.577433432023386
"Eastern_Bering_Sea",1956,3.28792790006321,3.69785561668978,3.45129226048489,0.294158472259726,0.359085412778488,0.500210872592687
"Eastern_Bering_Sea",1957,4.10778333331636,3.93124208673212,3.71680402450915,0.42401235329725,0.965669423096717,0.741832439484387
"Eastern_Bering_Sea",1958,3.75470084014789,3.5746163519921,3.75233867910018,1.50732649289618,1.10635761699101,0.878909195759754
"Eastern_Bering_Sea",1959,3.3945318638363,3.56192740510433,3.62618521678552,0.705388741085828,0.821974408464761,1.05042510327524
"Eastern_Bering_Sea",1960,3.72932294637236,3.49304368393011,3.46020641056551,0.938560075843694,0.910096322419764,0.841860461975119
"Eastern_Bering_Sea",1961,3.25676442148786,3.32277946956176,3.45829396183196,0.881632568995834,0.948417234171479,0.945131514728884
"Eastern_Bering_Sea",1962,3.38879451763566,3.43471989266668,3.37540140227374,1.01520189934712,1.00837101278832,0.966124864857492
"Eastern_Bering_Sea",1963,3.48064526769771,3.35981461413826,3.36947458197072,1.00154012622952,1.00784157593426,1.01029501707188
"Eastern_Bering_Sea",1964,3.23898396057881,3.18885086996602,3.28611566920992,1.014143025639,0.919233859693485,0.946669281872162
"Eastern_Bering_Sea",1965,3.13871777935323,3.42035032773059,3.35989487201333,0.824324693747971,1.01598062563053,1.01536809230002
"Eastern_Bering_Sea",1966,3.70198287610796,4.06248994076033,3.75456588695796,1.20763655751309,1.21900621392745,1.08744570720095
"Eastern_Bering_Sea",1967,4.4229970054127,3.9712294990766,3.88148062475372,1.2303758703418,1.1937555707135,1.19838256631336
"Eastern_Bering_Sea",1968,3.51946199274049,3.71600353013811,3.9516680218963,1.15713527108519,1.13954905739692,1.16982466171188
"Eastern_Bering_Sea",1969,3.91254506753572,3.78351649421551,3.69549832705717,1.12196284370866,1.20450513542433,1.18871518064462
"Eastern_Bering_Sea",1970,3.6544879208953,3.14034965436558,3.3977481254223,1.28704742714,1.20601063134018,1.17799470212967
"Eastern_Bering_Sea",1971,2.62621138783587,2.75540333560667,3.05509819736955,1.12497383554035,0.870588264183034,1.00940798516869
"Eastern_Bering_Sea",1972,2.88459528337747,3.08607254822614,2.93278549476271,0.616202692825715,0.800808732726974,0.9088637669981
"Eastern_Bering_Sea",1973,3.2875498130748,3.55476043641045,3.33137205206613,0.985414772628233,1.1202631368235,0.952242988824239
"Eastern_Bering_Sea",1974,3.82197105974611,3.53573696597306,3.45300791500697,1.25511150101877,1.18983314056773,1.1216936845879
"Eastern_Bering_Sea",1975,3.2495028722,3.24936914805496,3.44023645195201,1.1245547801167,0.910073477883932,1.02508615226221
"Eastern_Bering_Sea",1976,3.24923542390992,3.65263522628306,3.51825777492204,0.695592175651168,1.05084010963113,1.07541166645965
"Eastern_Bering_Sea",1977,4.05603502865619,4.1954668547389,3.88005637779591,1.4060880436111,1.49422863343355,1.22801648083942
"Eastern_Bering_Sea",1978,4.33489868082161,4.49688654337589,4.34993603846932,1.58236922325599,1.80818936130655,1.6741555887414
"Eastern_Bering_Sea",1979,4.65887440593016,4.19622678690396,4.24245075154318,2.03400949935711,1.85351107586558,1.76313045832905
"Eastern_Bering_Sea",1980,3.73357916787776,4.11791819622446,4.29823693279303,1.67301265237405,1.52641191857152,1.69561111216672
"Eastern_Bering_Sea",1981,4.50225722457116,4.03032036465468,3.93140663239571,1.37981118476898,1.55766004423334,1.59611091361358
"Eastern_Bering_Sea",1982,3.5583835047382,3.93345477665915,4.12305559262982,1.7355089036977,1.52235561128139,1.47484080244392
"Eastern_Bering_Sea",1983,4.3085260485801,4.22500997031388,4.00280114845532,1.30920231886507,1.57922818814676,1.63132175999708
"Eastern_Bering_Sea",1984,4.14149389204766,3.9906577825053,4.0966138711969,1.84925405742845,2.03059760076451,1.79013250679803
"Eastern_Bering_Sea",1985,3.83982167296294,3.95363173792105,4.01625245596325,2.21194114410057,2.03580826950651,1.97362353214716
"Eastern_Bering_Sea",1986,4.06744180287915,4.0934655733235,4.00891760653665,1.85967539491245,1.98952692662857,2.06366499911923
"Eastern_Bering_Sea",1987,4.11948934376785,4.05967874633107,4.0622664318471,2.11937845834469,1.95156573263557,1.9209356200612
"Eastern_Bering_Sea",1988,3.9998681488943,4.08380634193161,4.09570067587702,1.78375300692646,1.58553978017877,1.76348600623407
"Eastern_Bering_Sea",1989,4.16774453496891,4.08548310574062,4.05694478679185,1.38732655343108,1.45770567493029,1.56638811892901
"Eastern_Bering_Sea",1990,4.00322167651232,4.12264682958457,4.13767939804602,1.5280847964295,1.57032321528537,1.5093243280006
"Eastern_Bering_Sea",1991,4.24207198265682,3.90364208843965,3.93683528446387,1.61256163414123,1.69266358678374,1.637803989999
"Eastern_Bering_Sea",1992,3.56521219422247,3.95903141541346,4.05337827116124,1.77276553942626,1.5557135388481,1.57466290394581
"Eastern_Bering_Sea",1993,4.35285063660444,4.20860526146831,3.9941409057197,1.33866153826995,1.67127320067653,1.70510398025977
"Eastern_Bering_Sea",1994,4.06435988633218,4.03195431580543,4.13891975607176,2.00388486308311,1.64495949856827,1.54286017846883
"Eastern_Bering_Sea",1995,3.99954874527867,4.22650292860288,4.17245524784598,1.28603413405343,1.5831763769147,1.72341253897084
"Eastern_Bering_Sea",1996,4.45345711192708,4.5141710524114,4.34263028336716,1.88031861977598,1.85722582468532,1.66682859447469
"Eastern_Bering_Sea",1997,4.57488499289571,4.24761206212006,4.3162270787224,1.83413302959466,1.74560053035596,1.79050656016264
"Eastern_Bering_Sea",1998,3.92033913134441,3.6219351395662,3.93958509067604,1.65706803111727,1.55602219318628,1.64872580532241
"Eastern_Bering_Sea",1999,3.32353114778799,3.61337378818465,3.71569556923791,1.4549763552553,1.07368380782442,1.2681452155887
"Eastern_Bering_Sea",2000,3.90321642858132,4.19442627104737,3.90412789662757,0.692391260393533,1.66494921867178,1.59495826419962
"Eastern_Bering_Sea",2001,4.48563611351342,4.5585772654475,4.34012365315877,2.63750717695004,2.03140010066475,1.58506382057435
"Eastern_Bering_Sea",2002,4.63151841738158,4.93711354549336,4.78662106816671,1.42529302437947,1.94584676125542,2.17640023315363
"Eastern_Bering_Sea",2003,5.24270867360515,4.9466526845341,4.84160792881659,2.46640049813138,2.32682268480925,2.02631279799932
"Eastern_Bering_Sea",2004,4.65059669546305,4.71208791483337,4.88896150109063,2.18724487148712,2.1357110949467,2.24594089600826
"Eastern_Bering_Sea",2005,4.77357913420369,4.46123808178815,4.52435761967979,2.08417731840628,1.67372350717932,1.84489729528192
"Eastern_Bering_Sea",2006,4.14889702937262,4.06675502021714,4.30236305821266,1.26326969595237,1.42354767402928,1.64375755548828
"Eastern_Bering_Sea",2007,3.98461301106167,3.75700623871107,3.88763650226492,1.58382565210619,1.39690086409529,1.35235714138098
"Eastern_Bering_Sea",2008,3.52939946636047,3.5659390660747,3.70549704773702,1.20997607608439,1.03494110605697,1.21790262140671
"Eastern_Bering_Sea",2009,3.60247866578893,3.64522928365567,3.60661934455727,0.859906136029553,1.07809885615626,1.12205792946564
"Eastern_Bering_Sea",2010,3.68797990152242,3.80152638889404,3.735177147859,1.29629157628297,1.38770649088097,1.21177303926383
"Eastern_Bering_Sea",2011,3.91507287626566,3.51427357540867,3.57217568411325,1.47912140547897,1.19373664427894,1.22792162161362
"Eastern_Bering_Sea",2012,3.11347427455167,3.55092354058063,3.67230665247564,0.908351883078916,0.88902433227328,1.08572335667517
"Eastern_Bering_Sea",2013,3.98837280660959,4.57618730640545,4.08861629578752,0.869696781467643,1.38472755801906,1.22593566637234
"Eastern_Bering_Sea",2014,5.1640018062013,5.15267117584873,4.76457171943568,1.89975833457047,2.2328700845684,1.77847898353482
"Eastern_Bering_Sea",2015,5.14134054549615,5.55711663036529,5.42607835564396,2.56598183456634,2.62886623094463,2.38583026548657
"Eastern_Bering_Sea",2016,5.97289271523443,5.56533455089527,5.42400321576223,2.69175062732292,2.78154468677769,2.70969040270724
"Eastern_Bering_Sea",2017,5.15777638655611,5.35296208268382,5.55960562686736,2.87133874623246,2.87047902090237,2.81090288970922
"Eastern_Bering_Sea",2018,5.54814777881153,5.72282654115698,5.53447648962336,2.86961929557228,2.78368235934421,2.81290115497362
"Eastern_Bering_Sea",2019,5.89750530350243,5.48271170546119,5.5045237299113,2.69774542311613,2.43369727042946,2.57900461214374
"Eastern_Bering_Sea",2020,5.06791810741994,4.71182711550316,5.10705317816958,2.1696491177428,2.17961045307896,2.35232210975801
"Eastern_Bering_Sea",2021,4.35573612358637,NA,NA,2.18957178841512,NA,NA
"Gulf_of_Alaska",1950,7.13938810137036,7.40388237249041,NA,NA,NA,NA
"Gulf_of_Alaska",1951,7.66837664361045,7.65218866608065,7.48125514451055,5.39922006380089,5.37704323565379,NA
"Gulf_of_Alaska",1952,7.63600068855085,7.78045823184098,7.74309770243081,5.35486640750668,5.5196441086822,5.47950276038843
"Gulf_of_Alaska",1953,7.92491577513111,8.00713025391748,7.88342039879527,5.68442180985772,5.57162003738483,5.49936882742545
"Gulf_of_Alaska",1954,8.08934473270384,7.9083379365217,7.91386388272484,5.45881826491194,5.85604216335009,5.79883537885263
"Gulf_of_Alaska",1955,7.72733114033955,7.78827606553183,7.8886322879225,6.25326606178823,5.84718603722625,5.71773011312148
"Gulf_of_Alaska",1956,7.8492209907241,8.25911400448741,8.08185304977146,5.44110601266428,5.31734926969629,5.62932153372694
"Gulf_of_Alaska",1957,8.66900701825072,8.64146531334198,8.37738387246935,5.19359252672831,6.01162951496869,5.82145501420055
"Gulf_of_Alaska",1958,8.61392360843324,8.49797086854771,8.55498291844871,6.82966650320907,6.42639512942877,6.01546092852861
"Gulf_of_Alaska",1959,8.38201812866218,8.18631684881719,8.32885243535587,6.02312375564846,6.06522650711393,6.32003983914564
"Gulf_of_Alaska",1960,7.9906155689722,8.08148391963169,8.18166198930852,6.10732925857939,5.91838259796693,5.95329631719411
"Gulf_of_Alaska",1961,8.17235227029119,8.15355526120079,8.09924203045793,5.72943593735448,5.6368331110495,5.79366516022613
"Gulf_of_Alaska",1962,8.13475825211039,8.3383774081833,8.2830356955526,5.54423028474452,5.84243488045655,5.80476856608919
"Gulf_of_Alaska",1963,8.54199656425621,8.12861319659569,8.13066154843393,6.14063947616858,6.22110556079123,5.99548046877566
"Gulf_of_Alaska",1964,7.71522982893518,7.46819439180255,7.8261284492871,6.30157164541388,5.60389874257608,5.78281232044024
"Gulf_of_Alaska",1965,7.22115895466991,7.30883715779819,7.44430138151052,4.90622583973828,5.1942360414094,5.56334790941089
"Gulf_of_Alaska",1966,7.39651536092647,7.67814361771869,7.52581539670243,5.48224624308051,5.38812045121112,5.22748891405351
"Gulf_of_Alaska",1967,7.9597718745109,7.95123689567705,7.76632971742686,5.29399465934173,5.48635445992345,5.48498505430913
"Gulf_of_Alaska",1968,7.94270191684321,7.6987879475777,7.78578258988877,5.67871426050517,5.22032900757534,5.2448842248308
"Gulf_of_Alaska",1969,7.45487397831219,7.64997430269055,7.74755017407477,4.76194375464552,5.42102023294011,5.50691824212847
"Gulf_of_Alaska",1970,7.84507462706891,7.28200671985344,7.33962913933969,6.08009671123471,5.73876940522473,5.41316085503166
"Gulf_of_Alaska",1971,6.71893881263797,6.72914624930359,7.10112237522537,5.39744209921474,4.92468027678978,5.30981908827143
"Gulf_of_Alaska",1972,6.73935368596922,6.89721769666491,6.83779140198926,4.45191845436483,4.6994285959804,4.93209976372518
"Gulf_of_Alaska",1973,7.0550817073606,7.37888456677941,7.16570760650935,4.94693873759598,4.95250443216729,4.78564243956647
"Gulf_of_Alaska",1974,7.70268742619822,7.33438765656859,7.24128567349926,4.95807012673859,5.11604135316449,5.05967381464165
"Gulf_of_Alaska",1975,6.96608788693897,7.18375555858743,7.35673284779103,5.27401257959038,5.14214545182586,5.0807870101301
"Gulf_of_Alaska",1976,7.4014232302359,7.85131705397866,7.55624066496543,5.01027832406133,5.49932699907362,5.42422219257921
"Gulf_of_Alaska",1977,8.30121087772143,8.04004358077807,7.82717013059735,5.98837567408592,5.62673552276401,5.42124978986311
"Gulf_of_Alaska",1978,7.77887628383472,8.02941940956499,8.12001656561713,5.26509537144209,5.48509033657157,5.65285211574302
"Gulf_of_Alaska",1979,8.27996253529526,8.02472367026796,7.94277454145688,5.70508530170104,5.79372617843925,5.6175159094402
"Gulf_of_Alaska",1980,7.76948480524066,8.15714086283627,8.1980814203226,5.88236705517746,5.90402020875592,5.83770857307096
"Gulf_of_Alaska",1981,8.54479692043187,8.00098911020467,7.92382100855,5.92567336233439,5.87942848086331,5.88040800563469
"Gulf_of_Alaska",1982,7.45718129997748,8.03940913771071,8.2078717319511,5.83318359939222,5.93468315877098,5.93167989329211
"Gulf_of_Alaska",1983,8.62163697544395,8.65251675765795,8.25407160509779,6.03618271814973,6.20195538198104,6.07903145445143
"Gulf_of_Alaska",1984,8.68339653987195,8.12174005942623,8.28837236476547,6.36772804581235,6.3292138308294,6.23153679326951
"Gulf_of_Alaska",1985,7.56008357898051,7.77862654975072,8.0802165464578,6.29069961584646,5.88390559975317,6.04517974843956
"Gulf_of_Alaska",1986,7.99716952052093,8.0863857935051,7.9109517219969,5.47711158365988,6.03377164149319,6.11941429961095
"Gulf_of_Alaska",1987,8.17560206648927,8.08653059407325,8.05674356955581,6.5904316993265,6.42295287897099,6.10767244720062
"Gulf_of_Alaska",1988,7.99745912165723,8.05593458495681,8.09582374546763,6.25547405861547,5.88192608422659,6.11809462259323
"Gulf_of_Alaska",1989,8.1144100482564,8.03214139728198,8.02058063874039,5.50837810983771,5.5306424222445,5.77225296770149
"Gulf_of_Alaska",1990,7.94987274630755,7.79931013360503,7.90434343848882,5.55290673465129,5.40489668930691,5.43939049615051
"Gulf_of_Alaska",1991,7.64874752090252,7.71268803857582,7.79174960781973,5.25688664396254,5.58325974631013,5.57314207575718
"Gulf_of_Alaska",1992,7.77662855624912,8.07172892978382,7.93073512682338,5.90963284865772,5.75736609079304,5.5905396085162
"Gulf_of_Alaska",1993,8.36682930331851,8.19652108007684,8.0565569054676,5.60509933292835,5.92132688366011,5.91742887199264
"Gulf_of_Alaska",1994,8.02621285683517,7.86280710014358,8.03081450120189,6.23755443439186,5.6955330264577,5.66538846194792
"Gulf_of_Alaska",1995,7.69940134345199,7.76150524726899,7.84974111712438,5.15351161852353,5.25975939178945,5.58569107265692
"Gulf_of_Alaska",1996,7.823609151086,8.27030584851767,8.08000434682911,5.36600716505536,5.31003624185792,5.25786136741312
"Gulf_of_Alaska",1997,8.71700254594933,8.55235322040712,8.30943853063341,5.25406531866048,5.9124698403767,5.73031561526959
"Gulf_of_Alaska",1998,8.38770389486491,7.91255606471277,8.18070489179162,6.57087436209293,6.29749182760716,5.9496829912916
"Gulf_of_Alaska",1999,7.43740823456062,7.59005973853749,7.85594112397996,6.02410929312138,5.67398455278561,5.97294782255472
"Gulf_of_Alaska",2000,7.74271124251436,7.82356321792278,7.69484489013539,5.32385981244985,5.61008874125718,5.74809559187858
"Gulf_of_Alaska",2001,7.90441519333119,8.00911339073335,7.92031267466035,5.8963176700645,5.5660400702045,5.48531331761962
"Gulf_of_Alaska",2002,8.1138115881355,8.41926328739411,8.2476472560398,5.2357624703445,6.09644508226407,6.02973594486422
"Gulf_of_Alaska",2003,8.72471498665271,8.61294076538676,8.44656437296968,6.95712769418365,6.37304877542793,5.99395334040012
"Gulf_of_Alaska",2004,8.50116654412081,8.66287053345894,8.6834853511902,5.78896985667221,5.78318251898229,6.17449757738274
"Gulf_of_Alaska",2005,8.82457452279707,8.32618389605304,8.38451144540897,5.77739518129237,5.72263698616725,5.74474794300224
"Gulf_of_Alaska",2006,7.82779326930902,7.68901007706237,8.06753155897393,5.66787879104213,5.38335219555425,5.51469985746696
"Gulf_of_Alaska",2007,7.55022688481571,7.47719476104264,7.59406093046477,5.09882560006638,5.0967644400006,5.28713589034778
"Gulf_of_Alaska",2008,7.40416263726957,7.498895730842,7.5160061154999,5.09470327993482,5.06843152547592,5.07856288367274
"Gulf_of_Alaska",2009,7.59362882441442,7.882767935244,7.72323283591919,5.04215977101701,5.456328748518,5.33578692565694
"Gulf_of_Alaska",2010,8.17190704607359,8.05695014455228,7.90250970450633,5.87049772601899,5.89014099781527,5.60748058888252
"Gulf_of_Alaska",2011,7.94199324303098,7.65470755508228,7.82710738541271,5.90978426961154,5.45986776814472,5.59674442076948
"Gulf_of_Alaska",2012,7.36742186713358,7.77950465917191,7.83366752045827,5.00995126667789,5.34886020186314,5.5358348911126
"Gulf_of_Alaska",2013,8.19158745121025,8.62890241339174,8.20840889797235,5.68776913704838,5.8700075787684,5.58332214140489
"Gulf_of_Alaska",2014,9.06621737557322,9.05414630702263,8.7666266884185,6.05224602048841,6.55058658500175,6.2629807690173
"Gulf_of_Alaska",2015,9.04207523847203,9.2986260134697,9.2211564675042,7.0489271495151,6.92977861329727,6.63726774902765
"Gulf_of_Alaska",2016,9.55517678846736,9.02565879956948,9.03113094587033,6.81063007707944,6.74086594245722,6.84355301147651
"Gulf_of_Alaska",2017,8.4961408106716,8.74666619799128,9.01616972814998,6.67110180783501,6.41996471073571,6.55018649951695
"Gulf_of_Alaska",2018,8.99719158531097,9.2694470312011,9.0116782910246,6.16882761363641,6.63707621275153,6.64841807777936
"Gulf_of_Alaska",2019,9.54170247709123,9.08462303651812,9.05547921944907,7.10532481186665,6.82662424026279,6.607358698054
"Gulf_of_Alaska",2020,8.62754359594501,8.29516224375556,8.71067565486745,6.54792366865893,6.26746623059468,6.546752424352
"Gulf_of_Alaska",2021,7.96278089156611,NA,NA,5.98700879253043,NA,NA
"British_Columbia_Coast",1950,9.15350750642702,9.456835645776,NA,NA,NA,NA
"British_Columbia_Coast",1951,9.76016378512497,9.79253000400732,9.57952250481389,7.59996510100693,7.55665657629657,NA
"British_Columbia_Coast",1952,9.82489622288967,9.95515938267265,9.89016085015676,7.51334805158621,7.80668363630628,7.73777745787316
"British_Columbia_Coast",1953,10.0854225424556,10.0849602053239,9.99827221117918,8.10001922102635,8.12057557703675,7.91816640188657
"British_Columbia_Coast",1954,10.0844978681922,9.83833253793095,9.9206958727725,8.14113193304716,8.30232537612851,8.23488999109446
"British_Columbia_Coast",1955,9.59216720766965,9.87960169815448,9.9479004215004,8.46351881920986,7.94223052334026,8.00853099324256
"British_Columbia_Coast",1956,10.1670361886393,10.4109303368956,10.1380092938203,7.42094222747065,7.49284230153416,7.81640114075939
"British_Columbia_Coast",1957,10.6548244851519,11.0164103374159,10.733285621157,7.56474237559767,8.35599336288479,8.04430965108007
"British_Columbia_Coast",1958,11.3779961896799,10.9278783614634,10.8368604026929,9.1472443501719,8.91583569815169,8.46547125730035
"British_Columbia_Coast",1959,10.4777605332468,10.4429678884159,10.7546439888373,8.68442704613148,8.70131857515535,8.84996050016087
"British_Columbia_Coast",1960,10.4081752435851,10.4876564537781,10.484357813601,8.71821010417923,8.70273173892839,8.69663017466275
"British_Columbia_Coast",1961,10.567137663971,10.5971387078194,10.534150886408,8.68725337367755,8.50737826232934,8.57765554294597
"British_Columbia_Coast",1962,10.6271397516678,10.8397418792734,10.7488738075059,8.32750315098114,8.76897975914454,8.74173763065554
"British_Columbia_Coast",1963,11.0523440068789,10.4992206251421,10.541860333984,9.21045636730795,8.82823703831485,8.66132574253695
"British_Columbia_Coast",1964,9.94609724340533,9.83114694601802,10.2382126329716,8.44601770932176,8.00730350922775,8.40835446192115
"British_Columbia_Coast",1965,9.7161966486307,9.82151248087624,9.86304073505261,7.56858930913374,7.83386104825544,8.03791326861088
"British_Columbia_Coast",1966,9.92682831312178,10.1187081736404,9.98453766530383,8.09913278737713,7.94119788424574,7.81699502587507
"British_Columbia_Coast",1967,10.310588034159,10.0974676356738,10.0405878614898,7.78326298111434,7.83636401786679,7.92395360770357
"British_Columbia_Coast",1968,9.88434723718856,9.71994401440559,9.91682535432339,7.88946505461923,7.46100381547327,7.56842353735363
"British_Columbia_Coast",1969,9.55554079162262,9.6690947467363,9.74084557688705,7.03254257632731,7.6714899961654,7.74414834898334
"British_Columbia_Coast",1970,9.78264870184997,9.49977803345698,9.51836561951219,8.31043741600348,7.85529846087737,7.58104649936069
"British_Columbia_Coast",1971,9.21690736506399,9.33817376512494,9.48633207736662,7.40015950575127,7.13695431170742,7.52811534647278
"British_Columbia_Coast",1972,9.4594401651859,9.50353727318894,9.40799397048062,6.87374911766358,7.19151744327552,7.2610647974341
"British_Columbia_Coast",1973,9.54763438119198,9.66894046968009,9.59910703484869,7.50928576888747,7.34968654282536,7.1910407344381
"British_Columbia_Coast",1974,9.79024655816821,9.5366257247988,9.54029527692986,7.19008731676325,7.52330593757574,7.51863254801299
"British_Columbia_Coast",1975,9.2830048914294,9.43899078141945,9.5560760403357,7.85652455838824,7.52008658583142,7.41008682947537
"British_Columbia_Coast",1976,9.59497667140949,9.86551768995939,9.67134675711606,7.18364861327461,7.94437697759563,7.91509283785984
"British_Columbia_Coast",1977,10.1360587085093,10.2369566288404,10.0229633096968,8.70510534191666,8.39380749070036,7.99042119822511
"British_Columbia_Coast",1978,10.3378545491715,10.3432117886113,10.2741607619106,8.08250963948405,7.85779227394407,8.14022996326826
"British_Columbia_Coast",1979,10.3485690280511,10.2227134562255,10.2610938205409,7.63307490840408,8.02054560476905,8.04120028300738
"British_Columbia_Coast",1980,10.0968578843999,10.2281487750038,10.2682888593529,8.40801630113402,8.51247025867725,8.21933847525286
"British_Columbia_Coast",1981,10.3594396656076,10.0799712108613,10.0856001020408,8.61692421622048,8.29151424618462,8.33034826450108
"British_Columbia_Coast",1982,9.80050275611495,10.2893383805551,10.3127054755726,7.96610427614876,8.21174126703013,8.34680225009358
"British_Columbia_Coast",1983,10.7781740049952,10.4038747157481,10.2027507292037,8.45737825791149,8.50321136779753,8.32417567058127
"British_Columbia_Coast",1984,10.029575426501,9.83583121404732,10.1499454776966,8.54904447768357,8.23027609093016,8.30597681325727
"British_Columbia_Coast",1985,9.64208700159367,9.97705883353454,9.99456436452335,7.91150770417675,7.81645800267791,8.06065349434646
"British_Columbia_Coast",1986,10.3120306654754,10.3298560162117,10.1005996780057,7.72140830117907,8.30512464835159,8.17391900029331
"British_Columbia_Coast",1987,10.3476813669479,10.1776310699293,10.2224309351113,8.88884099552411,8.74193356208675,8.40175847511752
"British_Columbia_Coast",1988,10.0075807729107,10.173243112738,10.2313891974746,8.59502612864938,8.14768092061086,8.39473427891528
"British_Columbia_Coast",1989,10.3389054525652,10.3662146849595,10.2466700476099,7.70033571257235,7.87294590157483,8.11363931059968
"British_Columbia_Coast",1990,10.3935239173539,10.2751620200527,10.2964098308902,8.0455560905773,7.92694674251423,7.85140973253361
"British_Columbia_Coast",1991,10.1568001227516,10.4503565569428,10.4314123437465,7.80833739445116,8.28822267836138,8.20733381576669
"British_Columbia_Coast",1992,10.7439129911341,10.7135643073244,10.5279762458001,8.76810796227159,8.53308357883515,8.29150151737382
"British_Columbia_Coast",1993,10.6832156235146,10.7373232851143,10.7395198537876,8.2980591953987,8.53106772660394,8.61008113849316
"British_Columbia_Coast",1994,10.7914309467141,10.7946402585382,10.7574987135303,8.76407625780918,8.43223141806923,8.38750734384572
"British_Columbia_Coast",1995,10.7978495703623,10.506867855004,10.6017222189074,8.10038657832926,8.28141823821327,8.44230424474524
"British_Columbia_Coast",1996,10.2158861396457,10.5936557338351,10.6617203460108,8.46244989809728,8.18763571891006,8.15855267204979
"British_Columbia_Coast",1997,10.9714253280244,10.9633006903073,10.7141625067535,7.91282153972284,8.67610693157821,8.6048879204179
"British_Columbia_Coast",1998,10.9551760525902,10.3255254148859,10.540825385932,9.43939232343359,8.90108186266183,8.5716617550155
"British_Columbia_Coast",1999,9.69587477718149,9.93928769370336,10.2779171466656,8.36277140189007,8.18707119297966,8.60451156979764
"British_Columbia_Coast",2000,10.1827006102252,10.0065532914249,9.90299378667708,8.01137098406924,8.16276863662556,8.22943622504706
"British_Columbia_Coast",2001,9.8304059726245,10.0646491152377,10.1039996135669,8.31416628918188,8.04006464324,8.03050009018308
"British_Columbia_Coast",2002,10.2988922578508,10.5787394897856,10.3292949840652,7.76596299729813,8.48282900954539,8.42660810275755
"British_Columbia_Coast",2003,10.8585867217203,10.8546114568112,10.6693717238244,9.19969502179265,8.7618360318179,8.42987835364464
"British_Columbia_Coast",2004,10.8506361919021,10.8974468339119,10.8844934631813,8.32397704184315,8.37643173731998,8.6508528321442
"British_Columbia_Coast",2005,10.9442574759216,10.6180384533734,10.695571032883,8.42888643279682,8.45704867427344,8.41269146346335
"British_Columbia_Coast",2006,10.2918194308253,10.1063499982889,10.3856524908331,8.48521091575007,8.18376165734703,8.26546991583029
"British_Columbia_Coast",2007,9.92088056575253,9.60515386807628,9.83404238899262,7.88231239894399,7.59388856697821,7.89099601656883
"British_Columbia_Coast",2008,9.28942717040003,9.49488983900443,9.63688674792046,7.30546473501244,7.33021553670622,7.51424782411881
"British_Columbia_Coast",2009,9.70035250760883,9.98175919545915,9.75098185377278,7.3549663384,7.83141848807962,7.65610057039056
"British_Columbia_Coast",2010,10.2631658833095,10.1456821009846,9.99723890319265,8.30787063775924,8.21205450136768,7.92635844704512
"British_Columbia_Coast",2011,10.0281983186596,9.93510201940338,10.0444566407054,8.11623836497612,7.83342267668608,7.9915719970438
"British_Columbia_Coast",2012,9.84200572014712,10.1720929165213,10.1241280505674,7.55060698839603,7.77504999570221,7.88877945212685
"British_Columbia_Coast",2013,10.5021801128955,10.8125713458095,10.4890494705887,7.99949300300839,8.01553344513382,7.86055795955456
"British_Columbia_Coast",2014,11.1229625787235,11.3960935247346,11.0981223874549,8.03157388725926,8.93653792151342,8.62418961534508
"British_Columbia_Coast",2015,11.6692244707456,11.5673675546029,11.4192325626431,9.84150195576758,9.63478381695097,9.10038050705374
"British_Columbia_Coast",2016,11.4655106384601,11.0486036064065,11.2554772278529,9.42806567813437,9.11532458218667,9.35738370671364
"British_Columbia_Coast",2017,10.6316965743529,10.8346530198316,11.0449388927078,8.80258348623898,8.62695525995255,8.89399206601316
"British_Columbia_Coast",2018,11.0376094653104,11.0901363663169,10.9373231023289,8.45132703366613,8.71750303871095,8.74586318788696
"British_Columbia_Coast",2019,11.1426632673234,10.9754513647673,10.996170731615,8.98367904375578,8.73647842496993,8.641427961202
"British_Columbia_Coast",2020,10.8082394622112,10.5825940924631,10.7692838174165,8.48927780618408,8.43795546913041,8.61986332733887
"British_Columbia_Coast",2021,10.356948722715,NA,NA,8.38663313207674,NA,NA
"Northern_California_Current",1950,11.3748392334535,11.5435790292328,NA,NA,NA,NA
"Northern_California_Current",1951,11.7123188250122,11.706563353876,11.5959886470685,10.2886470213769,10.1164789851546,NA
"Northern_California_Current",1952,11.7008078827398,11.95313836055,11.8728651820374,9.94431094893225,10.1759550314228,10.2135190280742
"Northern_California_Current",1953,12.2054688383603,12.2036472597658,12.0360341340904,10.4075991139134,10.5850970551756,10.3715016864278
"Northern_California_Current",1954,12.2018256811713,11.8299347892128,11.9551128055953,10.7625949964379,10.8056432060277,10.6729618419896
"Northern_California_Current",1955,11.4580438972543,11.730548112445,11.8876406353537,10.8486914156175,10.2512380079924,10.4216903374742
"Northern_California_Current",1956,12.0030523276356,12.2600370146166,11.9927059754958,9.65378460036727,9.85498633723663,10.1862213633636
"Northern_California_Current",1957,12.5170217015975,12.8480650638472,12.5663941517767,10.056188074106,10.6546728508934,10.3210434340514
"Northern_California_Current",1958,13.1791084260969,12.828833506417,12.7248962381438,11.2531576276808,11.2575515651111,10.8570970681094
"Northern_California_Current",1959,12.478558586737,12.4068965642314,12.6643005181866,11.2619455025413,11.1033015461891,11.153253573353
"Northern_California_Current",1960,12.3352345417258,12.4047222978253,12.4293343941292,10.9446575898369,11.0739207637312,11.1365956766679
"Northern_California_Current",1961,12.4742100539248,12.3927017998079,12.3735460471139,11.2031839376255,10.7620128738506,10.8228944458461
"Northern_California_Current",1962,12.3111935456909,12.6062388657879,12.5622292618335,10.3208418100757,10.8914949453692,10.9953912761213
"Northern_California_Current",1963,12.9012841858848,12.4033490035946,12.3726305176267,11.4621480806628,11.2491350064371,10.9397039409833
"Northern_California_Current",1964,11.9054138213045,11.8788797654334,12.2196812389172,11.0361219322115,10.4830076794155,10.8093878131646
"Northern_California_Current",1965,11.8523457095624,11.8652738251966,11.8786538238993,9.92989342661937,10.2164489442519,10.4896732735718
"Northern_California_Current",1966,11.8782019408309,12.0525742945243,11.9858314328703,10.5030044618844,10.31683457267,10.1878541906531
"Northern_California_Current",1967,12.2269466482178,12.0049673531619,11.9627122157183,10.1306646834555,10.2143931592144,10.310596926771
"Northern_California_Current",1968,11.7829880581061,11.6593252945246,11.8485324124223,10.2981216349732,9.91339630452498,9.98581909750182
"Northern_California_Current",1969,11.5356625309431,11.5431567311574,11.6231005068069,9.52867097407674,10.134544054322,10.1890699145391
"Northern_California_Current",1970,11.5506509313716,11.3737340158223,11.4277101875292,10.7404171345672,10.0842645008371,9.89906665858363
"Northern_California_Current",1971,11.1968171002729,11.2389252720894,11.3428338251835,9.42811186710694,9.18293158680939,9.702093436062
"Northern_California_Current",1972,11.281033443906,11.327402748867,11.2838741993357,8.93775130651184,9.24751963587009,9.30771704628237
"Northern_California_Current",1973,11.3737720538281,11.4646278742609,11.4034297308093,9.55728796522834,9.4353651418785,9.26949386342295
"Northern_California_Current",1974,11.5554836946937,11.4250213595242,11.4079382576255,9.31344231852867,9.6776440388308,9.63752534762998
"Northern_California_Current",1975,11.2945590243546,11.4932030274401,11.513963249858,10.0418457591329,9.76946594849838,9.61745807184181
"Northern_California_Current",1976,11.6918470305256,11.8435764769913,11.6605706594458,9.49708613786383,10.2698514170051,10.1938495310477
"Northern_California_Current",1977,11.995305923457,12.1023278337301,11.9655008993286,11.0426166961465,10.7945438533364,10.3620579481789
"Northern_California_Current",1978,12.2093497440031,12.1753787886837,12.1153545002748,10.5464710105264,10.0634828131082,10.3898607741209
"Northern_California_Current",1979,12.1414078333642,12.0910854119653,12.1305068559779,9.58049461569,10.1642964516973,10.291687971307
"Northern_California_Current",1980,12.0407629905664,12.0989534290352,12.1131048971449,10.7480982877046,10.8373009896989,10.4183655316959
"Northern_California_Current",1981,12.1571438675041,11.9367815564688,11.9714420345013,10.9265036916932,10.5314925081862,10.6036944346923
"Northern_California_Current",1982,11.7164192454334,12.2053133906145,12.189256882911,10.1364813246792,10.4270953010757,10.5935647646149
"Northern_California_Current",1983,12.6942075357955,12.3069588675514,12.1101123268454,10.7177092774722,10.7010365135522,10.5128514505945
"Northern_California_Current",1984,11.9197101993073,11.6915613885241,12.0257767709479,10.6843637496322,10.3279830979889,10.4578918244833
"Northern_California_Current",1985,11.4634125777409,11.6512807295845,11.7407572194921,9.97160244634555,9.84057627126343,10.121838764053
"Northern_California_Current",1986,11.8391488814282,11.9734144270168,11.8034138105915,9.70955009618132,10.1553490433168,10.0941001776597
"Northern_California_Current",1987,12.1076799726054,11.9187326472579,11.8922047253147,10.6011479904523,10.5408995610151,10.2637830727372
"Northern_California_Current",1988,11.7297853219103,11.8610643233694,11.9432695397814,10.4806511315779,10.0443939586148,10.229978635894
"Northern_California_Current",1989,11.9923433248284,12.0815535263619,11.9642974582114,9.60813678565168,9.92019893711171,10.1070163352671
"Northern_California_Current",1990,12.1707637278955,11.8911320493375,11.9248691411678,10.2322610885717,10.0621075262618,9.91078394605845
"Northern_California_Current",1991,11.6115003707794,12.1557155295795,12.1607315956849,9.89195396395194,10.2525737302201,10.2458028496707
"Northern_California_Current",1992,12.6999306883797,12.4876259619104,12.1955840982,10.6131934964883,10.564282145379,10.34017275157
"Northern_California_Current",1993,12.275321235441,12.4104340014874,12.5069328971182,10.5153707942697,10.5736146694507,10.5868076117966
"Northern_California_Current",1994,12.5455467675338,12.6651849344297,12.5352303681001,10.6318585446318,10.5995779092757,10.5715088709403
"Northern_California_Current",1995,12.7848231013256,12.5182618645092,12.5273568321841,10.5672972739195,10.774114943405,10.7266961438139
"Northern_California_Current",1996,12.2517006276929,12.6841684435604,12.7177199961488,10.9809326128905,10.7166547514768,10.6668689256244
"Northern_California_Current",1997,13.1166362594278,12.9735871440025,12.7329583052326,10.4523768900631,11.1733977618046,11.1092427121665
"Northern_California_Current",1998,12.8305380285772,12.2205792206976,12.5192649002743,11.894418633546,11.151646132953,10.918556385323
"Northern_California_Current",1999,11.610620412818,11.8645405452037,12.1865397063282,10.40887363236,10.3652817529649,10.8749940464919
"Northern_California_Current",2000,12.1184606775895,11.9163773208585,11.8144583515116,10.3216898735697,10.3099707522718,10.3429383789679
"Northern_California_Current",2001,11.7142939641275,11.6958516315391,11.8367213135559,10.2982516309738,10.0772896688574,10.1587564037615
"Northern_California_Current",2002,11.6774092989508,12.0887035519873,11.963900356034,9.85632770674106,10.3814873058066,10.3537420808623
"Northern_California_Current",2003,12.4999978050237,12.5065217330937,12.2301509217127,10.9066469048721,10.6842187207998,10.4082550494469
"Northern_California_Current",2004,12.5130456611637,12.4335285747075,12.4556849848129,10.4617905367275,10.4792492352271,10.6217151251088
"Northern_California_Current",2005,12.3540114882514,12.1817254930275,12.2921655490729,10.4967079337267,10.5844802172651,10.5435836570859
"Northern_California_Current",2006,12.0094394978035,11.9809694737873,12.105316811942,10.6722525008036,10.4181324337132,10.4443242670511
"Northern_California_Current",2007,11.952499449771,11.5189282403489,11.6824319928338,10.1640123666229,9.81559071679996,10.1011446448012
"Northern_California_Current",2008,11.0853570309268,11.2738212030876,11.5000472853154,9.46716906697702,9.50166804772758,9.72244948735935
"Northern_California_Current",2009,11.4622853752485,11.7300093111561,11.5151252177463,9.53616702847815,10.0415140798287,9.85006574221151
"Northern_California_Current",2010,11.9977332470636,11.9217012501283,11.7685626251684,10.5468611311793,10.3519743957811,10.0800386066801
"Northern_California_Current",2011,11.8456692531931,11.8247231522717,11.882393183869,10.1570876603829,10.0447582970177,10.2121259084049
"Northern_California_Current",2012,11.8037770513502,11.9606472059996,11.9223212217308,9.93242893365252,10.1023325765559,10.1205842711649
"Northern_California_Current",2013,12.1175173606489,12.4740310291742,12.2506130365662,10.2722362194593,10.1133688064295,10.0530555155039
"Northern_California_Current",2014,12.8305446976995,13.1072839021924,12.7773617216779,9.95450139339981,11.0635804764122,10.7997990574279
"Northern_California_Current",2015,13.3840231066854,13.1820025872935,13.0648499574288,12.1726595594245,11.794968112183,11.1814792059219
"Northern_California_Current",2016,12.9799820679015,12.6891419264625,12.9207689865368,11.4172766649414,11.1513535892673,11.491788912653
"Northern_California_Current",2017,12.3983017850234,12.5528106450048,12.6952011193037,10.8854305135931,10.8297235514174,11.0255745892587
"Northern_California_Current",2018,12.7073195049861,12.6303832383187,12.5530227538869,10.7740165892417,10.8591345430211,10.8678998665451
"Northern_California_Current",2019,12.5534469716513,12.471219558303,12.5499195405307,10.9442524968005,10.5638773644303,10.6339237727007
"Northern_California_Current",2020,12.3889921449547,12.2726985169043,12.3662813351533,10.1835022320601,10.2874115295609,10.5063585186408
"Northern_California_Current",2021,12.1564048888539,NA,NA,10.3913208270618,NA,NA
"Southern_California_Current",1950,13.6890208265841,13.7809094983147,NA,NA,NA,NA
"Southern_California_Current",1951,13.8727981700454,13.7722070808548,13.7444783294313,13.4404506692625,13.2227901947941,NA
"Southern_California_Current",1952,13.6716159916643,13.8126356906959,13.832689850479,13.0051297203258,13.0288143316098,13.1660264441607
"Southern_California_Current",1953,13.9536553897274,13.9932562056765,13.8860428010057,13.0524989428938,13.1667673422557,13.1128881349458
"Southern_California_Current",1954,14.0328570216255,13.6968722496215,13.7824666296568,13.2810357416177,13.277806893289,13.2027042431573
"Southern_California_Current",1955,13.3608874776174,13.5967136882961,13.7420947994059,13.2745780449604,12.9395937475195,13.0534077455522
"Southern_California_Current",1956,13.8325398989747,14.2520464299014,13.9549934458068,12.6046094500786,12.8583361760239,12.9970834656694
"Southern_California_Current",1957,14.6715529608282,15.0945670479268,14.6738913316094,13.1120629019693,13.8098766170059,13.4081208946968
"Southern_California_Current",1958,15.5175811350254,15.2923408186992,15.0854115327422,14.5076903320426,14.5602807363436,14.0775414582188
"Southern_California_Current",1959,15.067100502373,14.690143922808,14.9659563268805,14.6128711406446,14.3090245009306,14.3752464446346
"Southern_California_Current",1960,14.313187343243,14.36579008899,14.5995602267843,14.0051778612167,13.8822349869734,14.1257803715304
"Southern_California_Current",1961,14.418392834737,14.1134119815075,14.1800037687527,13.7592921127301,13.3592526027308,13.5745610222261
"Southern_California_Current",1962,13.808431128278,14.332749235217,14.3612971017237,12.9592130927316,13.3046311218726,13.4561847854917
"Southern_California_Current",1963,14.857067342156,14.3317491171551,14.1573097875294,13.6500491510135,13.8884079830384,13.5786763529361
"Southern_California_Current",1964,13.8064308921543,13.8912396944679,14.2131822436973,14.1267668150632,13.4644580730977,13.5263217657363
"Southern_California_Current",1965,13.9760484967816,13.9143441289984,13.8783730500503,12.8021493311323,13.0910063018633,13.4362598062633
"Southern_California_Current",1966,13.8526397612152,14.0455927744406,14.0224113485542,13.3798632725944,13.3525743861876,13.1690993678358
"Southern_California_Current",1967,14.238545787666,14.1574455270396,14.0558436050981,13.3252854997807,13.4680392294576,13.4386472438366
"Southern_California_Current",1968,14.0763452664132,13.9309729569767,14.0334972338731,13.6107929591346,13.2339713362246,13.2644093907433
"Southern_California_Current",1969,13.7856006475402,13.7584358439829,13.8644056514597,12.8571497133147,13.3050877617037,13.4069894941807
"Southern_California_Current",1970,13.7312710404256,13.5092860026501,13.6013908842801,13.7530258100928,13.0671867740991,12.9971744205043
"Southern_California_Current",1971,13.2873009648745,13.4738132529086,13.5596325154143,12.3813477381054,12.1140939859418,12.6604045939921
"Southern_California_Current",1972,13.6603255409427,13.4745447595793,13.4121301613444,11.8468402337783,12.3845665257189,12.3834935965144
"Southern_California_Current",1973,13.2887639782158,13.318668863652,13.4325544227489,12.9222928176595,12.5331194676052,12.3043597229962
"Southern_California_Current",1974,13.3485737490882,13.1446449675992,13.1926846378047,12.1439461175509,12.3186116869073,12.5198387304914
"Southern_California_Current",1975,12.9407161861101,13.4157163424101,13.3933354779695,12.4932772562638,12.3180437339733,12.2600111951658
"Southern_California_Current",1976,13.8907164987101,13.930733764737,13.6007279051947,12.1428102116828,13.1179011903527,12.909693212323
"Southern_California_Current",1977,13.9707510307638,14.0853035915992,14.0204412273028,14.0929921690225,13.9536822782206,13.3500582560414
"Southern_California_Current",1978,14.1998561524345,14.2104551105856,14.130553750645,13.8143723874188,13.2604877456143,13.5379892200837
"Southern_California_Current",1979,14.2210540687367,14.2129836293945,14.2086078037411,12.7066031038097,13.4175234634442,13.5498064381024
"Southern_California_Current",1980,14.2049131900522,14.2238121365319,14.2228927806002,14.1284438230788,13.9630332371603,13.5442231927101
"Southern_California_Current",1981,14.2427110830117,14.141781425171,14.1628253467981,13.7976226512418,13.5066278662819,13.7138998518808
"Southern_California_Current",1982,14.0408517673304,14.5100461675514,14.4209344727049,13.2156330813219,13.6881416236817,13.724635299535
"Southern_California_Current",1983,14.9792405677725,14.6229898056164,14.4289437928544,14.1606501660414,14.0843140685765,13.7947537394917
"Southern_California_Current",1984,14.2667390434603,13.9587029456583,14.2988821530297,14.0079779711117,13.3663240214365,13.6310994029714
"Southern_California_Current",1985,13.6506668478564,13.9315366418193,14.0432707756996,12.7246700717613,12.9463313806419,13.3002135774652
"Southern_California_Current",1986,14.2124064357823,14.2538511313841,14.0527897035415,13.1679926895225,13.4143283039939,13.184442226583
"Southern_California_Current",1987,14.295295826986,14.0482971357336,14.1030002357498,13.6606639184653,13.4323138240687,13.34420677922
"Southern_California_Current",1988,13.8012984444811,13.8225866111293,13.9801563497482,13.203963729672,12.7637771776719,13.062739424603
"Southern_California_Current",1989,13.8438747777774,14.0138859550885,13.9430234515527,12.3235906256717,12.8729825259323,12.9833095938455
"Southern_California_Current",1990,14.1838971323995,13.7624703160417,13.7896051366203,13.4223744261929,13.2044945639954,12.9108599178875
"Southern_California_Current",1991,13.341043499684,14.1658911567454,14.1718931486301,12.9866147017979,13.1530004546407,13.2427917784915
"Southern_California_Current",1992,14.9907388138068,14.7047743979721,14.2501974318761,13.3193862074836,13.5516159775515,13.363282218967
"Southern_California_Current",1993,14.4188099821373,14.3557757494367,14.5674301042267,13.7838457476194,13.7160783023504,13.5838476040615
"Southern_California_Current",1994,14.292741516736,14.4394089239141,14.4325426099885,13.6483108570814,13.640928092572,13.6885673109212
"Southern_California_Current",1995,14.5860763310922,14.4534505198323,14.3998808521335,13.6335453280626,13.8394357958904,13.7757274829541
"Southern_California_Current",1996,14.3208247085724,14.7389845006069,14.6880151107687,14.0453262637182,13.6710558634682,13.6585523516664
"Southern_California_Current",1997,15.1571442926414,14.8908688199314,14.700854116145,13.2967854632182,14.076488094887,14.0661008178307
"Southern_California_Current",1998,14.6245933472213,13.9816151384138,14.373458189823,14.8561907265558,13.7554975443726,13.6025935173211
"Southern_California_Current",1999,13.3386369296063,13.6929705519069,14.0035114836784,12.6548043621894,12.9081669983147,13.5575082410617
"Southern_California_Current",2000,14.0473041742076,13.8150892709629,13.656271823844,13.16152963444,12.9812651835453,12.87244490976
"Southern_California_Current",2001,13.5828743677182,13.5319648195342,13.7037446044253,12.8010007326506,12.7764898661985,12.9048364556124
"Southern_California_Current",2002,13.4810552713501,13.9016978066664,13.795423327017,12.7519789997465,13.246363366539,13.0979091552428
"Southern_California_Current",2003,14.3223403419827,14.3054269146825,14.030636366905,13.7407477333315,13.4570658713805,13.2220369141692
"Southern_California_Current",2004,14.2885134873823,14.2795474483349,14.2938117462175,13.1733840094295,13.3403707591237,13.4738297505263
"Southern_California_Current",2005,14.2705814092875,14.2411107027136,14.2569116309365,13.5073575088179,13.436585454537,13.3488516395012
"Southern_California_Current",2006,14.2116399961397,13.9785453412401,14.0758906972559,13.3658134002561,13.1846080131109,13.2921911783466
"Southern_California_Current",2007,13.7454506863405,13.5740439793054,13.7865759849168,13.0034026259658,12.6376943438547,12.8804006959885
"Southern_California_Current",2008,13.4026372722703,13.5225244302242,13.596833182263,12.2719860617437,12.5802586314856,12.7213066296456
"Southern_California_Current",2009,13.6424115881782,13.6604590462411,13.5745184549175,12.8885312012274,13.0997289686668,12.8238146663591
"Southern_California_Current",2010,13.6785065043041,13.6835207517154,13.669817697203,13.3109267361061,13.08838313905,13.0217658264425
"Southern_California_Current",2011,13.6885349991267,13.7570711438271,13.7308829306528,12.8658395419939,13.0416434957966,13.1314045758998
"Southern_California_Current",2012,13.8256072885275,13.8209937003267,13.7768407999267,13.2174474495992,13.1641702215714,13.0647266617122
"Southern_California_Current",2013,13.8163801121259,14.5682078478654,14.3206743280861,13.1108929935435,13.2077199371417,13.2109624412942
"Southern_California_Current",2014,15.3200355836048,15.5438678415603,14.9680385984155,13.3045468807399,14.3667148011812,13.9481075319686
"Southern_California_Current",2015,15.7677000995157,15.2564203958174,15.2776254584132,15.4288827216224,14.8997535652813,14.3680180037675
"Southern_California_Current",2016,14.745140692119,14.7014932386714,15.0568955256195,14.3706244089401,14.1084711645531,14.5486083502429
"Southern_California_Current",2017,14.6578457852238,14.7452177277647,14.7451920492161,13.8463179201661,13.9891749024818,14.1163247379679
"Southern_California_Current",2018,14.8325896703056,14.7217847632563,14.7004717705788,14.1320318847976,14.0630176983566,13.9907844389597
"Southern_California_Current",2019,14.6109798562071,14.537887580681,14.6361216105558,13.9940035119156,13.7308340213499,13.8645666424991
"Southern_California_Current",2020,14.4647953051548,14.2413239911391,14.3645426128284,13.4676645307842,13.2528238374517,13.4998837289397
"Southern_California_Current",2021,14.0178526771233,NA,NA,13.0379831441192,NA,NA
